Sr. No,CGHS Code,CGHS TREATMENT PROCEDURE/INVESTIGATION LIST,Non-NABH,NABH,Super Speciality,Speciality Classification
1,CN001,Consultation OPD,350,350,350,Consultation
2,CN002,Consultation for Inpatients,350,350,350,Consultation
3,CN003,Consultation OPD – Super speciality/Psychiatry,700,700,700,Consultation
4,LB001,"Urine Routine- pH, Specific Gravity, Sugar, Protein and Microscopy",85,100,100,Laboratory Investigation
5,LB002,Urine Microalbumin,207,243,243,Laboratory Investigation
6,LB003,Stool Routine and Microscopy,68,80,80,Laboratory Investigation
7,LB004,Stool for Occult Blood,85,100,100,Laboratory Investigation
8,LB005,Post Coital Smear Examination,340,400,400,Laboratory Investigation
9,LB006,Semen Analysis (Automated/Manual),213,250,250,Laboratory Investigation
10,LB007,Haemoglobin (Hb),43,50,50,Laboratory Investigation
11,LB008,Total Leucocytic Count (TLC),43,50,50,Laboratory Investigation
12,LB009,Differential Leucocytic Count (DLC),85,100,100,Laboratory Investigation
13,LB010,Erythrocyte Sedimentation Rate (ESR),85,100,100,Laboratory Investigation
14,LB011,"Total Red Cell count with MCV,MCH,MCHC,DRW",43,50,50,Laboratory Investigation
15,LB012,"Complete Haemogram/CBC, Hb, RBC Count and Indices, TLC, DLC, Platelet,
ESR, Peripheral Smear Examination)",255,300,300,Laboratory Investigation
16,LB013,Platelet Count,85,100,100,Laboratory Investigation
17,LB014,Reticulocyte Count,85,100,100,Laboratory Investigation
18,LB015,Absolute Eosinophil Count (AEC),85,100,100,Laboratory Investigation
19,LB016,Packed Cell Volume (PCV),43,50,50,Laboratory Investigation
20,LB017,Peripheral Smear Examination,85,100,100,Laboratory Investigation
21,LB018,Smear for Malaria/Filaria Parasite,85,100,100,Laboratory Investigation
22,LB019,Bleeding Time,43,50,50,Laboratory Investigation
23,LB020,Clotting Time,43,50,50,Laboratory Investigation
24,LB021,Osmotic Fragility Test,255,300,300,Laboratory Investigation
25,LB022,Bone Marrow Smear Examination,298,350,350,Laboratory Investigation
26,LB023,Bone Marrow Smear Examination with Iron Stain,680,800,800,Laboratory Investigation
27,LB024,Bone Marrow Smear Examination and Cytochemistry,10200,12000,12000,Laboratory Investigation
28,LB025,Activated Partial Thromboplastin Time (APTT),247,290,290,Laboratory Investigation
29,LB026,Rapid Test for Malaria (Card Test)/QBC Malaria Test,85,100,100,Laboratory Investigation
30,LB027,"Bleeding Disorder Panel- PT, APTT, Thrombin Time Fibrinogen, D-Dimer/
Fibrinogen Degradation Products (FDP)",680,800,800,Laboratory Investigation
31,LB028,Factor Assays-Factor VIII,1275,1500,1500,Laboratory Investigation
32,LB029,Factor Assays-Factor IX,1275,1500,1500,Laboratory Investigation
33,LB030,Platelet Function Tests,1075,1265,1265,Laboratory Investigation
34,LB031,"Tests for Hypercoagulable States- Protein C, Protein S, Antithrombin",2873,3380,3380,Laboratory Investigation
35,LB032,Tests for Lupus Anticoagulant,1105,1300,1300,Laboratory Investigation
36,LB033,"Tests for Antiphospholipid Antibody IgG, IgM (for Cardiolipin and B2
Glycoprotein 1)",850,1000,1000,Laboratory Investigation
37,LB034,Thalassemia Studies (Red Cell Indices and Hb HPLC),850,1000,1000,Laboratory Investigation
38,LB035,Tests for Sickling / Hb HPLC),850,1000,1000,Laboratory Investigation
39,LB036,Blood Group & Rh Type,77,90,90,Laboratory Investigation
40,LB037,Cross Match,170,200,200,Laboratory Investigation
41,LB038,Coomb’s Test - Direct,170,200,200,Laboratory Investigation
42,LB039,Coomb’s Test - Indirect,213,250,250,Laboratory Investigation
43,LB040,3 Cell Panel- Antibody Screening for Pregnant Female,893,1050,1050,Laboratory Investigation
44,LB041,11 Cells Panel for Antibody Identification,1942,2285,2285,Laboratory Investigation
45,LB042,Hepatitis B Surface Antigen (HBsAg),255,300,300,Laboratory Investigation
46,LB043,Hepatitis C Virus (HCV),425,500,500,Laboratory Investigation
47,LB044,Human Immunodeficiency Virus- HIV I and II,327,385,385,Laboratory Investigation
48,LB045,Venereal Disease Research Laboratory Test (VDRL),85,100,100,Laboratory Investigation
49,LB046,Rh Antibody Titre,255,300,300,Laboratory Investigation
50,LB047,Platelet Concentrate Test,850,1000,1000,Laboratory Investigation
51,LB048,Routine - H & E,463,545,545,Laboratory Investigation
52,LB049,Special Stain,170,200,200,Laboratory Investigation
53,LB050,Histopathology Examination (HPE) - Frozen Section,1275,1500,1500,Laboratory Investigation
54,LB051,Histopathology Examination (HPE) - Paraffin Section,425,500,500,Laboratory Investigation
55,LB052,Pap Smear,340,400,400,Laboratory Investigation
56,LB053,Body Fluid for Malignant cells,298,350,350,Laboratory Investigation
57,LB054,"Paroxysmal Nocturnal Haemoglobinuria (PNH) Panel- CD55, CD59",1275,1500,1500,Laboratory Investigation
58,LB055,Blood Glucose Random / Blood Glucose Fasting /Blood Glucose PP,34,40,40,Laboratory Investigation
59,LB056,"24 Hrs Urine for Proteins, Sodium, Creatinine",255,300,300,Laboratory Investigation
60,LB057,Blood Urea Nitrogen (BUN) / Urea,85,100,100,Laboratory Investigation
61,LB058,Serum Creatinine,85,100,100,Laboratory Investigation
62,LB059,Urine Bile Pigment and Salt,60,70,70,Laboratory Investigation
63,LB060,Urine Urobilinogen,60,70,70,Laboratory Investigation
64,LB061,Urine Ketones,60,70,70,Laboratory Investigation
65,LB062,Urine Occult Blood,60,70,70,Laboratory Investigation
66,LB063,Urine Total Proteins,60,70,70,Laboratory Investigation
67,LB064,Rheumatoid Factor / Rh Factor Test,638,750,750,Laboratory Investigation
68,LB065,Bence Jones Protein,85,100,100,Laboratory Investigation
69,LB066,Serum Uric Acid,128,150,150,Laboratory Investigation
70,LB067,Serum Bilirubin total & direct,128,150,150,Laboratory Investigation
71,LB068,Serum Iron,213,250,250,Laboratory Investigation
72,LB069,C-Reactive Protein (CRP),213,250,250,Laboratory Investigation
73,LB070,C-Reactive Protein (CRP) Quantitative,255,300,300,Laboratory Investigation
74,LB071,"Body Fluid (CSF/Ascitic Fluid etc.) Sugar, Protein etc.",255,300,300,Laboratory Investigation
75,LB072,Albumin,43,50,50,Laboratory Investigation
76,LB073,Creatinine Clearance,170,200,200,Laboratory Investigation
77,LB074,Serum Cholesterol,128,150,150,Laboratory Investigation
78,LB075,Total Iron Binding Capacity (TIBC),255,300,300,Laboratory Investigation
79,LB076,Glucose (Fasting & PP),68,80,80,Laboratory Investigation
80,LB077,Serum Calcium –Total,128,150,150,Laboratory Investigation
81,LB078,Serum Calcium – Ionic,510,600,600,Laboratory Investigation
82,LB079,Serum Phosphorus,128,150,150,Laboratory Investigation
83,LB080,Total Protein Albumin/Globulin Ratio (A/G Ratio),60,70,70,Laboratory Investigation
84,LB081,Immunoglobulin G (IgG),340,400,400,Laboratory Investigation
85,LB082,Immunoglobulin M(IgM),340,400,400,Laboratory Investigation
86,LB083,Immunoglobulin A(IgA),340,400,400,Laboratory Investigation
87,LB084,Antinuclear Antibody (ANA),557,655,655,Laboratory Investigation
88,LB085,Anti-double stranded DNA (anti-dsDNA),680,800,800,Laboratory Investigation
89,LB086,"Serum Glutamic Pyruvic Transaminase (SGPT) / Alanine Aminotransferase
(ALT)",85,100,100,Laboratory Investigation
90,LB087,"Serum Glutamic Oxaloacetic Transaminase (SGOT) /Aspartate Aminotransferase
(AST)",85,100,100,Laboratory Investigation
91,LB088,Serum Amylase,255,300,300,Laboratory Investigation
92,LB089,Serum Lipase,340,400,400,Laboratory Investigation
93,LB090,Serum Lactate,425,500,500,Laboratory Investigation
94,LB091,Serum Magnesium,255,300,300,Laboratory Investigation
95,LB092,Serum Sodium,102,120,120,Laboratory Investigation
96,LB093,Serum Potassium,102,120,120,Laboratory Investigation
97,LB094,Chloride,128,150,150,Laboratory Investigation
98,LB095,Serum Bicarbonate,170,200,200,Laboratory Investigation
99,LB096,Serum Ammonia,570,670,670,Laboratory Investigation
100,LB097,"Anaemia Profile (Hb, Serum Iron, TIBC, Ferritin, Transferrin Saturation,Stool
Occult Blood, CBC, Reticulocyte Count)",1122,1320,1320,Laboratory Investigation
101,LB098,Serum Testosterone,340,400,400,Laboratory Investigation
102,LB099,Imprint Smear from Endoscopy,850,1000,1000,Laboratory Investigation
103,LB100,Triglycerides,128,150,150,Laboratory Investigation
104,LB101,Glucose Tolerance Test (GTT),255,300,300,Laboratory Investigation
105,LB102,"Triple Marker Test (AFP,HCG,UE3)",1275,1500,1500,Laboratory Investigation
106,LB103,Creatine Phosphokinase (CPK)/Creatine Kinase (CK),196,230,230,Laboratory Investigation
107,LB104,Foetal Haemoglobin (HbF),425,500,500,Laboratory Investigation
108,LB105,Prothrombin Time (PT)/ International normalized ratio (INR),213,250,250,Laboratory Investigation
109,LB106,Lactate dehydrogenase (LDH),187,220,220,Laboratory Investigation
110,LB107,Alkaline Phosphatase,128,150,150,Laboratory Investigation
111,LB108,Acid Phosphatase,128,150,150,Laboratory Investigation
112,LB109,CPK MB/CK MB,306,360,360,Laboratory Investigation
113,LB110,CK MB Mass/CPK MB Mass,306,360,360,Laboratory Investigation
114,LB111,Troponin I,595,700,700,Laboratory Investigation
115,LB112,Troponin T,595,700,700,Laboratory Investigation
116,LB113,Glucose-6-Phosphate Dehydrogenase (G6PD),255,300,300,Laboratory Investigation
117,LB114,Lithium,298,350,350,Laboratory Investigation
118,LB115,Dilantin (Phenytoin),510,600,600,Laboratory Investigation
119,LB116,Carbamazepine.,595,700,700,Laboratory Investigation
120,LB117,Cyclosporine,2125,2500,2500,Laboratory Investigation
121,LB118,Valproic acid.,510,600,600,Laboratory Investigation
122,LB119,Blood gas analysis / Arterial Blood Gas (ABG),476,560,560,Laboratory Investigation
123,LB120,Blood gas analysis / Arterial Blood Gas (ABG) with electrolytes,680,800,800,Laboratory Investigation
124,LB121,Urine Pregnancy Test(UPT),85,100,100,Laboratory Investigation
125,LB122,Glycosylated Haemoglobin (HbA1c),255,300,300,Laboratory Investigation
126,LB123,"Kidney Function Test (KFT)- (Sr.Creatinine,Blood Urea,BUN,Sr.Uric
Acid,Sr.Sodium,Sr.Potassium,Urine R/E)",425,500,500,Laboratory Investigation
127,LB124,Liver Function Test (LFT),425,500,500,Laboratory Investigation
128,LB125,"Lipid Profile (Total cholesterol ,Triglycerides, LDL, HDL,VLDL)",417,490,490,Laboratory Investigation
129,LB126,Serum Ferritin,298,350,350,Laboratory Investigation
130,LB127,Vitamin B12 Assay.,510,600,600,Laboratory Investigation
131,LB128,Folic Acid Assay.,553,650,650,Laboratory Investigation
132,LB129,"Extended Lipid Profile. (Total cholesterol, LDL,HDL, Triglycerides Apo A1, Apo
B,Lp (a) )",850,1000,1000,Laboratory Investigation
133,LB130,Apolipoprotein A1 (ApoA1),340,400,400,Laboratory Investigation
134,LB131,Apolipoprotein B (Apo B),340,400,400,Laboratory Investigation
135,LB132,Lipoprotein A / Lp A,340,400,400,Laboratory Investigation
136,LB133,"CD 3,4 and 8 Counts",1054,1240,1240,Laboratory Investigation
137,LB134,"CD 3,4 and 8 Percentage",1284,1510,1510,Laboratory Investigation
138,LB135,Low Density Lipoprotein (LDL),128,150,150,Laboratory Investigation
139,LB136,Homocysteine,553,650,650,Laboratory Investigation
140,LB137,Serum Electrophoresis,595,700,700,Laboratory Investigation
141,LB138,Fibrinogen,425,500,500,Laboratory Investigation
142,LB139,Gamma-Glutamyl Transpeptidase (GGTP),128,150,150,Laboratory Investigation
143,LB140,Fructosamine,425,500,500,Laboratory Investigation
144,LB141,Beta 2 microglobulin (B2M) /β2 microglobulin,510,600,600,Laboratory Investigation
145,LB142,Prostate Specific Antigen (PSA)- Total,404,475,475,Laboratory Investigation
146,LB143,Prostate-Specific Antigen (PSA) - Free,680,800,800,Laboratory Investigation
147,LB144,Alpha Fetoprotein (AFP),468,550,550,Laboratory Investigation
148,LB145,Human Chorionic Gonadotropin (HCG)/ Beta HCG,383,450,450,Laboratory Investigation
149,LB146,Cancer Antigen 125 (CA 125),680,800,800,Laboratory Investigation
150,LB147,Cancer Antigen 19.9 (CA 19.9),680,800,800,Laboratory Investigation
151,LB148,Cancer Antigen 15.3 (CA 15.3),680,800,800,Laboratory Investigation
152,LB149,Vanillylmandelic Acid (VMA),1360,1600,1600,Laboratory Investigation
153,LB150,Calcitonin,1020,1200,1200,Laboratory Investigation
154,LB151,Carcinoembryonic Antigen (CEA),510,600,600,Laboratory Investigation
155,LB152,Direct Immunofluorescence (Skin and Kidney Disease etc),1020,1200,1200,Laboratory Investigation
156,LB153,Indirect (anti ds DNA Anti Smith ANCA),1020,1200,1200,Laboratory Investigation
157,LB154,Calcidiol / 25-hydroxycholecalciferol / Vitamin D3 assay (Vit D3),850,1000,1000,Laboratory Investigation
158,LB155,Serum Protein electrophoresis with immunofixation electrophoresis (IFE),595,700,700,Laboratory Investigation
159,LB156,Anti-Cyclic Citrullinated Peptide (Anti CCP),765,900,900,Laboratory Investigation
160,LB157,"Anti-tissue Transglutaminase antibody (Anti TTG Antibody) / Tissue
Transglutaminase IgA (tTg-IgA)",680,800,800,Laboratory Investigation
161,LB158,Serum Erythropoietin,1020,1200,1200,Laboratory Investigation
162,LB159,Adrenocorticotropic Hormone (ACTH),1020,1200,1200,Laboratory Investigation
163,LB160,"T3, T4, TSH -Thyroid Function Test (TFT)",383,450,450,Laboratory Investigation
164,LB161,Thyroid stimulating hormone (TSH),170,200,200,Laboratory Investigation
165,LB162,Luteinizing hormone (LH),340,400,400,Laboratory Investigation
166,LB163,Follicle stimulating hormone (FSH),340,400,400,Laboratory Investigation
167,LB164,Prolactin,340,400,400,Laboratory Investigation
168,LB165,Cortisol,468,550,550,Laboratory Investigation
169,LB166,PTH(Parathormone),850,1000,1000,Laboratory Investigation
170,LB167,C-Peptide (Connecting Peptide),638,750,750,Laboratory Investigation
171,LB168,Insulin,425,500,500,Laboratory Investigation
172,LB169,Progesterone,340,400,400,Laboratory Investigation
173,LB170,17 Hydroxyprogesterone (17 OH Progesterone),638,750,750,Laboratory Investigation
174,LB171,Dehydroepiandrosterone sulfate (DHEAS),850,1000,1000,Laboratory Investigation
175,LB172,Androstenedione,850,1000,1000,Laboratory Investigation
176,LB173,Growth Hormone,510,600,600,Laboratory Investigation
177,LB174,Thyroid peroxidase antibody (TPO),595,700,700,Laboratory Investigation
178,LB175,Thyroglobulin.,595,700,700,Laboratory Investigation
179,LB176,Hydatid Serology,697,820,820,Laboratory Investigation
180,LB177,Anti Sperm Antibodies.,765,900,900,Laboratory Investigation
181,LB178,Hepatitis B Virus (HBV) DNA Qualitative,2125,2500,2500,Laboratory Investigation
182,LB179,Hepatitis B Virus (HBV) DNA Quantitative.,2975,3500,3500,Laboratory Investigation
183,LB180,Hepatitis C Virus (HCV) RNA Qualitative.,2550,3000,3000,Laboratory Investigation
184,LB181,Human papillomavirus (HPV) Serology,1360,1600,1600,Laboratory Investigation
185,LB182,Rota Virus serology,340,400,400,Laboratory Investigation
186,LB183,Mantoux Test,170,200,200,Laboratory Investigation
187,LB184,ADA( Adenosine deaminase),553,650,650,Laboratory Investigation
188,LB185,GeneXpert Test (Tuberculosis),880,1035,1035,Laboratory Investigation
189,LB186,QuantiFERON TB Gold,2125,2500,2500,Laboratory Investigation
190,LB187,PCR for Tuberculosis (TB),1020,1200,1200,Laboratory Investigation
191,LB188,PCR for Human immunodeficiency virus (HIV),1530,1800,1800,Laboratory Investigation
192,LB189,Chlamydia antigen,850,1000,1000,Laboratory Investigation
193,LB190,Chlamydia antibody,723,850,850,Laboratory Investigation
194,LB191,Brucella serology,383,450,450,Laboratory Investigation
195,LB192,Influenza A serology,850,1000,1000,Laboratory Investigation
196,LB193,Acetylcholine receptor (AChR) antibody titre,3825,4500,4500,Laboratory Investigation
197,LB194,Anti muscle specific receptor tyrosine kinase (Anti MuSK) antibody titre,5695,6700,6700,Laboratory Investigation
198,LB195,Serum Copper,553,650,650,Laboratory Investigation
199,LB196,Serum Ceruloplasmin,553,650,650,Laboratory Investigation
200,LB197,Urinary copper,714,840,840,Laboratory Investigation
201,LB198,Serum phenobarbitone level,510,600,600,Laboratory Investigation
202,LB199,Coagulation profile,638,750,750,Laboratory Investigation
203,LB200,D-Dimer,425,500,500,Laboratory Investigation
204,LB201,"CSF/Any Body Fluid for Basic studies including cell count, protein, sugar, gram
stain, India Ink preparation and smear for AFB",298,350,350,Laboratory Investigation
205,LB202,PCR for Herpes simplex,1190,1400,1400,Laboratory Investigation
206,LB203,Bacterial culture and sensitivity - Aerobic,391,460,460,Laboratory Investigation
207,LB204,Bacterial culture and sensitivity - Anaerobic,595,700,700,Laboratory Investigation
208,LB205,Mycobacterial culture and sensitivity,468,550,550,Laboratory Investigation
209,LB206,Fungal culture,421,495,495,Laboratory Investigation
210,LB207,Anti measles antibody titre (with serum antibody titre),1020,1200,1200,Laboratory Investigation
211,LB208,Viral culture,510,600,600,Laboratory Investigation
212,LB209,"Antibody titre (Herpes simplex, cytomegalovirus, flavivirus, zoster varicella
virus)",1785,2100,2100,Laboratory Investigation
213,LB210,Oligoclonal bands (OCBs),1913,2250,2250,Laboratory Investigation
214,LB211,Myelin basic protein (MBP),2975,3500,3500,Laboratory Investigation
215,LB212,Cryptococcal antigen,1275,1500,1500,Laboratory Investigation
216,LB213,D Xylose test,935,1100,1100,Laboratory Investigation
217,LB214,Faecal / Faecal fat test/ faecal chymotrypsin/ faecal elastase,850,1000,1000,Laboratory Investigation
218,LB215,H pylori serology for Coeliac disease /Celiac disease,1020,1200,1200,Laboratory Investigation
219,LB216,HBV genotyping,2444,2875,2875,Laboratory Investigation
220,LB217,HCV genotyping,4765,5606,5606,Laboratory Investigation
221,LB218,Urinary Vanillylmandelic Acid (VMA),1857,2185,2185,Laboratory Investigation
222,LB219,Urinary metanephrine/Normetanephrine,2465,2900,2900,Laboratory Investigation
223,LB220,Urinary free catecholamine,2125,2500,2500,Laboratory Investigation
224,LB221,Serum aldosterone,1530,1800,1800,Laboratory Investigation
225,LB222,24 Hr urinary aldosterone,1275,1500,1500,Laboratory Investigation
226,LB223,Plasma renin activity,1360,1600,1600,Laboratory Investigation
227,LB224,Serum aldosterone/renin ratio,1275,1500,1500,Laboratory Investigation
228,LB225,Osmolality urine,383,450,450,Laboratory Investigation
229,LB226,Osmolality serum,383,450,450,Laboratory Investigation
230,LB227,Urinary sodium,128,150,150,Laboratory Investigation
231,LB228,Urinary Chloride,128,150,150,Laboratory Investigation
232,LB229,Urinary potassium,128,150,150,Laboratory Investigation
233,LB230,Urinary calcium,128,150,150,Laboratory Investigation
234,LB231,Thyroid binding globulin,935,1100,1100,Laboratory Investigation
235,LB232,24-hour urinary free cortisol,638,750,750,Laboratory Investigation
236,LB233,Islet cell antibody,1020,1200,1200,Laboratory Investigation
237,LB234,Glutamic Acid Decarboxylase Autoantibodies test (GAD antibodies),1700,2000,2000,Laboratory Investigation
238,LB235,Insulin associated antibody,833,980,980,Laboratory Investigation
239,LB236,Insulin-like growth factor-1 (IGF-1),1870,2200,2200,Laboratory Investigation
240,LB237,Insulin-like growth factor binding protein 3 (IGF- BP3),1955,2300,2300,Laboratory Investigation
241,LB238,Sex hormone binding globulin,1309,1540,1540,Laboratory Investigation
242,LB239,Estradiol (E2),340,400,400,Laboratory Investigation
243,LB240,Thyroglobulin antibody,595,700,700,Laboratory Investigation
244,LB241,"Kappa Lambda Light Chains, Free, Serum/ Serum free light chains (SFLC)",3421,4025,4025,Laboratory Investigation
245,LB242,Serum IgE Level,323,380,380,Laboratory Investigation
246,LB243,N-terminal pro BNP (NT-pro BNP / Brain natriuretic peptide (BNP),1760,2070,2070,Laboratory Investigation
247,LB244,HCV RNA Quantitative,1568,1845,1845,Laboratory Investigation
248,LB245,Tacrolimus Level,2248,2645,2645,Laboratory Investigation
249,LB246,"Protein Creatinine Ratio (PCR), Urine / Albumin Creatinine Ratio (ACR), Urine",129,152,152,Laboratory Investigation
250,LB247,HLA B27 (PCR),489,575,575,Laboratory Investigation
251,LB248,Procalcitonin,1760,2070,2070,Laboratory Investigation
252,LB249,TORCH Test,1095,1288,1288,Laboratory Investigation
253,LB250,Anti –Smooth Muscle Antibody Test (ASMA),1241,1460,1460,Laboratory Investigation
254,LB251,C ANCA-IFA,1275,1500,1500,Laboratory Investigation
255,LB252,P ANCA-IFA,1275,1500,1500,Laboratory Investigation
256,LB253,Angiotensin converting enzyme (ACE),850,1000,1000,Laboratory Investigation
257,LB254,Extractable Nuclear Antigens (ENA) - Quantitative,3910,4600,4600,Laboratory Investigation
258,LB255,Chromogranin A,4250,5000,5000,Laboratory Investigation
259,LB256,Faecal calprotectin,2321,2730,2730,Laboratory Investigation
260,LB257,C3-COMPLEMENT,553,650,650,Laboratory Investigation
261,LB258,C4-COMPLEMENT,553,650,650,Laboratory Investigation
262,LB259,H1N1 (RT-PCR),921,1084,1084,Laboratory Investigation
263,LB260,Anti HEV IgM,850,1000,1000,Laboratory Investigation
264,LB261,Anti HAV IgM,638,750,750,Laboratory Investigation
265,LB262,HBsAg Quantitative,553,650,650,Laboratory Investigation
266,LB263,Typhidot IgM,340,400,400,Laboratory Investigation
267,LB264,Hepatitis B Core Antibody (HBcAb) Level (Hepatitis B Core IgM Antibody),408,480,480,Laboratory Investigation
268,LB265,Hepatitis B surface antibody (anti HBs),553,650,650,Laboratory Investigation
269,LB266,Free Triiodothyronine (FT3),106,125,125,Laboratory Investigation
270,LB267,Free Thyroxine (FT4),106,125,125,Laboratory Investigation
271,LB268,Widal Test,60,70,70,Laboratory Investigation
272,LB269,Dengue NS1 Ag,340,400,400,Laboratory Investigation
273,LB270,Dengue IgM and Ig G,680,800,800,Laboratory Investigation
274,LB271,Interleukin 6 (IL 6),1360,1600,1600,Laboratory Investigation
275,LB272,Covid Antibody Test,595,700,700,Laboratory Investigation
276,LB273,Cryoglobulins,850,1000,1000,Laboratory Investigation
277,LB274,Cytogenetics,4250,5000,5000,Laboratory Investigation
278,LB275,Plasma Free Normetanephrine,1955,2300,2300,Laboratory Investigation
279,LB276,Plasma Metanephrines,1955,2300,2300,Laboratory Investigation
280,LB277,PLA2 receptor antibody quantitative,3570,4200,4200,Laboratory Investigation
281,LB278,Allergic Bronchopulmonary Aspergillosis (ABPA) Panel,2465,2900,2900,Laboratory Investigation
282,LB279,Allergy Food Screening Panel,5100,6000,6000,Laboratory Investigation
283,LB280,AMA (Anti Mitochondrial Antibody),850,1000,1000,Laboratory Investigation
284,LB281,AMH (Anti- Mullerian Hormone),850,1000,1000,Laboratory Investigation
285,LB282,ANA BLOT,2550,3000,3000,Laboratory Investigation
286,LB283,ANA Profile,2550,3000,3000,Laboratory Investigation
287,LB284,Anti GBM (Glomerular Basement Membrane) Antibody,1275,1500,1500,Laboratory Investigation
288,LB285,Anti LKM (Liver Kidney Microsome) Ab,1275,1500,1500,Laboratory Investigation
289,LB286,Anti Parietal Cell Antibodies,1700,2000,2000,Laboratory Investigation
290,LB287,Anti Intrinsic Factor Antibodies,1700,2000,2000,Laboratory Investigation
291,LB288,ASO Titre /ASLO Titre,459,540,540,Laboratory Investigation
292,LB289,Aspergillus Fumigatus Specific IgE,1318,1550,1550,Laboratory Investigation
293,LB290,Autoimmune Encephalitis Panel,14450,17000,17000,Laboratory Investigation
294,LB291,Autoimmune Hepatitis Profile,2516,2960,2960,Laboratory Investigation
295,LB292,Beta-D-Glucan Assay,12750,15000,15000,Laboratory Investigation
296,LB293,C1 Esterase inhibitor (Quantitative ),2040,2400,2400,Laboratory Investigation
297,LB294,CMV Quantitative (Viral load) Test,1955,2300,2300,Laboratory Investigation
298,LB295,"Double Marker (Beta-hCG,PAPP-A)",1700,2000,2000,Laboratory Investigation
299,LB296,"Quadruple test (AFP,HCG,UE3,Inhibin A)",2040,2400,2400,Laboratory Investigation
300,LB297,HBeAb (Hepatitis B envelope Antibody),306,360,360,Laboratory Investigation
301,LB298,HBeAg (Hepatitis B envelope Antigen),306,360,360,Laboratory Investigation
302,LB299,HIAA 24 Hours Urinary,1955,2300,2300,Laboratory Investigation
303,LB300,HIV Viral Load by PCR,4250,5000,5000,Laboratory Investigation
304,LB301,HSV 1 & 2 IgG,697,820,820,Laboratory Investigation
305,LB302,Hypersensitive Pneumonitis Panel,6120,7200,7200,Laboratory Investigation
306,LB303,IgG4,1700,2000,2000,Laboratory Investigation
307,LB304,Inhibin A,765,900,900,Laboratory Investigation
308,LB305,Inhibin B,1615,1900,1900,Laboratory Investigation
309,LB306,Scrub Typhus IgM,1360,1600,1600,Laboratory Investigation
310,LB307,Interferon Gamma Release Assay (IGRA),2550,3000,3000,Laboratory Investigation
311,LB308,KOH Mount,128,150,150,Laboratory Investigation
312,LB309,Serum AMA M2 (IFA Method),1700,2000,2000,Laboratory Investigation
313,LB310,Serum Gastrin,1020,1200,1200,Laboratory Investigation
314,LB311,Serum Haptoglobin Levels,850,1000,1000,Laboratory Investigation
315,LB312,Skin Prick Test for Allergy,1530,1800,1800,Laboratory Investigation
316,LB313,Myositis Profile (Up to 16 Antigens),6800,8000,8000,Laboratory Investigation
317,LB314,Paraneoplastic Panel,8500,10000,10000,Laboratory Investigation
318,LB315,TSH Receptor Antibody,1020,1200,1200,Laboratory Investigation
319,LB316,Anti-Nuclear Antibodies - IFA,1360,1600,1600,Laboratory Investigation
320,LB317,Autoimmune Liver Diseases Profile,4250,5000,5000,Laboratory Investigation
321,LB318,Citrate Urine 24 Hour,978,1150,1150,Laboratory Investigation
322,LB319,Comprehensive Allergy Panel,5950,7000,7000,Laboratory Investigation
323,LB320,Comprehensive Myeloma Protein Panel,5950,7000,7000,Laboratory Investigation
324,LB321,DCP (DES Gamma-Carboxy- Prothrombin),2848,3350,3350,Laboratory Investigation
325,LB322,Desmoglein (DSG) 1 And 3 Antibody,4590,5400,5400,Laboratory Investigation
326,LB323,Galactomannan,2644,3110,3110,Laboratory Investigation
327,LB324,SCL 70 Antibody,1428,1680,1680,Laboratory Investigation
328,LB325,Serum Chromogranin A,3230,3800,3800,Laboratory Investigation
329,LB326,SSA- Antibody Ro Serum Test,1233,1450,1450,Laboratory Investigation
330,LB327,SSB- Antibody La Serum Test,1233,1450,1450,Laboratory Investigation
331,LB328,Stool for Clostridium difficile Toxin,2414,2840,2840,Laboratory Investigation
332,LB329,TPHA,340,400,400,Laboratory Investigation
333,LB330,UGT1A1 Gene Analysis,5100,6000,6000,Laboratory Investigation
334,LB331,Urine For Myoglobin,468,550,550,Laboratory Investigation
335,LB332,Leptospira Ig M,850,1000,1000,Laboratory Investigation
336,LB333,Chikungunya Ig M,850,1000,1000,Laboratory Investigation
337,LB334,Weil Felix Agglutination Test,425,500,500,Laboratory Investigation
338,LB335,Continuous Glucose Monitoring for 2 Weeks,3400,4000,4000,Laboratory Investigation
339,RI001,2D echocardiography,1254,1475,1475,General/Other
340,RI002,Fetal Echo,1360,1600,1600,General/Other
341,RI003,2D Transoesophageal Echocardiography (TEE),1403,1650,1650,General/Other
342,RI004,3D Transoesophageal Echocardiography (TEE),1403,1650,1650,General/Other
343,RI005,Stress Echo- exercise,2040,2400,2400,General/Other
344,RI006,Stress Echo- pharmacological / D Stress Echo,2550,3000,3000,General/Other
345,RI007,Stress Myocardial Perfusion Imaging (MPI)- exercise,7820,9200,9200,General/Other
346,RI008,Stress Myocardial Perfusion Imaging (MPI) - pharmacological,7820,9200,9200,General/Other
347,RI009,CT Coronary Angiography including Calcium Score Test,7820,9200,9200,General/Other
348,RI010,Cardiac CT scan,5525,6500,6500,General/Other
349,RI011,MRI Cardiac,6800,8000,8000,General/Other
350,RI012,Stress Cardiac MRI,7820,9200,9200,General/Other
351,RI013,Cardiac PET,7820,9200,9200,General/Other
352,RI014,"USG Transvaginal sonography (TVS for Follicular
monitoring /aspiration) /TVS for follicular monitoring/pelvic pathology/ET
measurement",850,1000,1000,General/Other
353,RI015,"Growth scan (including BPP, AFI, Doppler)",1700,2000,2000,General/Other
354,RI016,1st trimester scan-dating scan/NT scan/Early pregnancy scan,595,700,700,General/Other
355,RI017,"USG Colour Doppler Pregnancy / Fetal Doppler/Umbilical Doppler/Uterine
Vessel
Doppler",1424,1675,1675,General/Other
356,RI018,Biophysical score / Biophysical profile test (BPP test),1275,1500,1500,General/Other
357,RI019,USG Obstetrics for Anomalies scan,1700,2000,2000,General/Other
358,RI020,USG Whole Abdomen Including Pelvis and post Void urine,680,800,800,General/Other
359,RI021,"Pelvic USG (gynae, infertility, prostate , KUB with post- void residual (PVR) etc
).",425,500,500,General/Other
360,RI022,"USG Small parts (scrotum, thyroid, parathyroid etc)",655,770,770,General/Other
361,RI023,"USG Large Parts (Joints/Chest,...etc)",680,800,800,General/Other
362,RI024,USG Neonatal spine,850,1000,1000,General/Other
363,RI025,USG Breast including relevant Lymph nodes- Bilateral/Unilateral,680,800,800,General/Other
364,RI026,USG Hysterosalpingography (HSG),2040,2400,2400,General/Other
365,RI027,Fibroscan Liver,978,1150,1150,General/Other
366,RI028,Carotid Doppler Bilateral,850,1000,1000,General/Other
367,RI029,Arterial Colour Doppler Bilateral,850,1000,1000,General/Other
368,RI030,Venous Colour Doppler Bilateral,850,1000,1000,General/Other
369,RI031,"Colour Doppler, renal arteries/any other organ",850,1000,1000,General/Other
370,RI032,X Ray Abdomen AP Supine or Erect (One film),213,250,250,General/Other
371,RI033,X Ray Abdomen Lateral view (one film),179,210,210,General/Other
372,RI034,X Ray Chest PA /AP/ Oblique view (one film),196,230,230,General/Other
373,RI035,X Ray Chest Lateral (one film),196,230,230,General/Other
374,RI036,"X Ray Mastoids: Towne view, oblique views (3 films)",425,500,500,General/Other
375,RI037,"X Ray Extremities (Hand/Leg/Feet/Finger/Toe) bones & Joints (Hip/ Knee/Ankle
/ shoulder/ Wrist / fingers/Toes, etc) AP & Lateral views (standing or weight
bearing)(Two films)",323,380,380,General/Other
376,RI038,X Ray Pelvis AP (one film),170,200,200,General/Other
377,RI039,X Ray Temporomandibular (TM) Joints (one film),213,250,250,General/Other
378,RI040,X Ray Abdomen & Pelvis for KUB,200,235,235,General/Other
379,RI041,"X Ray Skull AP & Lateral (2 films)/ Extra oral radiographs - All skull views,
TMJ, Lateral oblique [Dental]",340,400,400,General/Other
380,RI042,X Ray Spine AP & Lateral (2 films),340,400,400,General/Other
381,RI043,X Ray Paranasal sinuses (PNS) view (1 film),170,200,200,General/Other
382,RI044,Barium Swallow,1020,1200,1200,General/Other
383,RI045,Barium Upper GI study,1275,1500,1500,General/Other
384,RI046,Barium Upper GI study (Double contrast),1700,2000,2000,General/Other
385,RI047,Barium Meal follow through,1700,2000,2000,General/Other
386,RI048,Barium Enema (Single contrast/double contrast),1700,2000,2000,General/Other
387,RI049,Small bowel enteroclysis,1700,2000,2000,General/Other
388,RI050,"General:Fistulography / Sinography/Sialography/Dacrocystography/ T-Tube
cholangiogram/Nephrostogram",1080,1270,1270,General/Other
389,RI051,Intravenous Pyelography (IVP),1403,1650,1650,General/Other
390,RI052,Micturating Cystourethrography (MCU),952,1120,1120,General/Other
391,RI053,Retrograde Urethrography (RGU),952,1120,1120,General/Other
392,RI054,Contrast Hystero-Salpingography (HSG),1700,2000,2000,General/Other
393,RI055,X ray Arthrography,1700,2000,2000,General/Other
394,RI056,Ortho Scanogram,1437,1690,1690,General/Other
395,RI057,Cephalography,298,350,350,General/Other
396,RI058,Myelography,2125,2500,2500,General/Other
397,RI059,Diagnostic Digital Subtraction Angiography (DSA) cerebral vessels,11390,13400,13400,General/Other
398,RI060,X Ray Mammography – Bilateral/Unilateral,1169,1375,1375,General/Other
399,RI061,MRI Mammography,4250,5000,5000,General/Other
400,RI062,CT Scan Head/ Brain-Without Contrast / NCCT Head/Brain,880,1035,1035,General/Other
401,RI063,CT Scan Head / Brain- with Contrast -including CT angiography,1870,2200,2200,General/Other
402,RI064,CT Scan Chest - without contrast (for lungs),1700,2000,2000,General/Other
403,RI065,High Resolution computed Tomography (HRCT Chest),1700,2000,2000,General/Other
404,RI066,Contrast Enhanced Computed Tomograpy (CECT) Chest (Including CD),2444,2875,2875,General/Other
405,RI067,CT Scan Lower Abdomen (incl. Pelvis) With Contrast/ CT KUB with Contrast,3825,4500,4500,General/Other
406,RI068,"CT Scan Lower Abdomen (Incl. Pelvis) Without Contrast / CT KUB without
Contrast",2975,3500,3500,General/Other
407,RI069,CT Scan Whole Abdomen Without Contrast,2933,3450,3450,General/Other
408,RI070,CT Scan Whole Abdomen With Contrast,4399,5175,5175,General/Other
409,RI071,Triple Phase CT abdomen,4399,5175,5175,General/Other
410,RI072,CT Urography,3825,4500,4500,General/Other
411,RI073,CT Scan Angiography Chest,4399,5175,5175,General/Other
412,RI074,CT Scan Angiography Abdomen,4399,5175,5175,General/Other
413,RI075,CT Angiography Entire Aorta ( CT Aortogram),8500,10000,10000,General/Other
414,RI076,CT Scan Enteroclysis,5865,6900,6900,General/Other
415,RI077,CT Scan Neck – Without Contrast,2125,2500,2500,General/Other
416,RI078,CT Scan Neck – With Contrast,2975,3500,3500,General/Other
417,RI079,CT Angio-Neck Vessels,5100,6000,6000,General/Other
418,RI080,CT Scan Orbits - Without Contrast,1870,2200,2200,General/Other
419,RI081,CT Scan Orbits - With Contrast,2720,3200,3200,General/Other
420,RI082,CT Scan of Para Nasal Sinuses (CT PNS)- Without Contrast,1955,2300,2300,General/Other
421,RI083,CT Scan of Para Nasal Sinuses (CT PNS)- With Contrast,2805,3300,3300,General/Other
422,RI084,"CT Scan Spine (Cervical, Dorsal, Lumbar,Sacral)–without Contrast",2380,2800,2800,General/Other
423,RI085,CT Scan Temporal bone – without contrast,2125,2500,2500,General/Other
424,RI086,CT Scan / Cone Beam CT (CBCT) Dental,1275,1500,1500,General/Other
425,RI087,CT Scan Limbs -Without Contrast,2380,2800,2800,General/Other
426,RI088,CT Scan Limbs -With Contrast including CT angiography,4930,5800,5800,General/Other
427,RI089,MRI Head / Brain – Without Contrast,2338,2750,2750,General/Other
428,RI090,MRI Head / Brain– With Contrast,4250,5000,5000,General/Other
429,RI091,MRI Orbits – Without Contrast,1590,1870,1870,General/Other
430,RI092,MRI Orbits – With Contrast,4250,5000,5000,General/Other
431,RI093,MRI Nasopharynx and PNS – Without Contrast,2975,3500,3500,General/Other
432,RI094,MRI Nasopharynx and PNS – With Contrast,4250,5000,5000,General/Other
433,RI095,MR for Salivary Glands with Sialography/Maxillofacial MRI,4250,5000,5000,General/Other
434,RI096,MRI Neck - Without Contrast,2975,3500,3500,General/Other
435,RI097,MRI Neck- with contrast,4888,5750,5750,General/Other
436,RI098,MRI Shoulder – Without contrast,2975,3500,3500,General/Other
437,RI099,MRI Shoulder – With contrast,4250,5000,5000,General/Other
438,RI100,MRI shoulder both Joints - Without contrast,3400,4000,4000,General/Other
439,RI101,MRI Shoulder both joints – With contrast,5100,6000,6000,General/Other
440,RI102,MRI Wrist Single joint - Without contrast,2805,3300,3300,General/Other
441,RI103,MRI Wrist Single joint - With contrast,4250,5000,5000,General/Other
442,RI104,MRI Wrist both joints - Without contrast,3400,4000,4000,General/Other
443,RI105,MRI Wrist Both joints - With contrast,4888,5750,5750,General/Other
444,RI106,MRI knee Single joint - Without contrast,2550,3000,3000,General/Other
445,RI107,MRI knee Single joint - With contrast,4888,5750,5750,General/Other
446,RI108,MRI knee both joints - Without contrast,3400,4000,4000,General/Other
447,RI109,MRI knee both joints - With contrast,4888,5750,5750,General/Other
448,RI110,MRI Ankle Single joint - Without contrast,2975,3500,3500,General/Other
449,RI111,MRI Ankle single joint - With contrast,4250,5000,5000,General/Other
450,RI112,MRI Ankle both joints - With contrast,5525,6500,6500,General/Other
451,RI113,MRI Ankle both joints - Without contrast,2975,3500,3500,General/Other
452,RI114,MRI Hip - With contrast,4250,5000,5000,General/Other
453,RI115,MRI Hip – without contrast,2975,3500,3500,General/Other
454,RI116,MRI Pelvis – Without Contrast,2975,3500,3500,General/Other
455,RI117,MRI Pelvis – with contrast,4888,5750,5750,General/Other
456,RI118,MRI Extremities - With contrast,4888,5750,5750,General/Other
457,RI119,MRI Extremities - Without contrast,2975,3500,3500,General/Other
458,RI120,"MRI Temporomandibular – B/L - With contrast / MRI TMJ (Double Joint) with
contrast",4250,5000,5000,General/Other
459,RI121,"MRI Temporomandibular – B/L - Without contrast / MRI -TMJ(Double Joint)
without contrast",2975,3500,3500,General/Other
460,RI122,MR Temporal Bone/ Inner ear with contrast,4250,5000,5000,General/Other
461,RI123,MRI Temporal Bone/ Inner ear without contrast,2975,3500,3500,General/Other
462,RI124,MRI Abdomen – Without Contrast,2975,3500,3500,General/Other
463,RI125,MRI Abdomen – With Contrast,4888,5750,5750,General/Other
464,RI126,MRI-Prostate (Multi-parametric) (Including CD),5865,6900,6900,General/Other
465,RI127,MRI Breast - With Contrast,4250,5000,5000,General/Other
466,RI128,MRI Breast - Without Contrast,2975,3500,3500,General/Other
467,RI129,MRI whole Spine Screening- Without Contrast,1700,2000,2000,General/Other
468,RI130,MRI Chest – Without Contrast,2975,3500,3500,General/Other
469,RI131,MRI Chest – With Contrast,4250,5000,5000,General/Other
470,RI132,MRI Whole spine – Without Contrast,3740,4400,4400,General/Other
471,RI133,MRI Cervical/ Cervico Dorsal Spine – With Contrast,4250,5000,5000,General/Other
472,RI134,MRI Dorsal/ Dorso Lumbar Spine - Without Contrast,2975,3500,3500,General/Other
473,RI135,MRI Dorsal/ Dorso Lumbar Spine – With Contrast,4250,5000,5000,General/Other
474,RI136,MRI Lumbar/ Lumbo-Sacral Spine – Without Contrast,2975,3500,3500,General/Other
475,RI137,MRI Lumbar/ Lumbo-Sacral Spine – With Contrast,4888,5750,5750,General/Other
476,RI138,Whole body MRI (For oncological workup),7820,9200,9200,General/Other
477,RI139,MR cholecysto-pancreatography (MRCP),7225,8500,8500,General/Other
478,RI140,MRI Angiography - with contrast,4888,5750,5750,General/Other
479,RI141,MR Enteroclysis,4250,5000,5000,General/Other
480,RI142,MRI DEFECOGRAPHY,5950,7000,7000,General/Other
481,RI143,MRI FISTULOGRAM,3825,4500,4500,General/Other
482,RI144,MRI SPECTROSCOPY,2550,3000,3000,General/Other
483,RI145,Dexa Scan Bone Densitometry - Two sites,1700,2000,2000,General/Other
484,RI146,"Dexa Scan Bone Densitometry - Three sites (Spine, Hip &extremity)",2125,2500,2500,General/Other
485,RI147,Dexa Scan Bone Densitometry Whole body,2550,3000,3000,General/Other
486,PI001,"Pulmonary Function Test (PFT) / (Spirometry with Diffusing Capacity of the
Lungs for Carbon monoxide (DLCO)",425,500,500,General/Other
487,PI002,Lung Ventilation & Perfusion Scan (V/Q Scan),5100,6000,6000,General/Other
488,PI003,Lung Perfusion Scan,4250,5000,5000,General/Other
489,PI004,6 Minute Walk Test,425,500,500,General/Other
490,PI005,FeNO Breathing Test,612,720,720,General/Other
491,PP001,"Endo bronchial Ultrasound (EBUS) -Trans bronchial needle aspiration (TBNA) -
Excluding the cost of Needle",17000,20000,20000,General/Other
492,PP002,Video Bronchoscopy with BAL,9350,11000,11000,General/Other
493,NM001,Whole Body Bone Scan with SPECT.,4250,5000,5000,General/Other
494,NM002,Three phase whole body Bone Scan,5100,6000,6000,General/Other
495,NM003,Brain Perfusion SPECT Scan with Technetium 99m radiopharmaceuticals.,11390,13400,13400,General/Other
496,NM004,Radionuclide Cisternography for CSF leak,5780,6800,6800,General/Other
497,NM005,"Renal Cortical Scintigraphy with Technetium 99m Dimercaptosuccinic acid
(DMSA)/DTPA",3400,4000,4000,General/Other
498,NM006,Dynamic Renography.,3400,4000,4000,General/Other
499,NM007,Dynamic Renography with Diuretic.,3400,4000,4000,General/Other
500,NM008,Dynamic Renography with Captopril,5780,6800,6800,General/Other
501,NM009,Testicular Scan with Technetium 99m Pertechnetate,1445,1700,1700,General/Other
502,NM010,Thyroid Uptake measurements with 131-Iodine.,2125,2500,2500,General/Other
503,NM011,Thyroid Scan with Technetium 99m Pertechnetate,1615,1900,1900,General/Other
504,NM012,Iodine-131 Whole Body Scan,11390,13400,13400,General/Other
505,NM013,Whole Body Scan with MIBG,11390,13400,13400,General/Other
506,NM014,Parathyroid Scan,6218,7315,7315,General/Other
507,NM015,Scintimammography.,5100,6000,6000,General/Other
508,NM016,Indium labelled octreotide Scan,61200,72000,72000,General/Other
509,NM017,FDG Whole body PET CT Scan,12219,14375,14375,General/Other
510,NM018,Brain / Heart FDG PET CT Scan,12219,14375,14375,General/Other
511,NM019,Gallium-68 Peptide PET / CT imaging for Neuroendocrine Tumour,12219,14375,14375,General/Other
512,NM020,PSMA PET CT Scan,12750,15000,15000,General/Other
513,NM021,F-DOPA PET-CT scan,12750,15000,15000,General/Other
514,BY001,Skin Biopsy,1063,1250,1250,General/Other
515,BY002,Punch/Wedge biopsy,2550,3000,3000,General/Other
516,BY003,Excision Biopsy of Ulcers,4250,5000,5000,General/Other
517,BY004,Excision Biopsy of Superficial Lumps,7820,9200,9200,General/Other
518,BY005,Incision Biopsy of Growths/Ulcers,4250,5000,5000,General/Other
519,BY006,Bone Marrow Aspiration and Biopsy,7225,8500,8500,General/Other
520,BY007,Scalene Node Biopsy,7820,9200,9200,General/Other
521,BY008,Liver Biopsy,7225,8500,8500,General/Other
522,BY009,Muscle Biopsy,2125,2500,2500,General/Other
523,BY010,Trucut Needle Biopsy- (excluding the cost of Needle/Biopsy Gun if used),3273,3850,3850,General/Other
524,RP001,USG Guided Intervention- Diagnostic,850,1000,1000,General/Other
525,RP002,USG Guided Intervention -Therapeutic,1700,2000,2000,General/Other
526,RP003,"USG Guided Intervention - Specialized Procedures excluding cost of Catheter or
biopsy gun",2550,3000,3000,General/Other
527,RP004,CT Guided biopsy including all the consumables,7820,9200,9200,General/Other
528,RP005,"CT Guided Intervention -Percutaneous catheter drainage/tube placement
excluding the cost of tube /catheter",2975,3500,3500,General/Other
529,RP006,Percutaneous transhepatic cholangiography (PTC),1530,1800,1800,General/Other
530,RP007,Transarterial Chemoembolization (TACE),45050,53000,53000,General/Other
531,CA001,"A, B, DR Molecular Typing PCR - SSP",8768,10315,10315,General/Other
532,CA002,"ABL Kinase Domain Mutation for Chronic Myeloid leukemia (TKI Resistance,
Imatinib Resistance",6885,8100,8100,General/Other
533,CA003,"ABL Kinase Domain Mutation for Ph Positive Acute Lymphoblastic leukemia
(TKI Resistance, I",6885,8100,8100,General/Other
534,CA004,Acute Leukemia karyotyping,4713,5545,5545,General/Other
535,CA005,"Acute Leukemia mutation detection (per gene)ASXL1 /c-KIT/DNMT3A/ IDH1
and IDH2 /K RAS and N RAS mutation detection",4582,5390,5390,General/Other
536,CA006,Acute Leukemia RUNX1 mutation detection,4582,5390,5390,General/Other
537,CA007,Acute Leukemia TET2 mutation detection,19567,23020,23020,General/Other
538,CA008,Acute Leukemia TP53 mutation detection,19567,23020,23020,General/Other
539,CA009,Acute Lymphoblastic leukemia karyotyping,4713,5545,5545,General/Other
540,CA010,Acute Lymphoblastic Leukemia Mutation Detection,9384,11040,11040,General/Other
541,CA011,Acute Lymphoblastic Leukemia Transcript Identification,2567,3020,3020,General/Other
542,CA012,Acute Myeloid Leukemia (AML) Panel,11365,13370,13370,General/Other
543,CA013,ALK -1,3987,4690,4690,General/Other
544,CA014,ALK rearrangement: 2p23,3987,4690,4690,General/Other
545,CA015,B-cell Acute Lymphoblastic Leukemia (B-ALL) Panel,9835,11570,11570,General/Other
546,CA016,BCL3 rearrangement 19q13.3 / BCL6 rearrangement: 3q27,2962,3485,3485,General/Other
547,CA017,BCOR alteration,5143,6050,6050,General/Other
548,CA018,"BCR/ABL (Ph) duplication, trisomy 8, trisomy 21, TP53 deletion",5181,6095,6095,General/Other
549,CA019,BCR/ABL Ph: t(9;22),2962,3485,3485,General/Other
550,CA020,BCR-ABL by PCR-Quantitative,3400,4000,4000,General/Other
551,CA021,BRAF,7650,9000,9000,General/Other
552,CA022,BRCA1 & BRCA2,17000,20000,20000,General/Other
553,CA023,"C3d Single Allele Antibody for HLA Class I (C3dLSA Class I) /C3d Single
Allele Antibody for HLA Class II (C3dLSA Class II)",14875,17500,17500,General/Other
554,CA024,CAN ASSIST,42500,50000,50000,General/Other
555,CA025,CCND1/IgH: t(11;14),3987,4690,4690,General/Other
556,CA026,CD 19 and CD 20,1275,1500,1500,General/Other
557,CA027,Cell line karyotyping,9435,11100,11100,General/Other
558,CA028,Chimerism Analysis,1309,1540,1540,General/Other
559,CA029,Chromosomal breakage (fragility) studies in Fanconi's Anemia/Aplastic Anemia,4713,5545,5545,General/Other
560,CA030,Chronic Lymphocytic Leukemia (CLL) Panel,9835,11570,11570,General/Other
561,CA031,"Chronic Lymphocytic Leukemia Comprehensive Mutation Profile (IGVH Gene
Mutation & Usage, T",28322,33320,33320,General/Other
562,CA032,Chronic Lymphocytic Leukemia IGVH Mutation Detection,5398,6350,6350,General/Other
563,CA033,Chronic Lymphoproliferative disorder IGVH Mutation Detection,5398,6350,6350,General/Other
564,CA034,Chronic Lymphoproliferative disorder NOTCH1 mutation / NOTCH2 mutation,4582,5390,5390,General/Other
565,CA035,Chronic Lymphoproliferative disorder SF3B1 mutation,4582,5390,5390,General/Other
566,CA036,Chronic Lymphoproliferative disorder TP53 mutation,19567,23020,23020,General/Other
567,CA037,CLINICAL EXOME SEQUENCING,12750,15000,15000,General/Other
568,CA038,CLL PANEL FISH,8500,10000,10000,General/Other
569,CA039,CML Blast Crisis karyotyping,4713,5545,5545,General/Other
570,CA040,Combined High Sensitivity JAK2 V617F and Exon12 Mutation Detection,5806,6830,6830,General/Other
571,CA041,Comprehensive Molecular Testing,16422,19320,19320,General/Other
572,CA042,"Comprehensive Next Generation sequencing assay for Hematolymphoid
malignancies",22950,27000,27000,General/Other
573,CA043,Constitutional karyotyping,4713,5545,5545,General/Other
574,CA044,Custom Sequencing Assay,9384,11040,11040,General/Other
575,CA045,DICER1 Mutation,3298,3880,3880,General/Other
576,CA046,Donor Specific Antibodies (DSA),6800,8000,8000,General/Other
577,CA047,EGFR Mutation DETECTION,8075,9500,9500,General/Other
578,CA048,EGFR Resistance Mutation (T790m Mutation Analysis),6800,8000,8000,General/Other
579,CA049,ER PR Her2 Neu,2678,3150,3150,General/Other
580,CA050,"ER/PR/Her2neu, Ki67",4250,5000,5000,General/Other
581,CA051,Extended Immune subset for Post Allogenic Stem Cell Transplant Monitoring,4250,5000,5000,General/Other
582,CA052,Factor V Leiden Mutation Detection,5610,6600,6600,General/Other
583,CA053,FISH for 1p33/TAL1 deletion,4233,4980,4980,General/Other
584,CA054,FISH FOR HER2 Neu,8500,10000,10000,General/Other
585,CA055,FISH for t(10;11)(p12;q14)/MLLT10(AF10)/PICALM,4233,4980,4980,General/Other
586,CA056,FISH for t(11;19)(q23;p13.1)/KMT2A/ELL,4233,4980,4980,General/Other
587,CA057,FISH for t(5;11)(q35;p15.5) NUP98/NSD1,4233,4980,4980,General/Other
588,CA058,FISH for t(6;14)(p21;q32) IGH/CCND3,4233,4980,4980,General/Other
589,CA059,FISH on Bone marrow Smear( 1 marker),2962,3485,3485,General/Other
590,CA060,FISH on bone marrow smear( 2 markers),4654,5475,5475,General/Other
591,CA061,FISH on FFPE - Block /Slide (2 markers),4046,4760,4760,General/Other
592,CA062,FISH PANEL FOR MYELOMA,11900,14000,14000,General/Other
593,CA063,FISH Test for C19MC amplification,10838,12750,12750,General/Other
594,CA064,FISH test for CDKN2A,6333,7450,7450,General/Other
595,CA065,FISH test for CEN 10 loss - on Tissue,3528,4150,4150,General/Other
596,CA066,FISH test for ETV6 break-apart analysis - On Tissue,5925,6970,6970,General/Other
597,CA067,FISH test for MAML2 break-apart analysis - On Tissue,6086,7160,7160,General/Other
598,CA068,Fluorescent PCR + fragment length analysis per Amplicon,298,350,350,General/Other
599,CA069,GeneCORE Somatic 161 Gene Panel (NGS),25500,30000,30000,General/Other
600,CA070,Hairy Cell Leukemia Mutation (BRAF V600E) Detection,2967,3490,3490,General/Other
601,CA071,Hematolymphoid Malignancy At Diagnosis- Cancer Cytogenetics Testing,14548,17115,17115,General/Other
602,CA072,Hematolymphoid Malignancy Follow-up- Cancer Cytogenetics Testing,12750,15000,15000,General/Other
603,CA073,Hereditary Cancer Panel,10200,12000,12000,General/Other
604,CA074,High Sensitivity JAK2 Mutation Detection (V617F),3919,4610,4610,General/Other
605,CA075,Histone Mutation Detection Assay,7884,9275,9275,General/Other
606,CA076,"HLA C, DQB Molecular Typing PCR - SSP",6265,7370,7370,General/Other
607,CA077,HLA Disease Association Next Generation Sequencing HLA-A/B/DRB1/G,3995,4700,4700,General/Other
608,CA078,HLA Disease Association Sequence based Typing HLA A/B/DRB1,4080,4800,4800,General/Other
609,CA079,"HLA Drug Hypersensitivity Next Generation Sequencing HLA-A/B/DRB1 HLA-
A/B/DRB1/G",3995,4700,4700,General/Other
610,CA080,HLA Drug Hypersensitivity Typing HLA-A/B/DRB1,4080,4800,4800,General/Other
611,CA081,HLA Loss Chimerism,10200,12000,12000,General/Other
612,CA082,"HLA-A, B, C, DRB1, DQB1, DPB1 (Sequence Based Typing - SBT)",12750,15000,15000,General/Other
613,CA083,"HLA-A, B, DRB1 (Sequence Based Typing - SBT)",8500,10000,10000,General/Other
614,CA084,"HLA-A, B, DRB1(Sequence Specific Oligonucleotide - SSO)",6630,7800,7800,General/Other
615,CA085,"HLA-C, DQB1(Sequence Specific Oligonucleotide - SSO)",4420,5200,5200,General/Other
616,CA086,HRR Gene Test,26350,31000,31000,General/Other
617,CA087,"IGH Characterization IGH/CCND1:t(11;14), IGH/BCL2:t(14;18),BCL6(3q27),
MYC(8q24) (4markers",4505,5300,5300,General/Other
618,CA088,IgH/BCL2 :t(14;18),3987,4690,4690,General/Other
619,CA089,IGHV Gene Mutation,6375,7500,7500,General/Other
620,CA090,Interphase FISH test for Chr. 1 copy number variations,9095,10700,10700,General/Other
621,CA091,IRFA/DUSP22 gene rearrangement by FISH,13243,15580,15580,General/Other
622,CA092,JAK2 Exon 12 Mutation Detection,3919,4610,4610,General/Other
623,CA093,"JAK2V617 MUTATION, WITH REFLEX TO JAK2 EX-12,CALR EX-9
MUTATION AND MPL W515, S505 MUTATION",9775,11500,11500,General/Other
624,CA094,KI67,1105,1300,1300,General/Other
625,CA095,KIR Typing,4930,5800,5800,General/Other
626,CA096,KMT2A Characterization for AML,6711,7895,7895,General/Other
627,CA097,KMT2A Characterization for B-ALL,5181,6095,6095,General/Other
628,CA098,KRAS + NRAS + BRAF + Mutation Profile,11730,13800,13800,General/Other
629,CA099,"Lineage specific Chimerism - B Cell, T Cell and NK Cells",6120,7200,7200,General/Other
630,CA100,Liquid Biopsy (Onco),25500,30000,30000,General/Other
631,CA101,Lung Basic Panel By NGS,25500,30000,30000,General/Other
632,CA102,Lymphoma Panel,5925,6970,6970,General/Other
633,CA103,"Lymphoplasmacytic Leukemia / Waldenstroms Macroglobulinemia Mutation
(MYD88 L265P) Detection",2967,3490,3490,General/Other
634,CA104,MDS Panel,5925,6970,6970,General/Other
635,CA105,MECOM (EVI1) rearrangement: inv(3)(q21.3q26.2)/t(3;3),3987,4690,4690,General/Other
636,CA106,MGMT PCR,6919,8140,8140,General/Other
637,CA107,Miscellaneous Profile I(1 marker),2962,3485,3485,General/Other
638,CA108,Miscellaneous profile II(2 markers),4654,5475,5475,General/Other
639,CA109,MLPA per gene,3400,4000,4000,General/Other
640,CA110,Monosomy 5/deletion 5q,2962,3485,3485,General/Other
641,CA111,Monosomy 7/deletion 7q,2962,3485,3485,General/Other
642,CA112,MPN (Myelo Proliferative Neoplasm)PANEL,10200,12000,12000,General/Other
643,CA113,MSI ( Micro Satellite Instability) and MMR (Mis Match Repair),5525,6500,6500,General/Other
644,CA114,Multigene NGS Germline Panel,15300,18000,18000,General/Other
645,CA115,Multiple Myeloma (MM) Panel,12640,14870,14870,General/Other
646,CA116,Multiple Myeloma High Risk Markers (4 Markers),4505,5300,5300,General/Other
647,CA117,Multiple Myeloma Screening Panel,6800,8000,8000,General/Other
648,CA118,MYD88 L265 Mutation Detection Test,5746,6760,6760,General/Other
649,CA119,Myelodysplastic Syndromes karyotyping,4713,5545,5545,General/Other
650,CA120,"Next generation RNA sequencing assay for Chimeric Trancript in
Hematolymphod malignancies",14450,17000,17000,General/Other
651,CA121,"Next Generation sequencing assay for Minimal residual disease(MRD) for NPM
mutated AML",22950,27000,27000,General/Other
652,CA122,NGS HLA Typing,8500,10000,10000,General/Other
653,CA123,NGS Platform-extended Panel >50 gene,30600,36000,36000,General/Other
654,CA124,NGS Platform-limited Panel(10 Genes),15300,18000,18000,General/Other
655,CA125,NRAS (Neuroblastoma RAS ) Gene,2975,3500,3500,General/Other
656,CA126,Panel Reactive Antibodies (PRA) class I,2550,3000,3000,General/Other
657,CA127,Panel Reactive Antibodies (PRA) class II,2550,3000,3000,General/Other
658,CA128,PCR + Sanger Sequencing per Amplicon,723,850,850,General/Other
659,CA129,"PDGFRA (4q12), PDGFRB (5q33), FGFR1 (8p11.2) rearrangement",5181,6095,6095,General/Other
660,CA130,PDGFRA rearrangement: 4q12,3987,4690,4690,General/Other
661,CA131,PDGFRB rearrangement: 5q33,3987,4690,4690,General/Other
662,CA132,PDL 1,4250,5000,5000,General/Other
663,CA133,PDL-1-28-8 (FDA Approved),6375,7500,7500,General/Other
664,CA134,Ph: t(9;22) karyotyping,3362,3955,3955,General/Other
665,CA135,Ph-like ALL Panel (4 Markers),4505,5300,5300,General/Other
666,CA136,PIK3CA GENE MUTATION,4590,5400,5400,General/Other
667,CA137,PIK3CA Mutation Testing,4845,5700,5700,General/Other
668,CA138,Ploidy analysis,3362,3955,3955,General/Other
669,CA139,"PML-RARA t(15;17), variants",4450,5235,5235,General/Other
670,CA140,PRA Screen,2550,3000,3000,General/Other
671,CA141,PTPRT: Deletion 20q,3987,4690,4690,General/Other
672,CA142,RARA Variant - ZBTB16 / RARA : t(11;17) (1 marker),2576,3030,3030,General/Other
673,CA143,RHOA Mutation Detection Assay,5925,6970,6970,General/Other
674,CA144,ROS 1,8262,9720,9720,General/Other
675,CA145,RQ PCR based assay for MRD monitoring of Acute Leukaemia,8075,9500,9500,General/Other
676,CA146,RQ-PCR BCR-ABL (P210),9316,10960,10960,General/Other
677,CA147,RQ-PCR PML-RARA,9316,10960,10960,General/Other
678,CA148,"RT-PCR Multiplex, Acute Leukaemia Panel",6205,7300,7300,General/Other
679,CA149,"RT-PCR Multiplex, BCR-ABL (P190, P210)",5398,6350,6350,General/Other
680,CA150,"RT-PCR Nested, IGH Chain Gene Rearrangement /TCR Gene Rearrangement",3919,4610,4610,General/Other
681,CA151,Single Antigen Class I,11050,13000,13000,General/Other
682,CA152,Single Antigen Class II,11050,13000,13000,General/Other
683,CA153,Slide / Images for Second Opinion- Cancer Cytogenetics,782,920,920,General/Other
684,CA154,STR Panel studies,3783,4450,4450,General/Other
685,CA155,Surface Marker Complete Panel,10340,12165,12165,General/Other
686,CA156,Surface Marker Individual,1615,1900,1900,General/Other
687,CA157,"t(1;22) and Trisomy 21 in Acute Megakaryoblastic Leukemia (AML -M7) (2
Markers)",4046,4760,4760,General/Other
688,CA158,T-cell Acute Lymphoblastic Leukemia (T-ALL) Panel,12895,15170,15170,General/Other
689,CA159,TCR-A rearrangement: 14q11,3987,4690,4690,General/Other
690,CA160,TERT Promoter Mutation Assay,4934,5805,5805,General/Other
691,CA161,TFE-3 FISH,10268,12080,12080,General/Other
692,CA162,TPMT (Thiopurine Methyl Transferase) Genotyping,4335,5100,5100,General/Other
693,CA163,Trisomy 12,2061,2425,2425,General/Other
694,CA164,Trisomy 21,2061,2425,2425,General/Other
695,CA165,"Trisomy 4, 10 & 17",2962,3485,3485,General/Other
696,CA166,Trisomy 8,2061,2425,2425,General/Other
697,CA167,V Beta Repertoire Analysis by Flow Cytometry for T-Cell Clonality,10340,12165,12165,General/Other
698,CA168,"XX/XY (Chimerism Studies) in Sex mismatch Bone Marrow Transplantation
(BMT)",2061,2425,2425,General/Other
699,CT001,Single drug Chemotherapy,1445,1700,1700,General/Other
700,CT002,Multiple drugs Chemotherapy/Targeted therapy/Immunotherapy,1955,2300,2300,General/Other
701,CT003,Neoadjuvant Chemotherapy,2295,2700,2700,General/Other
702,CT004,Adjuvant Chemotherapy,1870,2200,2200,General/Other
703,CT005,Concurrent-chemoradiation,1615,1900,1900,General/Other
704,CT006,Intravesical Instillation of BCG excluding the cost of BCG,2550,3000,3000,General/Other
705,RT001,"Level 1- Brachytherapy
(Eye Plaque or SIVA or CVS per insertion or application)",5950,7000,8050,General/Other
706,RT002,"Level 2- Brachytherapy
(Simple ICA with Xray based 2D planning, ILRT, Endobilliary BCT)",8500,10000,11500,General/Other
707,RT003,"Level 3- Brachytherapy
(Surface Mould, Radical Interstitial BCT, Intraoperative Template or interstitial
brachytherapy catheter insertion)",21250,25000,28750,General/Other
708,RT004,Level 4- Brachytherapy (ICA with CT based Planning),25500,30000,34500,General/Other
709,RT005,"Level 5- Brachytherapy
(Complex ICA with interstitial with CT or MR based planning)",34000,40000,46000,General/Other
710,RT006,Level 1- Radiation Therapy (1-10 fractions on Cobalt),12750,15000,17250,General/Other
711,RT007,"Level 2- Radiation Therapy
(More than 10 fractions on Cobalt OR Upto 10 fractions on LA clinical (without
CT or TPS planning) without IGRT OR Hemibody palliative RT (1-2 fractions
weekly))",23800,28000,32200,General/Other
712,RT008,"Level 3- Radiation Therapy
(LA 3D with conventional fractionation of 2-5 Gy OR Weekly hypofractionation
of >5 Gy with 3D CRT plan in 1-2 fractions. No IGRT allowed.)",42500,50000,57500,General/Other
713,RT009,"Level 4- Radiation therapy
(LA 3D with IGRT conventional fractionation of 2- 5 Gy OR Weekly
hypofractionation >5 Gy with 3D CRT plan in 1-2 fractions. with IGRT)",53550,63000,72450,General/Other
714,RT010,"Level 5- Radiation Therapy
(LA IMRT/ Rapid Arc/VMAT with < 5Gy per fraction and <10 IGRT (CBCT or
MVCT or EPID) OR Cobalt Radical with LA boost including electron boost OR
TSET OR TBI)",127500,150000,172500,General/Other
715,RT011,"Level 6- Radiation Therapy
(LA 4D/DE or DIBH with 3D CRT/ IMRT/ Rapid Arc/VMAT with >10 IGRT
(CBCT or MVCT or EPID) OR LA IMRT/ Rapid Arc/VMAT with <5Gy per
fraction and
>10 IGRT (CBCT or MVCT or EPID) OR Adaptive RT OR CSI OR Multisite",153000,180000,207000,General/Other
716,IT001,Radiosynovectomy with Yttrium,21250,25000,28750,General/Other
717,IT002,131-Iodine Therapy 51-100mCi,12172,14320,16468,General/Other
718,IT003,131-Iodine Therapy >100mCi,16809,19775,22741,General/Other
719,IT004,Samarium-153 therapy for metastatic bone pain palliation,17043,20050,23058,General/Other
720,IT005,131-Iodine Therapy <15mCi,6299,7410,8522,General/Other
721,IT006,131-Iodine Therapy 15-50mCi,9486,11160,12834,General/Other
722,IT007,Phosphorus-32 therapy for metastatic bone pain palliation,12040,14165,16290,General/Other
723,PT001,Cervical Traction (per session),255,300,300,General/Other
724,PT002,Lumbar Traction (per session),255,300,300,General/Other
725,PT003,"Exercises /Post Natal Exercises/Prenatal Exercises/Therapeutic
Exercises/Orthopaedic Rehabilitation (Joint Replacement/Post Surgery)/Hand
Rehab (per session)",255,300,300,General/Other
726,PT004,"Chest Physiotherapy/ Breathing Exercise &Postural Drainage per Session/Post
Covid Rehabilitation /Pulmonary Rehabilitation/Cardiac Rehabilitation (per
session)",255,300,300,General/Other
727,PT005,"Ultra Sonic Therapy /Short Wave Diathermy / Microwave/ Long Wave Diathermy
/Infrared/IFT) (per session)",255,300,300,General/Other
728,PT006,Electrical Muscle Stimulation/Cryotherapy/TENS (per session),340,400,400,General/Other
729,PT007,Hot Pack/ Cold Pack/Wax Bath/Moist Heat (per session),255,300,300,General/Other
730,PT008,"Shock Wave Therapy/Matrix Rhythm Therapy/Laser/PEMF -Pulse Electro
Magnetic Therapy (per session)",340,400,400,General/Other
731,PT009,Gait Assessment (per session),510,600,600,General/Other
732,PT010,Gait Training (per session),255,300,300,General/Other
733,PT011,Tilt Training/Neuro-Rehab Basic (per session),255,300,300,General/Other
734,PT012,Neuro Rehabilitation Advanced (per session),680,800,800,General/Other
735,PT013,Paediatric Rehabilitation (per session),255,300,300,General/Other
736,BT001,Speech Therapy per session of at least 40 minutes,340,400,400,General/Other
737,BT002,Occupational Therapy per session of at least 40 minutes,340,400,400,General/Other
738,BT003,"Applied Behaviour Analysis based behaviour therapy (ABA based Behaviour
therapy) per session of at least 40 minutes",340,400,400,General/Other
739,BT004,Special education per session of at least 40 minutes,340,400,400,General/Other
740,BT005,Biofeedback per session,2550,3000,3000,General/Other
741,DI001,Intraoral Periapical (IOPA) Radiograph X-ray/RVG(Single Film),170,200,200,General/Other
742,DI002,Intraoral Occlusal/Bite Wing X-Ray,255,300,300,General/Other
743,DI003,Digital OPG with X ray film/ CD,425,500,500,General/Other
744,DI004,Biopsy of Oral tissue- Soft,1020,1200,1200,General/Other
745,DI005,"Biopsy of Oral tissue - Hard (bone, tooth)",1700,2000,2000,General/Other
746,DP001,Abscess - Drainage-Dental,1275,1500,1500,General/Other
747,DP002,Scaling,850,1000,1000,General/Other
748,DP003,Curettage and Root Planning - Per Tooth,298,350,350,General/Other
749,DP004,Curettage and Root Planning - Per Arch,1700,2000,2000,General/Other
750,DP005,Gingivoplasty - Per Quadrant,850,1000,1000,General/Other
751,DP006,Gingivectomy - Per Quadrant,1020,1200,1200,General/Other
752,DP007,Flap Surgery- Per Tooth,383,450,450,General/Other
753,DP008,Flap Surgery- Per Quadrant,1700,2000,2000,General/Other
754,DP009,Flap Surgery and Bone Graft per quadrant,2550,3000,3000,General/Other
755,DP010,Extraction - Normal Tooth,340,400,400,General/Other
756,DP011,Complicated Extraction per tooth under LA,680,800,800,General/Other
757,DP012,Extraction Impacted - Soft tissue/ 3rd Molar/wisdom tooth extraction,1700,2000,2000,General/Other
758,DP013,"Multiple Extraction and Treatment Procedures for Special Children, Patients with
Systemic Diseases, Patient with Special Needs Which Requires Admission and
Treatment Under GA",5100,6000,6000,General/Other
759,DP014,Extraction - Orthodontic Extraction,638,750,750,General/Other
760,DP015,Operculectomy- Pericoronal flap excision,1700,2000,2000,General/Other
761,DP016,Extraction Impacted – Bony,4250,5000,5000,General/Other
762,DP017,Alveoloplasty - Per Tooth,255,300,300,General/Other
763,DP018,Alveoloplasty - Per Quadrant,1020,1200,1200,General/Other
764,DP019,Frenectomy,2125,2500,2500,General/Other
765,DP020,Excision of hyperplastic tissue - per arch,1020,1200,1200,General/Other
766,DP021,Surgical Augmentation/Alveolectomy per Arch,2975,3500,3500,General/Other
767,DP022,Bone replacement graft for ridge preservation - per site,1700,2000,2000,General/Other
768,DP023,"Minor oral surgery, cyst, granuloma, residual infection, mucocele, epulis under
LA",1700,2000,2000,General/Other
769,DP024,Application of Desensitizing Medicament,425,500,500,General/Other
770,DP025,Fluoride Application for Children,850,1000,1000,General/Other
771,DP026,Temporary restoration,128,150,150,General/Other
772,DP027,Glass ionomer Cement Restoration,510,600,600,General/Other
773,DP028,Composite - Occlusal Pit/Class I,425,500,500,General/Other
774,DP029,"Composite -Class I with buccal extension/Class II Class III/Class IV/Class
VI/Diastema Closure/MOD",850,1000,1000,General/Other
775,DP030,RCT-Single Rooted tooth,1700,2000,2000,General/Other
776,DP031,RCT Multiple root and/ canal tooth,2550,3000,3000,General/Other
777,DP032,Re-RCT - Anterior,2125,2500,2500,General/Other
778,DP033,Re-RCT - Posterior,2550,3000,3000,General/Other
779,DP034,Medication -intracanal medicament (only lesion cases),425,500,500,General/Other
780,DP035,Apicectomy-Single tooth,1700,2000,2000,General/Other
781,DP036,Apicectomy-Multiple tooth,2550,3000,3000,General/Other
782,DP037,Apexification with any bio-compatible material,1700,2000,2000,General/Other
783,DP038,Root end resection and Retro grade filling,2550,3000,3000,General/Other
784,DP039,Surgical - Apicectomy/ Periapical surgery without bone grafting,595,700,700,General/Other
785,DP040,"Tissue Conditioning, Maxillary/Mandibular",255,300,300,General/Other
786,DP041,Core build-up/ Post and Core - Custom made /Inlay/onlay,1275,1500,1500,General/Other
787,DP042,Crown lengthening - Per Tooth,425,500,500,General/Other
788,DP043,Crown - PMMA Crown,850,1000,1000,General/Other
789,DP044,Crown - All Metal-Nickel Free,1700,2000,2000,General/Other
790,DP045,Crown - Metal with Ceramic Facing,2550,3000,3000,General/Other
791,DP046,Crown - Recementation,510,600,600,General/Other
792,DP047,Crown - Removal,425,500,500,General/Other
793,DP048,Odontoplasty /Enameloplasty,425,500,500,General/Other
794,DP049,Pulpectomy (Anterior Tooth),1700,2000,2000,General/Other
795,DP050,Pulpectomy (Posterior Tooth),2550,3000,3000,General/Other
796,DP051,Pulpotomy,850,1000,1000,General/Other
797,DP052,Veneer - Ceramic paediatric,2550,3000,3000,General/Other
798,DP053,Interceptive Orthodontic Treatment of the Primary Dentition/Transition Dentition,5950,7000,7000,General/Other
799,DP054,Limited Orthodontic Treatment of the Primary Dentition,4250,5000,5000,General/Other
800,DP055,Occlusion Analysis/Adjustment/Occlusal Equilibration,425,500,500,General/Other
801,DP056,Tooth Splinting -General,1275,1500,1500,General/Other
802,DP057,Splinting - Periodontally weak teeth,1530,1800,1800,General/Other
803,DP058,Night Guard,1700,2000,2000,General/Other
804,DP059,Bridge/ Fixed Partial denture (per missing/ extracted tooth) metal crown,1700,2000,2000,General/Other
805,DP060,,2550,3000,3000,General/Other
806,DP061,Removable Partial Denture - Flexible Per Arch,6375,7500,7500,General/Other
807,DP062,Removable Partial Denture - Cast Metal Up to 3 Teeth,3400,4000,4000,General/Other
808,DP063,Removable Partial Denture - Cast Metal (additional Per tooth),255,300,300,General/Other
809,DP064,Removable Partial Denture - Acrylic Up to 3 teeth,1700,2000,2000,General/Other
810,DP065,Removable Partial Denture - Tooth Addition (per tooth),255,300,300,General/Other
811,DP066,Add Clasp to existing Partial Denture,425,500,500,General/Other
812,DP067,Add Tooth to existing Partial Denture,340,400,400,General/Other
813,DP068,Tooth Supported Overdenture Per Arch,6375,7500,7500,General/Other
814,DP069,Complete Denture - Per Arch,8500,10000,10000,General/Other
815,DP070,Removable orthodontic appliance / Post Orthodontic R O A -per arch,2125,2500,2500,General/Other
816,DP071,Fixed orthodontic per arch,12750,15000,15000,General/Other
817,DP072,Space Maintainers - Fixed,3400,4000,4000,General/Other
818,DP073,Minor Treatment to Control Habits-Removable Appliance Therapy,2125,2500,2500,General/Other
819,DP074,Minor Treatment to Control Habits-Fixed Appliance Therapy,3400,4000,4000,General/Other
820,DP075,Functional orthodontic appliance,5100,6000,6000,General/Other
821,DP076,Feeding appliance for Cleft Palate,4250,5000,5000,General/Other
822,DP077,Expansion plate,5525,6500,6500,General/Other
823,DP078,"Maxillofacial Prosthesis -Sal/auricular/orbital/Nasal/Palatal/facial lost/ Speech
Aid",5950,7000,7000,General/Other
824,DP079,Obturator Prosthesis - Surgical/Definitive/Modification,4250,5000,5000,General/Other
825,DP080,"Removal of - Lateral Exostosis/Torus Mandibularis/Torus Palatines/Surgical
reduction of Osseous Tuberosity",2550,3000,3000,General/Other
826,DP081,Sialolithotomy/Sialodocotomy/ Closure of Salivary Fistula,1700,2000,2000,General/Other
827,DP082,Excision of Salivary gland,12750,15000,15000,General/Other
828,DP083,Release of fibrous bands & grafting in (OSMF) treatment under GA,17000,20000,20000,General/Other
829,DP084,Facial Space Abscess,4250,5000,5000,General/Other
830,DP085,Partial Ostectomy / sequestrectomy for removal of non-vital bone,1700,2000,2000,General/Other
831,DP086,Alveolus – Closed Reduction stabilization of Teeth,3400,4000,4000,General/Other
832,DP087,Alveolus – Open Reduction stabilization of Teeth,5100,6000,6000,General/Other
833,DP088,Arch bar fixation,4250,5000,5000,General/Other
834,DP089,Oroantral Fistula closure,4250,5000,5000,General/Other
835,DP090,"Osseous, Oste periosteal, or Cartilage graft of the Mandible or Maxilla -
autogenous or non-autogenous bone graft",2550,3000,3000,General/Other
836,DP091,Osteoplasty - for Orthognathic deformities/ Mandibular Rami/ Body of Mandible,25500,30000,30000,General/Other
837,DP092,Maxilla - Closed Reduction,5100,6000,6000,General/Other
838,DP093,Maxilla - Open Reduction,8500,10000,10000,General/Other
839,DP094,Mandible - Closed Reduction,5100,6000,6000,General/Other
840,DP095,Mandible – Open Reduction,8500,10000,10000,General/Other
841,DP096,"Cyst of Maxilla/mandible by enucleation/excision/marsupialization upto 4 cms
under LA",4250,5000,5000,General/Other
842,DP097,"Cyst of Maxilla/mandible by enucleation/excision/marsupialization more than 4
cms under LA",5100,6000,6000,General/Other
843,DP098,"Cyst of Maxilla/mandible by enucleation/excision/marsupialization more than 4
cms under GA and admission",21250,25000,25000,General/Other
844,DP099,Temporomandibular(TM) joint ankylosis- under GA/Open /Closed Reduction,17000,20000,20000,General/Other
845,DP100,Segmental / Hemi Mandibulectomy with graft,21250,25000,25000,General/Other
846,DP101,Segmental /Hemi Mandibulectomy without graft,17000,20000,20000,General/Other
847,DP102,Sub-Total mandibulectomy with graft,29750,35000,35000,General/Other
848,DP103,Sub-Total mandibulectomy without graft,25500,30000,30000,General/Other
849,DP104,Maxillectomy/Mandibulectomy- Total with graft,29750,35000,35000,General/Other
850,DP105,Maxillectomy/Mandibulectomy- Total without graft,25500,30000,30000,General/Other
851,DP106,Maxillectomy- partial with graft,21250,25000,25000,General/Other
852,DP107,Maxillectomy- partial without graft,17000,20000,20000,General/Other
853,DP108,Malar and/or Zygomatic arch - Closed Reduction,5100,6000,6000,General/Other
854,DP109,Malar and/or Zygomatic arch - Open Reduction,8500,10000,10000,General/Other
855,DP110,Distraction osteogenesis of mandible or maxilla under GA,25500,30000,30000,General/Other
856,DP111,Facial bones - Complicated Reduction with fixation,38250,45000,45000,General/Other
857,OI001,Refraction with auto refraction - Both Eyes,170,200,200,General/Other
858,OI002,Indirect Ophthalmoscopy (Fundoscopy) - Both Eyes,255,300,300,General/Other
859,OI003,Orthoptic check-up- with synoptophore- Both Eyes,170,200,200,General/Other
860,OI004,Lees’ charting or Hess’ charting- Both Eyes,255,300,300,General/Other
861,OI005,Perimetry (Visual Field Testing) -Goldman- Both Eyes,425,500,500,General/Other
862,OI006,Perimetry /Humphrey Visual Field (HVF ) test- Automated- Both Eyes,680,800,800,General/Other
863,OI007,Fluorescein angiography for fundus or iris- Both Eyes,1700,2000,2000,General/Other
864,OI008,Indocyanine green angiography - Both Eyes,1700,2000,2000,General/Other
865,OI009,"Ultrasound A- Scan/optical biometry[lenstar, IOL master] - Both Eyes",850,1000,1000,General/Other
866,OI010,Ultrasound B- Scan - Both Eyes,425,500,500,General/Other
867,OI011,Fundus Photo Test /disc photo for glaucoma- Both Eyes,425,500,500,General/Other
868,OI012,Corneal endothelial cell count with specular microscopy- Both Eyes,510,600,600,General/Other
869,OI013,Corneal topography /pentacam- Both Eyes,1700,2000,2000,General/Other
870,OI014,Corneal pachymetry (corneal thickness)/ CCT - Both Eyes,451,530,530,General/Other
871,OI015,OCT (Optical Coherence Tomography) /Ocular OCT Angiography - Both Eyes,1785,2100,2100,General/Other
872,OI016,UBM- Ultrasound bio microscopy- Both Eyes,850,1000,1000,General/Other
873,OI017,Non Contact tonometry (NCT) - Both Eyes,128,150,150,General/Other
874,OI018,IOP measurement with Schiotz - Both Eyes,85,100,100,General/Other
875,OI019,IOP measurement with applanation tonometry - Both Eyes,170,200,200,General/Other
876,OI020,Diurnal variation of IOP - Both Eyes,1275,1500,1500,General/Other
877,OI021,90 D lens examination/Three mirror examination for retina - Both Eyes,128,150,150,General/Other
878,OI022,Gonioscopy- Both Eyes,255,300,300,General/Other
879,OI023,EOG- Electrooculogram - Both Eyes,1760,2070,2070,General/Other
880,OI024,ERG- Electroretinogram- Both Eyes,1530,1800,1800,General/Other
881,OI025,VEP- visually evoked potential - Both Eyes,1530,1800,1800,General/Other
882,OI026,X Ray orbit -Bilateral,298,350,350,General/Other
883,OI027,Dacryocystography - Bilateral,1700,2000,2000,General/Other
884,OI028,Orbital Angiographical Studies - Bilateral,4250,5000,5000,General/Other
885,OI029,Neostigmine test - Both Eyes,4250,5000,5000,General/Other
886,OI030,Lipi View One Eye,765,900,900,General/Other
887,OI031,Lipi View Both Eyes,1275,1500,1500,General/Other
888,OI032,Schirmer Test,255,300,300,General/Other
889,OI033,Vitreous biopsy per eye,4250,5000,5000,General/Other
890,OP001,Subconjunctival/sub-tenon’s injections in one eye,425,500,500,General/Other
891,OP002,Subconjunctival/sub-tenon’s injections in both eyes,680,800,800,General/Other
892,OP003,Pterygium surgery with auto conjunctival graft per eye,11390,13400,13400,General/Other
893,OP004,Conjunctival Peritomy per eye,1275,1500,1500,General/Other
894,OP005,Conjunctival wound repair or exploration following blunt trauma per eye,7225,8500,8500,General/Other
895,OP006,Removal of corneal foreign body,340,400,400,General/Other
896,OP007,Cauterization of ulcer/subconjunctival injection in one eye,425,500,500,General/Other
897,OP008,Cauterization of ulcer/subconjunctival injection in both eyes,680,800,800,General/Other
898,OP009,Corneal grafting—Penetrating keratoplasty per eye,17000,20000,20000,General/Other
899,OP010,Bandage contact lenses for corneal perforation/PED per eye,1700,2000,2000,General/Other
900,OP011,Scleral grafting or conjunctival flap for corneal perforation per eye,7225,8500,8500,General/Other
901,OP012,Keratoconus correction with therapeutic contact lenses - Both Eyes,7225,8500,8500,General/Other
902,OP013,"Ultraviolet (UV) radiation for cross-linking for keratoconus /C3R/KXL - Both
Eyes",17000,20000,20000,General/Other
903,OP014,EDTA for band shaped keratopathy - Both Eyes,2550,3000,3000,General/Other
904,OP015,Arcuate keratotomy for astigmatism /Limbal Relaxing Incision - Both Eyes,5780,6800,6800,General/Other
905,OP016,Re-suturing (Primary suturing) of corneal wound per eye,4250,5000,5000,General/Other
906,OP017,Penetrating keratoplasty with glaucoma surgery per eye,29750,35000,35000,General/Other
907,OP018,Penetrating keratoplasty with vitrectomy per eye,29750,35000,35000,General/Other
908,OP019,Penetrating keratoplasty with IOL implantation per eye,29750,35000,35000,General/Other
909,OP020,DALK- Deep anterior lamellar keratoplasty per eye,36550,43000,43000,General/Other
910,OP021,Keratoprosthesis stage I and II per eye,36550,43000,43000,General/Other
911,OP022,"DSAEK Descemet’s stripping automated endothelial keratoplasty/DMEK-
Descemet membrane endothelial keratoplasty per eye",36550,43000,43000,General/Other
912,OP023,ALTK- Automated lamellar therapeutic keratoplasty per eye,36550,43000,43000,General/Other
913,OP024,Bleb repair with conjunctival autograft per eye,12750,15000,15000,General/Other
914,OP025,Bleb compression sutures per eye,5950,7000,7000,General/Other
915,OP026,Bleb needling with MMC/5-FU per eye,6800,8000,8000,General/Other
916,OP027,Probing and Syringing of lacrimal sac- in one eye,850,1000,1000,General/Other
917,OP028,Probing and Syringing of lacrimal sac- in both eye,1275,1500,1500,General/Other
918,OP029,Dacryocystorhinostomy-Plain,11390,13400,13400,General/Other
919,OP030,"Dacryocystorhinostomy-Plain with intubation and/or with lacrimal implants
excluding the cost of implant per eye",17000,20000,20000,General/Other
920,OP031,"Dacryocystorhinostomy-conjunctival with implant excluding the cost of implant
per eye",17000,20000,20000,General/Other
921,OP032,Canaliculoplasty per eye,4497,5290,5290,General/Other
922,OP033,Dacryocystectomy per eye,7820,9200,9200,General/Other
923,OP034,Punctal plugs for dry eyes - Both Eyes,383,450,450,General/Other
924,OP035,Chalazion incision and curettage in one eye,1700,2000,2000,General/Other
925,OP036,Chalazion incision and curettage in both eyes,2550,3000,3000,General/Other
926,OP037,"Ptosis surgery with Fasanella-Servat procedure /Ptosis surgery with LPS resection
one lid Ptosis surgery with Sling surgery one lid",17000,20000,20000,General/Other
927,OP038,Ectropion surgery- one lid,7225,8500,8500,General/Other
928,OP039,Ectropion surgery- both lids,11390,13400,13400,General/Other
929,OP040,Epicanthus correction - Both Eyes,7225,8500,8500,General/Other
930,OP041,Cantholysis and canthotomy- Both Eyes,2975,3500,3500,General/Other
931,OP042,Entropion surgery- one lid,7225,8500,8500,General/Other
932,OP043,Entropion surgery- both lids,11390,13400,13400,General/Other
933,OP044,Tarsorrhaphy- Both Eyes,2550,3000,3000,General/Other
934,OP045,Suturing of lid lacerations- Both Eyes,4250,5000,5000,General/Other
935,OP046,Lid retraction repair per eye,7225,8500,8500,General/Other
936,OP047,Concretions removal- Both Eyes,425,500,500,General/Other
937,OP048,Bucket handle procedure for lid tumours per eye (for non-malignant conditions),11390,13400,13400,General/Other
938,OP049,Eyelid reconstruction with flap one eye,17000,20000,20000,General/Other
939,OP050,Eyelid reconstruction with flap both eyes,21250,25000,25000,General/Other
940,OP051,Cheek rotation flap for lid tumours per eye (for non-malignant conditions),17000,20000,20000,General/Other
941,OP052,Orbitotomy per eye,23375,27500,27500,General/Other
942,OP053,Enucleation per eye(for non-malignant conditions),11390,13400,13400,General/Other
943,OP054,"Enucleation with orbital implants and artificial (Cost of implants included) per
eye",17000,20000,20000,General/Other
944,OP055,Evisceration per eye,11390,13400,13400,General/Other
945,OP056,"Evisceration with orbital implants and artificial (Cost of implants included)
prosthesis per eye",17000,20000,20000,General/Other
946,OP057,Telecanthus correction- Both Eyes,11390,13400,13400,General/Other
947,OP058,Orbital decompression /with incision or excision biopsy per eye,29750,35000,35000,General/Other
948,OP059,Exenteration per eye,17000,20000,20000,General/Other
949,OP060,Exenteration with skin grafting per eye,29750,35000,35000,General/Other
950,OP061,Fracture orbital repair per eye,29750,35000,35000,General/Other
951,OP062,"Retinal laser procedures -green laser for PRP,retinal tears, ROP,endolaser per eye",2975,3500,3500,General/Other
952,OP063,Retinal detachment surgery (RDS) per eye,23375,27500,27500,General/Other
953,OP064,Retinal detachment surgery (RDS) with scleral buckling per eye,29750,35000,35000,General/Other
954,OP065,Buckle removal per eye,7225,8500,8500,General/Other
955,OP066,Silicone oil removal per eye,7820,9200,9200,General/Other
956,OP067,Anterior retinal cryopexy per eye,4250,5000,5000,General/Other
957,OP068,Squint correction for one eye,11390,13400,13400,General/Other
958,OP069,Squint correction for both eyes,17000,20000,20000,General/Other
959,OP070,Trabeculectomy per eye,17000,20000,20000,General/Other
960,OP071,Trabeculotomy /kahook dual blade goniotomy excluding blade cost per eye,17000,20000,20000,General/Other
961,OP072,Trabeculectomy with Trabeculotomy- Both Eyes,29750,35000,35000,General/Other
962,OP073,Microincisional trabeculectomy(MIT) per eye,21250,25000,25000,General/Other
963,OP074,Surgical posterior capsulotomy one eye,8500,10000,10000,General/Other
964,OP075,Goniotomy per eye,4250,5000,5000,General/Other
965,OP076,Glaucoma surgery with Glaucoma valves (Cost of Valve extra) per eye,17000,20000,20000,General/Other
966,OP077,Cost of the Glaucoma valve/Glaucoma Ahmed valve per eye,15000,15000,15000,General/Other
967,OP078,AC wash per eye,4250,5000,5000,General/Other
968,OP079,Endocyclophotocoagulation per eye,15300,18000,18000,General/Other
969,OP080,Cyclocryotherapy /Trans scleral cyclophotocoagulation TSCPC per eye,4250,5000,5000,General/Other
970,OP081,"YAG Laser iridotomy / Hyaloidotomy/Laser suture lysis post trabeculectomy per
eye",4250,5000,5000,General/Other
971,OP082,YAG Laser capsulotomy per eye,4250,5000,5000,General/Other
972,OP083,ALT-Argon laser trabeculoplasty per eye,4250,5000,5000,General/Other
973,OP084,TTT- Transpupillary thermal therapy per eye,7225,8500,8500,General/Other
974,OP085,PTK- Phototherapeutic keratectomy /PRK for keratoconus per eye,11390,13400,13400,General/Other
975,OP086,Argon/diode laser for retinal detachment per eye,7225,8500,8500,General/Other
976,OP087,"Intralase application for keratoconus /CAIRS Corneal allogenic intrastromal ring
segments per eye excluding the cost of the rings",17000,20000,20000,General/Other
977,OP088,Vitrectomy- pars plana including Fluid air exchange (per eye),29750,35000,35000,General/Other
978,OP089,"Vitrectomy +membrane peeling +fluid air exchange+endolaser+ gas/silicon oil
tamponade per eye",34000,40000,40000,General/Other
979,OP090,"Macular hole surgery- Vitrectomy +membrane peeling + ILM peeling+ fluid air
exchange+endolaser+ gas/silicon oil tamponade per eye",34850,41000,41000,General/Other
980,OP091,Vitrectomy +phaco fragmentation/ IOL drop +/- secondary IOL per eye,21250,25000,25000,General/Other
981,OP092,Anterior vitrectomy per eye,6800,8000,8000,General/Other
982,OP093,Membranectomy one eye,10200,12000,12000,General/Other
983,OP094,Membranectomy both eyes,12750,15000,15000,General/Other
984,OP095,Intravitreal injections of antibiotics excluding the cost of the antibiotic per eye,4250,5000,5000,General/Other
985,OP096,"Intravitreal Injection of drugs (Ranibizumab/ Aflibercept etc) excluding the cost
of the drug per eye",4250,5000,5000,General/Other
986,OP097,"Intravitreal Insertion of Drug Implant excluding cost of the Drug Implant
(Ozurdex,...etc) per eye",5100,6000,6000,General/Other
987,OP098,"Extracapsular cataract extraction (ECCE) with IOL excluding the cost of IOL per
eye",11390,13400,13400,General/Other
988,OP099,"Small Incision Cataract Surgery (SICS) with IOL excluding the cost of IOL per
eye",11390,13400,13400,General/Other
989,OP100,"Phaco with foldable IOL (silicone and acrylic)/PMMA IOL / MICS surgery
excluding the cost of IOL per eye",14450,17000,17000,General/Other
990,OP101,,14450,17000,17000,General/Other
991,OP102,"Secondary IOL implantation- AC IOL PC IOL or scleral fixated IOL excluding
the cost of IOL per eye",17000,20000,20000,General/Other
992,OP103,"Cataract extraction with IOL with capsular tension rings (Cionni’s ring)(cost of
the ring included) excluding the cost of IOL per eye",29750,35000,35000,General/Other
993,OP104,"Paediatric cataract surgery +parsplana capsulotomy + anterior vitrectomy
excluding the cost of IOL - one eye",17000,20000,20000,General/Other
994,OP105,"Paediatric cataract surgery +parsplana capsulotomy + anterior vitrectomy
excluding the cost of IOL - Both Eyes",21250,25000,25000,General/Other
995,OP106,IOL exchange [excluding IOL cost] per eye,8500,10000,10000,General/Other
996,OP107,IOL reposition per eye,5100,6000,6000,General/Other
997,OP108,IOL explantation per eye,6800,8000,8000,General/Other
998,OP109,Iridodialysis repair or pupillary reconstruction /Cyclodialysis repair per eye,11390,13400,13400,General/Other
999,OP110,Iris cyst removal /synechiolysis/surgical iridectomy per eye,4250,5000,5000,General/Other
1000,OP111,Lid Abscess incision and Drainage per eye,4250,5000,5000,General/Other
1001,OP112,Orbital Abscess incision and Drainage per eye,7225,8500,8500,General/Other
1002,OP113,"Excision Biopsy of lid, conjunctiva, cornea per eye",7820,9200,9200,General/Other
1003,OP114,Paracentesis (eye) per eye,4250,5000,5000,General/Other
1004,OP115,Scleral graft for scleral melting or perforation per eye,11390,13400,13400,General/Other
1005,OP116,Amniotic membrane grafting /symblepharon release with AMG per eye,11390,13400,13400,General/Other
1006,OP117,Intraocular foreign body removal per eye,7225,8500,8500,General/Other
1007,OP118,Electrolysis (eye) - Both Eyes,850,1000,1000,General/Other
1008,OP119,Perforating injury repair (eye) per eye,11390,13400,13400,General/Other
1009,OP120,"Botulinum injection for blepharospasm or squint /epiphora/entropion/lid retraction
(excluding cost of drug) per eye",4250,5000,5000,General/Other
1010,OP121,"C3F8 GAS Injection intravitreal for descemetopexy/retinopexy/pneumatopexy
(per eye)",4250,5000,5000,General/Other
1011,OP122,Silicone Oil injection (per eye),4250,5000,5000,General/Other
1012,OP123,Epiretinal Membrane (ERM) Peeling (per eye),5950,7000,7000,General/Other
1013,OP124,Epiretinal Membrane (ERM) Removal (per eye),2550,3000,3000,General/Other
1014,OP125,Internal limiting membrane (ILM) peeling (per eye),2550,3000,3000,General/Other
1015,OP126,Punctoplasty (per eye),5525,6500,6500,General/Other
1016,OP127,Punctal plug(Collagen/silicone) per eye,3400,4000,4000,General/Other
1017,OP128,Laser Trabeculoplasty Gonioplasty - Both Eyes,13600,16000,16000,General/Other
1018,OP129,Eye laser pulse therapy /Lipiflow/IPL [Intense pulse light] per eye,2975,3500,3500,General/Other
1019,OP130,Malyugin Ring /pupil dilator/iris expander per eye,8500,10000,10000,General/Other
1020,OP131,Globe exploration per eye,8500,10000,10000,General/Other
1021,OP132,Scleral Fixation Tissue glue /fibrin glue per eye,7140,8400,8400,General/Other
1022,OP133,PFCL Injection Per Eye Including Cost of The Drug,2321,2730,2730,General/Other
1023,OP134,Methylprednisolone Injection IV Infusion per day Excluding the cost of the drug,2125,2500,2500,General/Other
1024,OP135,Retinoblastoma[RB] EUA both eyes,2550,3000,3000,General/Other
1025,OP136,"RB intravitreal/intravenous/subtenons chemotherapy affected eye excluding the
cost of the chemotherapy drug",2975,3500,3500,General/Other
1026,OP137,RB TTT/ Cryotherapy affected eye,3825,4500,4500,General/Other
1027,OP138,Plaque brachytherapy-surface affected eye,12750,15000,15000,General/Other
1028,OP139,Plaque brachytherapy-intraocular affected eye,17000,20000,20000,General/Other
1029,OP140,Simple limbal stem cell transplant SLET per eye,17000,20000,20000,General/Other
1030,OP141,Mucous membrane grafting MMG one eyelid,17000,20000,20000,General/Other
1031,OP142,Mucous membrane grafting MMG two eyelids,21250,25000,25000,General/Other
1032,OP143,iStent Inject per eye including the cost of consumables and implant,68000,80000,80000,General/Other
1033,OP144,Orthoptic exercises per session,213,250,250,General/Other
1034,OP145,Pleoptic exercises per session,213,250,250,General/Other
1035,EI001,Impedance with stapedial reflex / Impedance Audiometry,510,600,600,General/Other
1036,EI002,Pure Tone Audiogram / Pure Tone Audiometry / PTA,383,450,450,General/Other
1037,EI003,Short Increment Sensitivity Index (SISI) Tone Decay,340,400,400,General/Other
1038,EI004,Speech Assessment,340,400,400,General/Other
1039,EI005,Speech Discrimination Score,340,400,400,General/Other
1040,EI006,Multiple hearing assessment test to Adults,340,400,400,General/Other
1041,EI007,BERA (Brain stem evoked response audiometry),2125,2500,2500,General/Other
1042,EI008,OAE (Otoacoustic Emission Test),1071,1260,1260,General/Other
1043,EI009,Hearing Aid Trail,170,200,200,General/Other
1044,EI010,Vestibular Evoked Myogenic Potential (VEMP),2338,2750,2750,General/Other
1045,EI011,Cold Calorie Test for Vestibular function,510,600,600,General/Other
1046,EI012,Electronystagmography (ENG),1275,1500,1500,General/Other
1047,EI013,Videonystagmography(VNG),2125,2500,2500,General/Other
1048,EI014,Video Laryngoscopy,5100,6000,6000,General/Other
1049,EI015,Videostroboscopy,4675,5500,5500,General/Other
1050,EI016,Fibreoptic examination of Larynx (FOL) under LA,4250,5000,5000,General/Other
1051,EI017,Fibro optic Nasal Endoscopy,1955,2300,2300,General/Other
1052,EP001,Removal of foreign body From Nose,595,700,700,General/Other
1053,EP002,Removal of foreign body From Ear/otoscopy diagnostic or therapeutic,595,700,700,General/Other
1054,EP003,Syringing (Ear),425,500,500,General/Other
1055,EP004,Polyp removal under LA (Larynx),4250,5000,5000,General/Other
1056,EP005,Polyp removal under GA (Larynx),7820,9200,9200,General/Other
1057,EP006,Peritonsillar abscess Drainage under LA,7225,8500,8500,General/Other
1058,EP007,Myringoplasty,23375,27500,27500,General/Other
1059,EP008,Stapedectomy,23375,27500,27500,General/Other
1060,EP009,Myringotomy with Grommet Insertion,11390,13400,13400,General/Other
1061,EP010,Tympanotomy,23375,27500,27500,General/Other
1062,EP011,Tympanoplasty,29750,35000,35000,General/Other
1063,EP012,Mastoidectomy,29750,35000,35000,General/Other
1064,EP013,Otoplasty,29750,35000,35000,General/Other
1065,EP014,Labyrinthectomy,29750,35000,35000,General/Other
1066,EP015,Skull Base Surgery,45050,53000,53000,General/Other
1067,EP016,Facial Nerve Decompression,36550,43000,43000,General/Other
1068,EP017,Septoplasty,23375,27500,27500,General/Other
1069,EP018,Submucous Resection,11390,13400,13400,General/Other
1070,EP019,Septo-Rhinoplasty,36550,43000,43000,General/Other
1071,EP020,Rhinoplasty- Non-cosmetic,29750,35000,35000,General/Other
1072,EP021,Fracture Reduction of Nasal Bone,11390,13400,13400,General/Other
1073,EP022,Intra Nasal Diathermy,5100,6000,6000,General/Other
1074,EP023,Turbinectomy,11390,13400,13400,General/Other
1075,EP024,Endoscopic Dacryocystorhinostomy (DCR),29750,35000,35000,General/Other
1076,EP025,Endoscopic Surgery (ENT),29750,35000,35000,General/Other
1077,EP026,Septal Perforation Repair,23375,27500,27500,General/Other
1078,EP027,Antrum Puncture,2550,3000,3000,General/Other
1079,EP028,Lateral Rhinotomy,17000,20000,20000,General/Other
1080,EP029,Cranio-Facial resection,36550,43000,43000,General/Other
1081,EP030,Angiofibroma Excision,36550,43000,43000,General/Other
1082,EP031,Endoscopic Hypophysectomy,45050,53000,53000,General/Other
1083,EP032,Endoscopic Optic Nerve Decompression,45050,53000,53000,General/Other
1084,EP033,Tonsillectomy,23375,27500,27500,General/Other
1085,EP034,Uvulo-palatoplasty,29750,35000,35000,General/Other
1086,EP035,Functional Endoscopic Sinus Surgery (FESS) for Antrochoanal polyp,29750,35000,35000,General/Other
1087,EP036,Functional Endoscopic Sinus Surgery (FESS) for Ethmoidal polyp,29750,35000,35000,General/Other
1088,EP037,Polyp removal ear,4250,5000,5000,General/Other
1089,EP038,Polyp removal Nose (Septal polyp),7225,8500,8500,General/Other
1090,EP039,"Mastoidectomy plus Ossiculoplasty including TORP (Total Ossicular
Replacement Prosthesis) or PORP (Partial Ossicular Replacement Prosthesis)",29750,35000,35000,General/Other
1091,EP040,Endolymphatic sac decompression,36550,43000,43000,General/Other
1092,EP041,Diagnostic endoscopy under GA,4250,5000,5000,General/Other
1093,EP042,Young's operation for Atrophic rhinitis,17000,20000,20000,General/Other
1094,EP043,Vidian neurectomy for vasomotor Rhinitis,23375,27500,27500,General/Other
1095,EP044,Nasal Packing-anterior,2125,2500,2500,General/Other
1096,EP045,Nasal Packing-Posterior,2550,3000,3000,General/Other
1097,EP046,Ranula Excision,17000,20000,20000,General/Other
1098,EP047,Tongue Tie excision,7225,8500,8500,General/Other
1099,EP048,Sub Mandibular Duct Lithotomy,5780,6800,6800,General/Other
1100,EP049,Adenoidectomy,17000,20000,20000,General/Other
1101,EP050,Palatopharyngoplasty,29750,35000,35000,General/Other
1102,EP051,Pharyngoplasty,36550,43000,43000,General/Other
1103,EP052,Styloidectomy,17000,20000,20000,General/Other
1104,EP053,Direct Laryngoscopy including Biopsy under GA,11390,13400,13400,General/Other
1105,EP054,Oesophagoscopy with foreign body removal from Oesophagus,11390,13400,13400,General/Other
1106,EP055,Bronchoscopy with foreign body (FB) removal,11390,13400,13400,General/Other
1107,EP056,Ear Lobe Repair one side,3400,4000,4000,General/Other
1108,EP057,Excision of Pinna for non-cancerous Growth/Injuries - Skin Only,7820,9200,9200,General/Other
1109,EP058,Excision of Pinna for non-cancerous/ Injuries - Skin and Cartilage,11390,13400,13400,General/Other
1110,EP059,Partial Amputation of Pinna,11390,13400,13400,General/Other
1111,EP060,Total Amputation of Pinna,17000,20000,20000,General/Other
1112,EP061,Total Amputation & Excision of External Auditory Meatus,17000,20000,20000,General/Other
1113,EP062,Excision of Cystic Hygroma,17000,20000,20000,General/Other
1114,EP063,Excision of Cystic Hygroma Extensive,23375,27500,27500,General/Other
1115,EP064,Excision of Branchial Cyst,23375,27500,27500,General/Other
1116,EP065,Excision of Branchial Sinus,23375,27500,27500,General/Other
1117,EP066,Excision of Pharyngeal Diverticulum,23375,27500,27500,General/Other
1118,EP067,Excision of Carotid Body / Carotid Body Tumours,36550,43000,43000,General/Other
1119,EP068,Operation for Cervical Rib,29750,35000,35000,General/Other
1120,EP069,Estlander Operation (Estlander flap in plastic surgery of lips),29750,35000,35000,General/Other
1121,EP070,Abbe Operation (Abbe flap in plastic surgery of lips),23375,27500,27500,General/Other
1122,EP071,Cheek Advancement,29750,35000,35000,General/Other
1123,EP072,Excision of the Maxilla,36550,43000,43000,General/Other
1124,EP073,Excision of mandible-segmental,29750,35000,35000,General/Other
1125,EP074,Parotidectomy - Superficial,29750,35000,35000,General/Other
1126,EP075,Parotidectomy - Total,36550,43000,43000,General/Other
1127,EP076,Repair of Parotid Duct,23375,27500,27500,General/Other
1128,EP077,Removal of Submandibular Salivary gland,23375,27500,27500,General/Other
1129,EP078,Hemithyroidectomy,29750,35000,35000,General/Other
1130,EP079,Partial Thyroidectomy (lobectomy),29750,35000,35000,General/Other
1131,EP080,Subtotal Thyroidectomy,36550,43000,43000,General/Other
1132,EP081,Total Thyroidectomy,45050,53000,53000,General/Other
1133,EP082,Resection Enucleation of thyroid Adenoma,23375,27500,27500,General/Other
1134,EP083,Excision of Lingual Thyroid,29750,35000,35000,General/Other
1135,EP084,Excision of Thyroglossal Cyst/Duct/Fistula,29750,35000,35000,General/Other
1136,EP085,Laryngectomy,45050,53000,53000,General/Other
1137,EP086,Hyoid Suspension,23375,27500,27500,General/Other
1138,EP087,Genioplasty,29750,35000,35000,General/Other
1139,EP088,Phonosurgery,23375,27500,27500,General/Other
1140,EP089,Microlaryngeal Surgery,23375,27500,27500,General/Other
1141,EP090,Laryngofissure,36550,43000,43000,General/Other
1142,EP091,Tracheal Stenosis Excision,36550,43000,43000,General/Other
1143,EP092,Tracheostomy,11390,13400,13400,General/Other
1144,CC001,"ICU/CCU/PICU/MICU/HDU (For all categories of ward entitlement, inclusive of
Room Rent)",5400,5400,5400,General/Other
1145,CC002,Compressed Air / Piped Oxygen per hour,85,100,100,General/Other
1146,CC003,Ventilator charges (Per day) inclusive of associated disposables,2550,3000,3000,General/Other
1147,CC004,Non invasive Ventilator charges (Per day)( inclusive of associated disposables),510,600,600,General/Other
1148,CC005,Pneupac Ventilator in Nursery (Per day),2210,2600,2600,General/Other
1149,CC006,Incubator charges (Per day),1275,1500,1500,General/Other
1150,CC007,Neonatal ICU charges (Per day) inclusive of incubator,5400,5400,5400,General/Other
1151,CC008,Exchange Transfusion,2975,3500,3500,General/Other
1152,CC009,Phototherapy per session (up to 6 Hours),340,400,400,General/Other
1153,CC010,Resuscitation/CPR/Intubation,1275,1500,1500,General/Other
1154,CC011,PICC line (peripherally inserted Central Cannulisation),4250,5000,5000,General/Other
1155,CC012,Nebulization Per Session,43,50,50,General/Other
1156,CC013,PICC Line Removal,850,1000,1000,General/Other
1157,CC014,Ryles Tube Insertion,765,900,900,General/Other
1158,BC001,Blood Component Charges - Whole Blood per Unit,1550,1550,1550,General/Other
1159,BC002,Blood Component Charges - Packed Red Cell per Unit,1550,1550,1550,General/Other
1160,BC003,Blood Component Charges - Fresh Frozen Plasma,400,400,400,General/Other
1161,BC004,Platelet Concentrate- Random Donor Platelet (RDP),400,400,400,General/Other
1162,BC005,Blood Component Charges - Cryoprecipitate,250,250,250,General/Other
1163,BC006,Platelet Concentrate – Single Donor Platelet (SDP)- Apheresis per unit,11000,11000,11000,General/Other
1164,GP001,Dressings of wounds,255,300,300,General/Other
1165,GP002,Aspiration Pleural Effusion - Diagnostic,595,700,700,General/Other
1166,GP003,Aspiration Pleural Effusion - Therapeutic,595,700,700,General/Other
1167,GP004,"Abdominal / Peritoneal Aspiration – Diagnostic/Ascitic tapping / Paracentesis -
Diagnostic",595,700,700,General/Other
1168,GP005,"Abdominal / Peritoneal Aspiration – Therapeutic/Ascitic tapping / Paracentesis -
Therapeutic",638,750,750,General/Other
1169,GP006,Removal of Sutures (All),170,200,200,General/Other
1170,GP007,Venesection,595,700,700,General/Other
1171,GP008,Sternal puncture,1700,2000,2000,General/Other
1172,GP009,Urinary bladder Catheterisation,595,700,700,General/Other
1173,GP010,Incision & Drainage under local Anaesthesia (Large),1955,2300,2300,General/Other
1174,GP011,Intercostal Drainage,2975,3500,3500,General/Other
1175,GP012,Drainage of abscess with anaesthesia,11390,13400,13400,General/Other
1176,GP013,Excision of lumps under anaesthesia,11390,13400,13400,General/Other
1177,HN001,Temporal Bone Subtotal Resection,36550,43000,49450,General/Other
1178,HN002,Benign Tumour Excisions of Head and Neck,23375,27500,31625,General/Other
1179,SK001,Excision of Moles,850,1000,1000,General/Other
1180,SK002,Excision of Warts,850,1000,1000,General/Other
1181,SK003,Excision of Molluscum Contagiosum,850,1000,1000,General/Other
1182,SK004,Excision of Venereal Warts,850,1000,1000,General/Other
1183,SK005,Excision of Corns,850,1000,1000,General/Other
1184,SK006,"Intradermal (ID) Injection Keloid (Intralesional Injection) including the cost of the
drug",850,1000,1000,General/Other
1185,SK007,Chemical Cautery (s)/Cryotherapy,850,1000,1000,General/Other
1186,CI001,Electrocardiogram (ECG),149,175,175,General/Other
1187,CI002,Treadmill Test (TMT),952,1120,1120,General/Other
1188,CI003,Holter analysis per day,2125,2500,2500,General/Other
1189,CI004,Ambulatory BP monitoring per day,850,1000,1000,General/Other
1190,CI005,Head Up Tilt Test (HUTT),7820,9200,9200,General/Other
1191,CI006,External Loop/event recording -first day Rs.1500,1275,1500,1500,General/Other
1192,CI007,"External Loop/event recording - subsequent Days 1000/day (Maximum up to 6
days)",850,1000,1000,General/Other
1193,CI008,Diagnostic Electrophysiological studies conventional (Including catheter),61710,72600,72600,General/Other
1194,CI009,Stress Thallium / Myocardial Perfusion Scintigraphy,11390,13400,13400,General/Other
1195,CI010,Rest Thallium / Myocardial Perfusion Scintigraphy,8160,9600,9600,General/Other
1196,CI011,Venography,4250,5000,5000,General/Other
1197,CI012,Lymphangiography,4250,5000,5000,General/Other
1198,CI013,Sinogram,1700,2000,2000,General/Other
1199,CI014,Digital Subtraction Angiography-Peripheral artery,12419,14610,14610,General/Other
1200,CI015,Digital Subtraction Angiography- venogram,12419,14610,14610,General/Other
1201,CI016,Coronary Angiography,11390,13400,13400,General/Other
1202,CI017,Cardiac Catheterization (CATH),12665,14900,14900,General/Other
1203,CP001,"Balloon Coronary Angioplasty / Percutaneous transluminal coronary angioplasty
(PTCA) /Percutaneous coronary intervention (PCI) with Vascular closure device
(VCD) excluding the cost of Stent. Cost of Drug Eluting Balloon allowed in lieu
of Stent",82450,97000,111550,General/Other
1204,CP002,"Balloon Coronary Angioplasty / Percutaneous transluminal coronary angioplasty
(PTCA) / Percutaneous coronary intervention (PCI) without Vascular closure
device (VCD) excluding the cost of Stent.Cost of Drug Eluting Balloon allowed
in lieu of Stent",71166,83725,96284,General/Other
1205,CP003,Rotablation excluding the cost of Rotablator Burr/Advancer,52553,61827,71101,General/Other
1206,CP004,"Balloon Mitral Valvotomy / Percutaneous Transvenous Mitral Commissurotomy
(PTMC)",82450,97000,111550,General/Other
1207,CP005,"Temporary Pacemaker Implantation (TPI) (Temporary Cardiac Pacing) Single
Chamber",17952,21120,24288,General/Other
1208,CP006,"Permanent pacemaker implantation (PPI)- Single Chamber excluding the cost of
Pacemaker",29920,35200,40480,General/Other
1209,CP007,"Permanent pacemaker implantation- Dual Chamber excluding the cost of
Pacemaker",40205,47300,54395,General/Other
1210,CP008,"Permanent pacemaker implantation (PPI)- Biventricular excluding the cost of
pacemaker",46400,54588,62776,General/Other
1211,CP009,"Automatic implantable cardioverter defibrillator (AICD) Single Chamber -
excluding the cost of Device",46750,55000,63250,General/Other
1212,CP010,"Automatic implantable cardioverter defibrillator (AICD) Dual Chamber excluding
the cost of Device",48947,57585,66223,General/Other
1213,CP011,Combo Device Implantation excluding the cost of Device,55165,64900,74635,General/Other
1214,CP012,Radiofrequency (RF) Ablation Conventional,82450,97000,111550,General/Other
1215,CP013,Radiofrequency (RF) Ablation Atrial Tachycardia/CARTO,153000,180000,207000,General/Other
1216,CP014,Intra-aortic balloon pump (IABP) excluding the cost of the balloon,29750,35000,40250,General/Other
1217,CP015,Intra vascular coiling excluding cost of the coils,64600,76000,87400,General/Other
1218,CP016,Balloon Septostomy,28050,33000,37950,General/Other
1219,CP017,"Aortic Valve Balloon Dilatation (AVBD) / Pulmonary Valve Balloon Dilatation
(PVBD)",52734,62040,71346,General/Other
1220,CP018,"Peripheral Angioplasty with Vascular Closure Device (VCD) excluding the cost
of Stent",51893,61050,70208,General/Other
1221,CP019,"Peripheral Angioplasty without Vascular Closure Device (VCD) excluding the
cost of Stent",45050,53000,60950,General/Other
1222,CP020,Renal Angioplasty excluding the cost of Stent,51425,60500,69575,General/Other
1223,CP021,"Transcatheter Aortic Valve Implantation (TAVI) / Transcatheter Aortic Valve
Replacement (TAVR) – Procedure Cost. (Approval of Director, CGHS in
consultation with Special Technical Committee (STC) is required for this
procedure)",85000,100000,115000,General/Other
1224,CP022,TAVI / TAVR Implant (cost of implant only),1284000,1284000,1284000,General/Other
1225,CP023,"Cost of Intravascular ultrasound (IVUS) Catheter excluding GST(Procedure
Charge included in PTCA)",55000,55000,55000,General/Other
1226,CP024,"Cost of Fractional flow reserve (FFR) Catheter excluding GST (Procedure Charge
included in PTCA)",33000,33000,33000,General/Other
1227,CP025,"Catheter cost of Intracoronary optical coherence tomography (OCT) /
Intravascular optical coherence tomography (IVOCT) / Intravascular Ventricular
Assist System excluding GST(Procedure cost is included in PTCA)",65000,65000,65000,General/Other
1228,CP026,"IVL (Coronary Intra vascular Lithotripsy / Shock wave Lithotripsy – Including
GST (Approval of Director, CGHS in consultation with Special Technical
Committee (STC) is required for this procedure)",268000,268000,268000,General/Other
1229,CV001,Varicose vein Surgery-Trendelenburg Operation with Suturing or Ligation,21505,25300,29095,General/Other
1230,CV002,"Radio Ablation of Varicose Veins (RFA Ablation) excluding the cost of RFA
Catheter",7948,9350,10753,General/Other
1231,CV003,Laser Ablation of Varicose Veins,37400,44000,50600,General/Other
1232,CV004,Atrial Septal Defect (ASD) closure excluding the cost of the Device,93500,110000,126500,General/Other
1233,CV005,"Ventricular Septal Defect (VSD) with Graft / VSD Device Closure excluding the
cost of the Device",102000,120000,138000,General/Other
1234,CV006,Tetralogy of Fallot (TOF)/TAPVC/TCPC/REV/RSOV repair,153000,180000,207000,General/Other
1235,CV007,BD Glenn/Left Atrium Myxoma,153000,180000,207000,General/Other
1236,CV008,Senning/Arterial Switch Operation (ASO) with graft,153000,180000,207000,General/Other
1237,CV009,Double Switch Operation (DSO),200600,236000,271400,General/Other
1238,CV010,Atrioventricular(AV) Canal Repair,200600,236000,271400,General/Other
1239,CV011,Fontan Procedure,232900,274000,315100,General/Other
1240,CV012,Conduit Repair,200600,236000,271400,General/Other
1241,CV013,Coronary Artery Bypass Graft surgery (CABG),153000,180000,207000,General/Other
1242,CV014,"Coronary Artery Bypass Graft surgery (CABG) + Intra-Aortic Balloon Pump
(IABP)",200600,236000,271400,General/Other
1243,CV015,"Coronary Artery Bypass Graft surgery (CABG) + Valve Replacement excluding
the cost of the valve",232900,274000,315100,General/Other
1244,CV016,CABG without bypass.,200600,236000,271400,General/Other
1245,CV017,Ascending Aorta Replacement,232900,274000,315100,General/Other
1246,CV018,Double Valve Replacement (DVR),200600,236000,271400,General/Other
1247,CV019,"Mitral valve Replacement(MVR)/ Aortic valve Replacement (AVR)/ Tricuspid
Valve Replacement (TVR) / Pulmonary valve replacement (PVR)",153000,180000,207000,General/Other
1248,CV020,"Mitral valve (MV) Repair + Aortic valve (AV) Repair / Tricuspid Valve (TV)
Repair + Pulmonary valve (PV) repair",153000,180000,207000,General/Other
1249,CV021,Aorta Femoral Bypass,109650,129000,148350,General/Other
1250,CV022,Blalock-Taussig Shunt (BT Shunt) / Coarctation,129200,152000,174800,General/Other
1251,CV023,Pulmonary Artery Banding (PA Banding) Septostomy,129200,152000,174800,General/Other
1252,CV024,Pericardiocentesis,8500,10000,10000,General/Other
1253,CV025,Pericardiectomy,129200,152000,174800,General/Other
1254,CV026,Patent Ductus Arteriosus (PDA)-Device Closure,93500,110000,126500,General/Other
1255,CV027,"Heart Transplant Surgery (As per Guidelines mentioned in OM.No. Z-
42011/11/2021-MG/EHS Dated 1st December, 2023)",1500000,1500000,1500000,General/Other
1256,CV028,Aortic Arch Replacement,232900,274000,315100,General/Other
1257,CV029,Aortic Dissection,232900,274000,315100,General/Other
1258,CV030,Thoraco Abdominal Aneurysm Repair,200600,236000,271400,General/Other
1259,CV031,Embolectomy,64600,76000,87400,General/Other
1260,CV032,Vascular Repair,64600,76000,87400,General/Other
1261,CV033,Bentall Repair with Prosthetic Valve,232900,274000,315100,General/Other
1262,CV034,Bentall Repair with Biologic Valve,200600,236000,271400,General/Other
1263,CV035,"Coarctation dilatation / Balloon dilatation of Aortic coarctation -Excluding the
cost of Balloon",66946,78760,90574,General/Other
1264,CV036,Coarctation dilatation with Stenting,53550,63000,72450,General/Other
1265,CV037,Septostomy- Blade,53550,63000,72450,General/Other
1266,CV038,Aortic stent grafting for aortic aneurysm,153000,180000,207000,General/Other
1267,CV039,Inferior Vena Cava (IVC) filter implantation- excluding the cost of filter,28050,33000,37950,General/Other
1268,CV040,"Video Assisted Thoracoscopic Surgery (VATS) for Decortication of
Lungs/Thymectomy/Other Major Surgeries",153000,180000,207000,General/Other
1269,GS001,"Sclerotherapy Injection / Banding of Haemorrhoids (cost of drug/sclerotherapy
agent/band extra)",595,700,700,General/Other
1270,GS002,Injection for Varicose Veins (cost of drug/sclerotherapy agent extra),595,700,700,General/Other
1271,GS003,Suturing of small wounds,1169,1375,1375,General/Other
1272,GS004,Secondary suture of wounds,3740,4400,4400,General/Other
1273,GS005,Debridement of wounds - Small,1403,1650,1650,General/Other
1274,GS006,Phimosis Under LA,5100,6000,6000,General/Other
1275,GS007,Removal Of Foreign Bodies -without C-ARM,1275,1500,1500,General/Other
1276,GS008,Toe Nail Removal,850,1000,1000,General/Other
1277,GS009,Excision of Cervical Lymph Node under Local Anaesthesia,2635,3100,3100,General/Other
1278,GS010,Excision of Axillary Lymph Node under General Anaesthesia,7225,8500,8500,General/Other
1279,GS011,Excision of Inguinal Lymph Node under Local Anaesthesia,2550,3000,3000,General/Other
1280,GS012,Excision of Sebaceous Cysts,4250,5000,5000,General/Other
1281,GS013,Excision of Superficial Lipoma,4250,5000,5000,General/Other
1282,GS014,Excision of Superficial Neurofibroma,4250,5000,5000,General/Other
1283,GS015,Excision of Dermoid Cysts,4250,5000,5000,General/Other
1284,GS016,Excision of Keloid,7820,9200,9200,General/Other
1285,GS017,Excision of mammary fistula,23375,27500,27500,General/Other
1286,GS018,Haemorrhoidectomy,28050,33000,33000,General/Other
1287,GS019,Stapler haemorrhoidectomy excluding the cost of Stapler,29750,35000,35000,General/Other
1288,GS020,Debridement of Large wounds including Diabetic Wound under Anaesthesia,23375,27500,27500,General/Other
1289,GI001,Gastro Oesophageal Reflux Study (GER Study),2550,3000,3000,General/Other
1290,GI002,Meckel's Scan,2550,3000,3000,General/Other
1291,GI003,Hepatobiliary Scintigraphy.,3400,4000,4000,General/Other
1292,GI004,Gastrointestinal Bleed (GloB.) Study with Technetium 99m labeled RBCs.,5100,6000,6000,General/Other
1293,GI005,Gastric Emptying,2125,2500,2500,General/Other
1294,GI006,Hepatosplenic scintigraphy with Technetium-99m radiopharmaceuticals,4250,5000,5000,General/Other
1295,GI007,Diagnostic Angiography,7820,9200,9200,General/Other
1296,GI008,Oesophageal pH metry,7820,9200,9200,General/Other
1297,GI009,Oesophageal Manometry,7820,9200,9200,General/Other
1298,GI010,Small Bowel Manometry,8500,10000,10000,General/Other
1299,GI011,Anorectal manometry,36550,43000,43000,General/Other
1300,GI012,Colonic manometry,29750,35000,35000,General/Other
1301,GI013,Biliary Manometry,36550,43000,43000,General/Other
1302,GI014,Breath Tests (Urea breath test/ H. pylori breath test)/RUT,2457,2890,2890,General/Other
1303,MG001,Gastroscopy/Upper GI Endoscopy with or without Biopsy,3400,4000,4000,General/Other
1304,MG002,Lower GI Endoscopy(Colonoscopy/Sigmoidoscopy) with or without Biopsy,5100,6000,6000,General/Other
1305,MG003,Endoscopic mucosal resection,11390,13400,13400,General/Other
1306,MG004,Endoscopic Polypectomy - GIT,17000,20000,20000,General/Other
1307,MG005,Oesophageal Stricture dilatation,7820,9200,9200,General/Other
1308,MG006,Balloon dilatation of achalasia cardia,11390,13400,13400,General/Other
1309,MG007,Gastrointestinal (GIT) Foreign body removal,17000,20000,20000,General/Other
1310,MG008,Oesophageal stenting excluding the cost of stent,11390,13400,13400,General/Other
1311,MG009,Band ligation of oesophageal varices,7225,8500,8500,General/Other
1312,MG010,Sclerotherapy of oesophageal varices,7225,8500,8500,General/Other
1313,MG011,Glue injection of varices,11390,13400,13400,General/Other
1314,MG012,Argon plasma coagulation,7820,9200,9200,General/Other
1315,MG013,Pyloric balloon dilatation,7225,8500,8500,General/Other
1316,MG014,Enteral stenting excluding cost of the stent,17000,20000,20000,General/Other
1317,MG015,Duodenal stricture dilation,7225,8500,8500,General/Other
1318,MG016,Single balloon enteroscopy,11390,13400,13400,General/Other
1319,MG017,Double balloon enteroscopy,17000,20000,20000,General/Other
1320,MG018,Capsule endoscopy excluding the cost of capsule,11390,13400,13400,General/Other
1321,MG019,Piles banding,4250,5000,5000,General/Other
1322,MG020,Colonic stricture dilatation,7225,8500,8500,General/Other
1323,MG021,Hot biopsy forceps procedures,7225,8500,8500,General/Other
1324,MG022,Colonic stenting excluding cost of the stent,11390,13400,13400,General/Other
1325,MG023,Junction biopsy,4250,5000,5000,General/Other
1326,MG024,Conjugal microscopy,7225,8500,8500,General/Other
1327,MG025,"ERCP (Endoscopic Retrograde Cholangio –
Pancreatography) Diagnostic",11390,13400,13400,General/Other
1328,MG026,Endoscopic sphincterotomy by ERCP,17000,20000,23000,General/Other
1329,MG027,Common Bile Duct (CBD) stone extraction by ERCP,17000,20000,23000,General/Other
1330,MG028,Common Bile Duct (CBD) stricture dilatation by ERCP,17000,20000,23000,General/Other
1331,MG029,Biliary stenting (plastic and metallic) by ERCP,17000,20000,23000,General/Other
1332,MG030,Mechanical lithotripsy of CBD stones by ERCP,29750,35000,40250,General/Other
1333,MG031,Pancreatic sphincterotomy by ERCP,17000,20000,23000,General/Other
1334,MG032,Pancreatic stricture dilatation by ERCP,17000,20000,23000,General/Other
1335,MG033,Pancreatic stone extraction by ERCP,17000,20000,23000,General/Other
1336,MG034,Mechanical lithotripsy of pancreatic stones,29750,35000,40250,General/Other
1337,MG035,Endoscopic cysto gastrostomy,17000,20000,23000,General/Other
1338,MG036,Balloon dilatation of papilla,17000,20000,23000,General/Other
1339,MG037,Percutaneous Transhepatic Biliary Drainage (PTBD),17000,20000,23000,General/Other
1340,MG038,Vascular Embolization,36550,43000,49450,General/Other
1341,MG039,Transjugular Intrahepatic Portosystemic Shunt (TIPS),45050,53000,60950,General/Other
1342,MG040,Inferior Vena Cava (IVC) Venography and Hepatic Vein (HV Venography),36550,43000,49450,General/Other
1343,MG041,Muscular Stenting,45050,53000,60950,General/Other
1344,MG042,Balloon-Occluded Retrograde Intravenous Obliteration (BRTO),45050,53000,60950,General/Other
1345,MG043,Portal Haemodynamic Studies,7225,8500,8500,General/Other
1346,MG044,Sengstaken Blakemore (SB) Tube Tamponade,7820,9200,9200,General/Other
1347,MG045,Lintas Machles Tube Tempode,5100,6000,6000,General/Other
1348,MG046,EUS (Endoscopic Ultrasound) guided FNAC Excluding the cost of the Needle,14025,16500,16500,General/Other
1349,AG001,Atresia of Oesophagus and Tracheo Oesophageal Fistula,45050,53000,60950,General/Other
1350,AG002,"Operations for Replacement of Oesophagus by Colon / Colon-Inter position or
Replacement of Oesophagus",45050,53000,60950,General/Other
1351,AG003,Heller’s Operation,36550,43000,49450,General/Other
1352,AG004,Oesophageal Intubation (Mousseau Barbin Tube),23375,27500,31625,General/Other
1353,AG005,Achalasia Cardia Transthoracic,36550,43000,49450,General/Other
1354,AG006,Achalasia Cardia Abdominal,36550,43000,49450,General/Other
1355,AG007,Pyloromyotomy,23375,27500,31625,General/Other
1356,AG008,Gastrostomy,23375,27500,31625,General/Other
1357,AG009,Simple Closure of Perforated peptic Ulcer,29750,35000,40250,General/Other
1358,AG010,Vagotomy Pyloroplasty / Gastro Jejunostomy,36550,43000,49450,General/Other
1359,AG011,Duodenojejunostomy,45050,53000,60950,General/Other
1360,AG012,Partial/Subtotal Gastrectomy for Ulcer,45050,53000,60950,General/Other
1361,AG013,Operation for Bleeding Peptic Ulcer,36550,43000,49450,General/Other
1362,AG014,Operation for Gastrojejunal Ulcer,36550,43000,49450,General/Other
1363,AG015,Highly Selective Vagotomy,45050,53000,60950,General/Other
1364,AG016,Selective Vagotomy & Drainage,45050,53000,60950,General/Other
1365,AG017,Exploratory Laparotomy (Open),23375,27500,31625,General/Other
1366,AG018,Congenital Diaphragmatic Hernia,36550,43000,49450,General/Other
1367,AG019,Hiatus Hernia Repair- Abdominal (excluding cost of mesh and tacker if used),30855,36300,41745,General/Other
1368,AG020,Hiatus Hernia Repair- Transthoracic (excluding cost of mesh and tacker if used),30855,36300,41745,General/Other
1369,AG021,Epigastric Hernia Repair - excluding the cost of mesh and tacker,23375,27500,31625,General/Other
1370,AG022,Umbilical Hernia Repair - excluding the cost of mesh and tacker,29750,35000,40250,General/Other
1371,AG023,Ventral /incisional Hernia Repair - excluding the cost of mesh and tacker,29750,35000,40250,General/Other
1372,AG024,Inguinal Hernia Herniorrhaphy,24310,28600,32890,General/Other
1373,AG025,Inguinal Hernia - Hernioplasty excluding the cost of mesh and tacker,29750,35000,40250,General/Other
1374,AG026,Femoral Hernia Repair - excluding the cost of mesh and tacker,29750,35000,40250,General/Other
1375,AG027,"Rare Hernias Repair (Spigelian, Obturator, Lumbar, Sciatic) - excluding the cost
of mesh and tacker",36550,43000,49450,General/Other
1376,AG028,Splenectomy - For Trauma,45050,53000,60950,General/Other
1377,AG029,Splenectomy - For Hypersplenism,53550,63000,72450,General/Other
1378,AG030,Splenorenal Anastomosis,45050,53000,60950,General/Other
1379,AG031,Portocaval Anastomosis,53550,63000,72450,General/Other
1380,AG032,"Direct Operation on Oesophagus for Portal
Hypertension",45050,53000,60950,General/Other
1381,AG033,Mesentericocaval Anastomosis,36550,43000,49450,General/Other
1382,AG034,Warren Shunt (Distal Splenorenal Shunt),45050,53000,60950,General/Other
1383,AG035,Pancreaticoduodenectomy (Whipple's procedure),45050,53000,60950,General/Other
1384,AG036,Cystojejunostomy or Cystogastrostomy,36550,43000,49450,General/Other
1385,AG037,Cholecystectomy,29750,35000,40250,General/Other
1386,AG038,Cholecystectomy & Exploration of CBD,30855,36300,41745,General/Other
1387,AG039,Repair of Common Bile Duct (CBD),36550,43000,49450,General/Other
1388,AG040,Cholecystostomy,22440,26400,30360,General/Other
1389,AG041,Operation for Hydatid Cyst of Liver,25245,29700,34155,General/Other
1390,AG042,Hepatic Resections (Lobectomy /Hepatectomy),30855,36300,41745,General/Other
1391,AG043,Operation on Adrenal Glands - Bilateral,53550,63000,72450,General/Other
1392,AG044,Operation on Adrenal Glands - Unilateral,36550,43000,49450,General/Other
1393,AG045,Appendicectomy,17765,20900,24035,General/Other
1394,AG046,Appendicular Abscess – Drainage,29750,35000,40250,General/Other
1395,AG047,Mesenteric Cyst- Excision,29750,35000,40250,General/Other
1396,AG048,Diagnostic Peritonioscopy/Laparoscopy,17000,20000,23000,General/Other
1397,AG049,Jejunostomy,29750,35000,40250,General/Other
1398,AG050,Ileostomy,29750,35000,40250,General/Other
1399,AG051,Resection & Anastomosis of Small Intestine,44413,52250,60088,General/Other
1400,AG052,Duodenal Diverticulum,45050,53000,60950,General/Other
1401,AG053,"Operation for Intestinal Obstruction including resection , anastomosis,
Adhesiolysis",45050,53000,60950,General/Other
1402,AG054,"Operation for Intestinal perforation including resection, anastomosis ,
Adhesiolysis",45050,53000,60950,General/Other
1403,AG055,Operations for Benign Tumours of Small Intestine,45050,53000,60950,General/Other
1404,AG056,Excision of Small Intestine Fistula,42075,49500,56925,General/Other
1405,AG057,Operations for GI Bleed,45050,53000,60950,General/Other
1406,AG058,Operations for Haemorrhage of Small Intestines,45050,53000,60950,General/Other
1407,AG059,"Operations of the Duplication of the Intestines – including Exploratory
Laparotomy",38335,45100,51865,General/Other
1408,AG060,"Operations for Recurrent Intestinal Obstruction (Noble Plication & Other
Operations for Adhesions)",45050,53000,60950,General/Other
1409,AG061,Ileosigmoidostomy and related resection,45050,53000,60950,General/Other
1410,AG062,Ileotransverse Colostomy and related resection,45050,53000,60950,General/Other
1411,AG063,Caecostomy,29750,35000,40250,General/Other
1412,AG064,Loop Colostomy Transverse Sigmoid,36550,43000,49450,General/Other
1413,AG065,Terminal Colostomy,28050,33000,37950,General/Other
1414,AG066,Closure of Colostomy,28050,33000,37950,General/Other
1415,AG067,Right Hemicolectomy,29920,35200,40480,General/Other
1416,AG068,Left Hemicolectomy,29920,35200,40480,General/Other
1417,AG069,Total Colectomy,37400,44000,50600,General/Other
1418,AG070,Operations for Volvulus of Large Bowel,45050,53000,60950,General/Other
1419,AG071,Operations for Sigmoid Diverticulitis,36550,43000,49450,General/Other
1420,AG072,Fissure in Ano with Internal sphincterotomy with fissurectomy.,29750,35000,40250,General/Other
1421,AG073,Fissure in Ano - Fissurectomy,23375,27500,31625,General/Other
1422,AG074,Rectal Polyp-Excision,12810,15070,17331,General/Other
1423,AG075,Fistula in Ano - High Fistulectomy,29750,35000,40250,General/Other
1424,AG076,Fistula in Ano - Low Fistulectomy,21505,25300,29095,General/Other
1425,AG077,Prolapse Rectum - Thiersch Wiring,23375,27500,31625,General/Other
1426,AG078,Prolapse Rectum - Rectopexy,13090,15400,17710,General/Other
1427,AG079,Excision of Pilonidal Sinus (open),20570,24200,27830,General/Other
1428,AG080,Excision of Pilonidal Sinus with closure,23375,27500,31625,General/Other
1429,AG081,Abdomino-Perineal Excision of Rectum,45050,53000,60950,General/Other
1430,AG082,Anterior Resection of Rectum,53550,63000,72450,General/Other
1431,AG083,Pull Through Abdominal Resection,45050,53000,60950,General/Other
1432,AG084,Retro Peritoneal Tumour Removal,45050,53000,60950,General/Other
1433,AG085,Laparoscopic Fundoplication,53550,63000,72450,General/Other
1434,AG086,Laparoscopic Splenectomy,53550,63000,72450,General/Other
1435,AG087,Laparoscopic Removal of hydatid cyst,53550,63000,72450,General/Other
1436,AG088,Laparoscopic Treatment of Pseudo Pancreatic cyst,53550,63000,72450,General/Other
1437,AG089,"Laparoscopic Whipple's operation (Laparoscopic
Pancreaticoduodenectomy",45050,53000,60950,General/Other
1438,AG090,Laparoscopic GI bypass operation,53550,63000,72450,General/Other
1439,AG091,Laparoscopic Total Colectomy,53550,63000,72450,General/Other
1440,AG092,Laparoscopic Hemicolectomy,45050,53000,60950,General/Other
1441,AG093,"Laparoscopic Anterior Resection (of Intestine/
Rectum)",53550,63000,72450,General/Other
1442,AG094,Laparoscopic Cholecystectomy,30855,36300,41745,General/Other
1443,AG095,Laparoscopic Appendectomy,28050,33000,37950,General/Other
1444,AG096,Laparoscopic Hernia – Inguinoplasty (excluding the cost of Tacker and Mesh),32725,38500,44275,General/Other
1445,AG097,Laparoscopic Ventral Hernia Repair (excluding the cost of Tacker and Mesh),32725,38500,44275,General/Other
1446,AG098,"Laparoscopic Paraumbilical Hernia Repair (excluding the cost of Tacker and
Mesh)",32725,38500,44275,General/Other
1447,AG099,Laparoscopic Adrenalectomy,53550,63000,72450,General/Other
1448,PS001,Diaphragmatic Hernia Repair (Thoracic or Abdominal Approach),45050,53000,60950,General/Other
1449,PS002,Tracheoesophageal Fistula (Correction Surgery),45050,53000,60950,General/Other
1450,PS003,Colon Replacement of Oesophagus,36550,43000,49450,General/Other
1451,PS004,Omphalomesenteric Cyst Excision,36550,43000,49450,General/Other
1452,PS005,Omphalomesenteric Duct- Excision,36550,43000,49450,General/Other
1453,PS006,Omphalocele 1st Stage (Hernia Repair),29750,35000,40250,General/Other
1454,PS007,Omphalocele 2nd Stage (Hernia Repair),29750,35000,40250,General/Other
1455,PS008,Gastroschisis Repair,36550,43000,49450,General/Other
1456,PS009,Inguinal Herniotomy,29750,35000,40250,General/Other
1457,PS010,Congenital Hydrocele,29750,35000,40250,General/Other
1458,PS011,Hydrocele of Cord,23375,27500,31625,General/Other
1459,PS012,Torsion Testis Operation,29750,35000,40250,General/Other
1460,PS013,Congenital Pyloric Stenosis- operation,29750,35000,40250,General/Other
1461,PS014,Duodenal Atresia Operation,36550,43000,49450,General/Other
1462,PS015,Pancreatic Ring Operation,45050,53000,60950,General/Other
1463,PS016,Meconium Ileus Operation,36550,43000,49450,General/Other
1464,PS017,Malrotation of Intestines Operation,36550,43000,49450,General/Other
1465,PS018,Rectal Biopsy (Megacolon),17000,20000,23000,General/Other
1466,PS019,Colostomy Transverse,36550,43000,49450,General/Other
1467,PS020,Colostomy Left Iliac,36550,43000,49450,General/Other
1468,PS021,Abdominal Perineal Pull Through (Hirschsprung's Disease),45050,53000,60950,General/Other
1469,PS022,Imperforate Anus Low Anomaly -Cut Back Operation,23375,27500,31625,General/Other
1470,PS023,Imperforate Anus Low Anomaly - Perineal Anoplasty,29750,35000,40250,General/Other
1471,PS024,Imperforate Anus High Anomaly -Sacroabdomino Perineal Pull Through,45050,53000,60950,General/Other
1472,PS025,Imperforate Anus High Anomaly - Closure of Colostomy,29750,35000,40250,General/Other
1473,PS026,Intussusception Operation,36550,43000,49450,General/Other
1474,PS027,Choledochoduodenostomy for Atresia of Extra Hepatic Biliary Duct,45050,53000,60950,General/Other
1475,PS028,Operation of Choledochal Cyst,45050,53000,60950,General/Other
1476,PS029,Nephrectomy for -Pyonephrosis,36550,43000,49450,General/Other
1477,PS030,Nephrectomy for - Hydronephrosis,36550,43000,49450,General/Other
1478,PS031,Sacro-Coccygeal Teratoma Excision,36550,43000,49450,General/Other
1479,PS032,Congenital Atresia & Stenosis of Small Intestine,45050,53000,60950,General/Other
1480,PS033,Malrotation & Volvulus of the Midgut,36550,43000,49450,General/Other
1481,PS034,Excision of Meckel’s Diverticulum,36550,43000,49450,General/Other
1482,OG001,Non Stress Test,1275,1500,1500,General/Other
1483,OG002,"Normal delivery with or without Episiotomy & P.
repair/ forceps delivery /Vacuum delivery/assisted breech delivery including
Routine New Born Care",29750,35000,35000,General/Other
1484,OG003,"Normal Delivery of High Risk
Pregnancy(Preeclampsia/Eclapsia/GDM/Cardiac/Vascular/Renal/Pulmonary/Twin
Pregnancy/RA/SLE/IVF Conception/Severe Anaemia,)",36550,43000,43000,General/Other
1485,OG004,"Caesarean Section(CS) with or without Sterilization including Routine New Born
Care",45050,53000,53000,General/Other
1486,OG005,"Caesarian Delivery of High Risk
Pregnancy(Preeclampsia/Eclapsia/GDM/Cardiac/Vascular/Renal/Pulmonary/Twin
Pregnancy/RA/SLE/IVF Conception/Severe Anaemia)",53550,63000,63000,General/Other
1487,OG006,Rupture Uterus Closure & Repair with Tubal Ligation,36550,43000,43000,General/Other
1488,OG007,Perforation of Uterus after D/E Laparotomy & Closure,17000,20000,20000,General/Other
1489,OG008,Laparotomy for Ectopic Pregnancy,29750,35000,35000,General/Other
1490,OG009,Laparotomy peritonitis Lavage and Drainage,29750,35000,35000,General/Other
1491,OG010,Ovarian Cystectomy - Laparoscopic.,36550,43000,43000,General/Other
1492,OG011,Ovarian Cystectomy - Laparotomy.,29750,35000,35000,General/Other
1493,OG012,"Laparoscopic Broad Ligament Hematoma Drainage
with repair",11390,13400,13400,General/Other
1494,OG013,Exploration of perineal Haematoma & Repair,11390,13400,13400,General/Other
1495,OG014,Exploration of abdominal Haematoma (after laparotomy/ LSCS),23375,27500,27500,General/Other
1496,OG015,Manual Removal of Placenta,7820,9200,9200,General/Other
1497,OG016,Examination under anaesthesia (EUA),4250,5000,5000,General/Other
1498,OG017,Burst-Abdomen Repair,29750,35000,35000,General/Other
1499,OG018,Gaping Perineal Wound Secondary Suturing,4250,5000,5000,General/Other
1500,OG019,Gaping Abdominal Wound Secondary Suturing,7225,8500,8500,General/Other
1501,OG020,Complete Perineal Tear-Repair,7820,9200,9200,General/Other
1502,OG021,Pelvic Floor Repair(Rectocele +/- Cystocele +/- Enterocele),29750,35000,35000,General/Other
1503,OG022,Suction Evacuation Vesicular Mole,23375,27500,27500,General/Other
1504,OG023,Colpotomy/Post-Coital Tear Repair,7820,9200,9200,General/Other
1505,OG024,Excision of urethral carbuncle,11390,13400,13400,General/Other
1506,OG025,Shirodkar/ McDonald stitch//Cervical Stitch(Cerclage),11390,13400,13400,General/Other
1507,OG026,"Abdominal Hysterectomy with or without salpingo-
oophorectomy",36550,43000,43000,General/Other
1508,OG027,Non-descent Vaginal Hysterectomy (NDVH) with or without BSO,36550,43000,43000,General/Other
1509,OG028,Vaginal Hysterectomy ( including of BSO) with or without repairs,36550,43000,43000,General/Other
1510,OG029,Myomectomy -laparotomy,29750,35000,35000,General/Other
1511,OG030,Myomectomy -laparoscopic,36550,43000,43000,General/Other
1512,OG031,Vaginoplasty,36550,43000,43000,General/Other
1513,OG032,Vulvectomy -Simple,29750,35000,35000,General/Other
1514,OG033,Rectovaginal Fistula (RVF) Repair,36550,43000,43000,General/Other
1515,OG034,Manchester/Fothergill’s operation,29750,35000,35000,General/Other
1516,OG035,"Shirodkar’s sling Operation or other sling operations
for prolapse uterus",17000,20000,20000,General/Other
1517,OG036,Laparoscopic sling operations for prolapse uterus,36550,43000,43000,General/Other
1518,OG037,Dilatation and Curettage(diagnostic/therapeutic) with or without Polypectomy,11390,13400,13400,General/Other
1519,OG038,Cervical Biopsy,7820,9200,9200,General/Other
1520,OG039,Transcervical/Hysteroscopic Polypectomy,11390,13400,13400,General/Other
1521,OG040,Excision of Vaginal Cyst/Bartholin Cyst/Gartner Cyst,7820,9200,9200,General/Other
1522,OG041,Excision of Vaginal/Uterus Septum,17000,20000,20000,General/Other
1523,OG042,"Diagnostic hysterolaparoscopy(DHL) with or without
chromopertubation/Adhesiolysis/ovarian drilling",17000,20000,20000,General/Other
1524,OG043,Laparoscopy Sterilization/Laproscopic tubal occlusion(LTO),23375,27500,27500,General/Other
1525,OG044,"Laparoscopically Assisted Vaginal Hysterectomy
(LAVH) with or without BSO",53550,63000,63000,General/Other
1526,OG045,"Balloon Tamponade for Post Partum Haemorrhage/Conservative management of
PPH(Atonic/traumatic PPH)",7225,8500,8500,General/Other
1527,OG046,Total Laparoscopic Hysterectomy with or without BSO,53550,63000,63000,General/Other
1528,OG047,"Laparoscopic Treatment of Ectopic Pregnancy-
Milking/Salpingotomy/Salpingectomy",36550,43000,43000,General/Other
1529,OG048,Conisation of cervix/Chemical Cautery of Cervical Ectopy/Erosion,7820,9200,9200,General/Other
1530,OG049,Diagnostic hysteroscopy with or without polypectomy/endometrial curettage,17000,20000,20000,General/Other
1531,OG050,"Laparotomy recanalization of Fallopian tubes-
(Tuboplasty)",45050,53000,53000,General/Other
1532,OG051,"Laparoscopic recanalization of Fallopian tubes-
(Tuboplasty)",45050,53000,53000,General/Other
1533,OG052,Colposcopy,4250,5000,5000,General/Other
1534,OG053,Inversion of Uterus – Vaginal Reposition,5100,6000,6000,General/Other
1535,OG054,Inversion of Uterus – Abdominal Reposition,5100,6000,6000,General/Other
1536,OG055,Vaginal Vesicovaginal Fistula (VVF) Repair,53550,63000,63000,General/Other
1537,OG056,"Interventional Ultrasonography- Chorionic villus
sampling (CVS)",4250,5000,5000,General/Other
1538,OG057,Amniocentesis,11390,13400,13400,General/Other
1539,OG058,Thermal balloon ablation.,29750,35000,35000,General/Other
1540,OG059,Ultrasonographic myolysis,23375,27500,27500,General/Other
1541,OG060,Vaginal/Cervical Myomectomy,36550,43000,43000,General/Other
1542,OG061,Intra Uterine Insemination,4250,5000,5000,General/Other
1543,OG062,Intracytoplasmic sperm injection (ICSI),17000,20000,20000,General/Other
1544,OG063,Laparotomy abdominal sacro-colpopexy,45050,53000,53000,General/Other
1545,OG064,Vaginal Colpopexy/colpopexy-abdominal,36550,43000,43000,General/Other
1546,OG065,Laparoscopic abdominal colpopexy/sacro-colpopexy,45050,53000,53000,General/Other
1547,OG066,Endometrial aspiration cytology/biopsy (including Pipelle Charges),2550,3000,3000,General/Other
1548,OG067,Laparoscopic treatment for stress incontinence,36550,43000,43000,General/Other
1549,OG068,Transvaginal tapes for Stress incontinence,29750,35000,35000,General/Other
1550,OG069,Trans-obturator tapes for Stress incontinence,36550,43000,43000,General/Other
1551,OG070,"Interventional radiographic arterial embolization/Uterine artery
embolization(UAE)",29750,35000,35000,General/Other
1552,OG071,Internal Iliac Artery ligation,7225,8500,8500,General/Other
1553,OG072,"Surgical management of PPH (Uterine compression stitches/stepwise
devascularisation)/peripartum hysterectomy",17000,20000,20000,General/Other
1554,OG073,Intra-uterine fetal blood transfusion,45050,53000,53000,General/Other
1555,OG074,Hysteroscopy Transcervical Resection of Endometrium (TCRE),29750,35000,35000,General/Other
1556,OG075,Hysteroscopy Removal of Intra-Uterine Contraceptive Device (IUCD),17000,20000,20000,General/Other
1557,OG076,hysteroscopic resection of uterine septum,29750,35000,35000,General/Other
1558,OG077,Diagnostic Hysteroscopy with or without endometrial Biopsy,17000,20000,20000,General/Other
1559,OG078,Sterilization (minilap)-post partum/post abortion,7820,9200,9200,General/Other
1560,OG079,Interval Sterilization(minilap)-BAT / Male Sterilization(Vasectomy),17000,20000,20000,General/Other
1561,OG080,"Medical Termination of Pregnancy (MTP)- 1st Trimester with Medicine /Manual
Vacuum Aspiration /Check Curettage",11390,13400,13400,General/Other
1562,OG081,"Medical Termination of Pregnancy (MTP) - 2nd Trimester /Suction and
Evacuation/Dilatation and Curettage/Dilatation and expulsion",17000,20000,20000,General/Other
1563,OG082,Insertion of IUD/IUCD/Pessary,3400,4000,4000,General/Other
1564,OG083,Removal of IUD/IUCD/Pessary,850,1000,1000,General/Other
1565,NU001,Ultrasound guided kidney Biopsy,7820,9200,9200,General/Other
1566,NU002,Testicular Biopsy,11390,13400,13400,General/Other
1567,NU003,Transrectal Ultrasound (TRUS) guided prostate biopsy,7820,9200,9200,General/Other
1568,NU004,Uroflow Study (Uroflowmetry),850,1000,1000,General/Other
1569,NU005,Urodynamic Study (Cystometry),2550,3000,3000,General/Other
1570,NU006,"Voiding-cysto-urethrogram and retrograde
urethrogram (Nephrostogram)",7225,8500,8500,General/Other
1571,NU007,Fistulogram for Arteriovenous Fistula,7820,9200,9200,General/Other
1572,NU008,Partial Nephrectomy -open,36550,43000,49450,General/Other
1573,NU009,Partial Nephrectomy-Laparoscopic/Endoscopic,45050,53000,60950,General/Other
1574,NU010,Nephrectomy Simple -Open,53550,63000,72450,General/Other
1575,NU011,Laparoscopic Nephrectomy,53550,63000,72450,General/Other
1576,NU012,Nephrolithotomy -open,36550,43000,49450,General/Other
1577,NU013,Nephrolithotomy -Laparoscopic/endoscopic,45050,53000,60950,General/Other
1578,NU014,Pyelolithotomy-open,53550,63000,72450,General/Other
1579,NU015,Pyelolithotomy -Laparoscopic/endoscopic,45050,53000,60950,General/Other
1580,NU016,Operations for Hydronephrosis -pyeloplasty open,45050,53000,60950,General/Other
1581,NU017,Operations for Hydronephrosis -pyeloplasty Lap/endoscopic,53550,63000,72450,General/Other
1582,NU018,Operations for Hydronephrosis Endopyelotomy antegrade,36550,43000,49450,General/Other
1583,NU019,Operations for Hydronephrosis Endopyelotomy retrograde,36550,43000,49450,General/Other
1584,NU020,Operations for Hydronephrosis ureterocalicostomy,36550,43000,49450,General/Other
1585,NU021,Operations for Hydronephrosis-Ileal ureter,45050,53000,60950,General/Other
1586,NU022,Open Drainage of Perinephric Abscess,29750,35000,40250,General/Other
1587,NU023,Percutaneous Drainage of Perinephric Abscess -Ultrasound guided,11390,13400,13400,General/Other
1588,NU024,Cavernostomy,23375,27500,31625,General/Other
1589,NU025,Operations for Cyst of the Kidney -open,36550,43000,49450,General/Other
1590,NU026,Operations for Cyst of the Kidney Lap/endoscopic,45050,53000,60950,General/Other
1591,NU027,Ureterolithotomy -open,36550,43000,49450,General/Other
1592,NU028,Ureterolithotomy-Lap/Endoscopic,45050,53000,60950,General/Other
1593,NU029,Nephroureterectomy open,45050,53000,60950,General/Other
1594,NU030,Operations for Ureter for -Double Ureters,45050,53000,60950,General/Other
1595,NU031,Operations for Ureter -for Ectopia of Single Ureter,36550,43000,49450,General/Other
1596,NU032,Operations for Vesicoureteral Reflux (VUR) -Open,36550,43000,49450,General/Other
1597,NU033,Operations for Vesicoureteral Reflux (VUR)-Lap/Endoscopic,45050,53000,60950,General/Other
1598,NU034,"Operations for Vesicoureteral Reflux (VUR)/ Urinary incontinence with bulking
agents",36550,43000,49450,General/Other
1599,NU035,Ureterostomy - Cutaneous,29750,35000,40250,General/Other
1600,NU036,Uretero-Colic anastomosis,36550,43000,49450,General/Other
1601,NU037,Formation of an Ileal Conduit,45050,53000,60950,General/Other
1602,NU038,Ureteric Catheterisation/DJ Stenting,17000,20000,23000,General/Other
1603,NU039,DJ stent removal,8135,9570,9570,General/Other
1604,NU040,Biopsy of Bladder (Cystoscopic) including (Cold Cup Biopsy),11390,13400,13400,General/Other
1605,NU041,Cysto-Litholapaxy,29750,35000,40250,General/Other
1606,NU042,Operations for Injuries of the Bladder,36550,43000,49450,General/Other
1607,NU043,Suprapubic Drainage (Cystostomy/vesicostomy),17000,20000,23000,General/Other
1608,NU044,Simple Cystectomy,36550,43000,49450,General/Other
1609,NU045,Diverticulectomy -open,36550,43000,49450,General/Other
1610,NU046,Diverticulectomy- Lap/Endoscopic,45050,53000,60950,General/Other
1611,NU047,Diverticulectomy -Endoscopic incision of neck,29750,35000,40250,General/Other
1612,NU048,Augmentation Cystoplasty,45050,53000,60950,General/Other
1613,NU049,Operations for Exstrophy of the Bladder- Single stage repair,36550,43000,49450,General/Other
1614,NU050,Operations for Exstrophy of the Bladder- Multistage repair,36550,43000,49450,General/Other
1615,NU051,"Operations for Exstrophy of the Bladder- simple cystectomy with urinary
diversion",53550,63000,72450,General/Other
1616,NU052,Repair of Ureterocele -Open,36550,43000,49450,General/Other
1617,NU053,Repair of Ureterocele -Lap/Endoscopic,36550,43000,49450,General/Other
1618,NU054,Repair of Ureterocele -Endoscopic incision,29750,35000,40250,General/Other
1619,NU055,Vesicovaginal Fistula (VVF) Repair (Open),36550,43000,49450,General/Other
1620,NU056,Vesicovaginal Fistula (VVF) Repair (Laparoscopic),45050,53000,60950,General/Other
1621,NU057,Open Suprapubic Prostatectomy,36550,43000,49450,General/Other
1622,NU058,Open Retropubic Prostatectomy,36550,43000,49450,General/Other
1623,NU059,Transurethral Resection of Prostate (TURP),53550,63000,72450,General/Other
1624,NU060,Urethroscopy/ Cystopanendoscopy,11390,13400,13400,General/Other
1625,NU061,Internal urethrotomy -optical,23375,27500,31625,General/Other
1626,NU062,Internal urethrotomy -Core through urethroplasty,36550,43000,49450,General/Other
1627,NU063,Urethral Reconstruction -End to end anastomosis,36550,43000,49450,General/Other
1628,NU064,Urethral Reconstruction - substitution urethroplasty (Transpubic urethroplasty),45050,53000,60950,General/Other
1629,NU065,Abdomino Perineal urethroplasty,45050,53000,60950,General/Other
1630,NU066,Posterior Urethral Valve fulguration.,29750,35000,40250,General/Other
1631,NU067,Operations for Incontinence of Urine - Male -Open,36550,43000,49450,General/Other
1632,NU068,Operations for Incontinence of Urine - Male -Sling,45050,53000,60950,General/Other
1633,NU069,Operations for Incontinence of Urine - Male-Bulking agent,36550,43000,49450,General/Other
1634,NU070,Operations for Incontinence of Urine - Female -Open,36550,43000,49450,General/Other
1635,NU071,Operations for Incontinence of Urine - Female-Sling,45050,53000,60950,General/Other
1636,NU072,Operations for Incontinence of Urine - Female-Bulking agent,36550,43000,49450,General/Other
1637,NU073,Reduction of Paraphimosis,5100,6000,6000,General/Other
1638,NU074,Circumcision,11390,13400,13400,General/Other
1639,NU075,Meatotomy,7225,8500,8500,General/Other
1640,NU076,Meatoplasty,11390,13400,13400,General/Other
1641,NU077,Operations for Hypospadias + Chordee Correction,29750,35000,40250,General/Other
1642,NU078,Operations for Hypospadias - Second Stage,36550,43000,49450,General/Other
1643,NU079,Operations for Hypospadias - One Stage Repair,36550,43000,49450,General/Other
1644,NU080,Operations for Crippled Hypospadias,36550,43000,49450,General/Other
1645,NU081,Operations for Epispadias -primary repair,36550,43000,49450,General/Other
1646,NU082,Operations for Epispadias-crippled epispadias,45050,53000,60950,General/Other
1647,NU083,Partial Amputation of the Penis,29750,35000,40250,General/Other
1648,NU084,Total amputation of the Penis,36550,43000,49450,General/Other
1649,NU085,Orchidectomy-Simple,23375,27500,31625,General/Other
1650,NU086,Epididymectomy,17000,20000,23000,General/Other
1651,NU087,Operations for Hydrocele - Unilateral,23375,27500,31625,General/Other
1652,NU088,Operations for Hydrocele - Bilateral,29750,35000,40250,General/Other
1653,NU089,Operation for Torsion of Testis,23375,27500,31625,General/Other
1654,NU090,Micro-surgical Vasovasostomy /Vaso epididymal anastomosis .,23375,27500,31625,General/Other
1655,NU091,Operations for Varicocele Unilateral Microsurgical,29750,35000,40250,General/Other
1656,NU092,Operations for Varicocele Palomo’s Unilateral -Laparoscopic,29750,35000,40250,General/Other
1657,NU093,Operations for Varicocele Bilateral --Microsurgical,36550,43000,49450,General/Other
1658,NU094,Operations for Varicocele Palomo’s Bilateral - Laparoscopic,36550,43000,49450,General/Other
1659,NU095,Excision of Filarial Scrotum,23375,27500,31625,General/Other
1660,NU096,Kidney Transplantation (related),317900,374000,430100,General/Other
1661,NU097,"Kidney Transplantation (Spousal/ unrelated) Including immunosuppressant
therapy",361250,425000,488750,General/Other
1662,NU098,Kidney Transplantation (Cadaver),297500,350000,402500,General/Other
1663,NU099,ABO incompatible Transplantation,510000,600000,690000,General/Other
1664,NU100,Kidney Transplant Graft Nephrectomy,69700,82000,94300,General/Other
1665,NU101,Donor Nephrectomy (Open),53550,63000,72450,General/Other
1666,NU102,Donor Nephrectomy (Laparoscopic),93500,110000,126500,General/Other
1667,NU103,"Post-Transplant Collection drainage for Lymphocele
(open)",7820,9200,10580,General/Other
1668,NU104,Post-Transplant Collection drainage for Lymphocele (percutaneous),11390,13400,15410,General/Other
1669,NU105,Post-Transplant Collection drainage for Lymphocele (Laparoscopic),17000,20000,23000,General/Other
1670,NU106,Arteriovenous Fistula for Haemodialysis,17000,20000,20000,General/Other
1671,NU107,Arteriovenous Shunt for Haemodialysis,17000,20000,20000,General/Other
1672,NU108,Jugular Catheterization for Haemodialysis,5100,6000,6000,General/Other
1673,NU109,Subclavian Catheterization for Haemodialysis,5100,6000,6000,General/Other
1674,NU110,One Sided (single Lumen) Femoral Catheterization for Haemodialysis,3400,4000,4000,General/Other
1675,NU111,Bilateral (single Lumen) Femoral Catheterization for Haemodialysis,5100,6000,6000,General/Other
1676,NU112,Double Lumen Femoral Catheterization for Haemodialysis,11390,13400,13400,General/Other
1677,NU113,Permcath Insertion excluding the cost of the catheter,7225,8500,8500,General/Other
1678,NU114,Arterio Venous Prosthetic Graft,36550,43000,49450,General/Other
1679,NU115,Single lumen Jugular Catheterization,4250,5000,5000,General/Other
1680,NU116,Single lumen Subclavian Catheterization,4250,5000,5000,General/Other
1681,NU117,Plasma Exchange/ Plasmapheresis,17000,20000,20000,General/Other
1682,NU118,"Continuous Ambulatory Peritoneal Dialysis (CAPD) catheter insertion- Open
method",17000,20000,20000,General/Other
1683,NU119,"Continuous Ambulatory Peritoneal Dialysis (CAPD) catheter insertion-
Schlendinger/ Seldinger method",17000,20000,20000,General/Other
1684,NU120,Sustained low efficiency haemodialysis /haemodialysis,7820,9200,9200,General/Other
1685,NU121,"Continuous Veno venous/Arteriovenous Haemofiltration /Haemofiltration/CRRT
per day",14450,17000,17000,General/Other
1686,NU122,"Haemodialysis / Haemodialysis for Sero negative cases including Dialyser and all
other Consumables",2125,2500,2500,General/Other
1687,NU123,"Haemodialysis / Haemodialysis for Sero Positive cases including Dialyser and all
other Consumables",2550,3000,3000,General/Other
1688,NU124,Acute Peritoneal Dialysis,4505,5300,5300,General/Other
1689,NU125,Peritoneal Dialysis,3060,3600,3600,General/Other
1690,NU126,Fistula stenosis dilation,11390,13400,13400,General/Other
1691,NU127,Slow continuous Ultrafiltration,7225,8500,8500,General/Other
1692,NU128,Percutaneous Nephrolithotomy (PCNL) - Unilateral,45050,53000,60950,General/Other
1693,NU129,Percutaneous Nephrolithotomy (PCNL) - Bilateral,53550,63000,72450,General/Other
1694,NU130,Endoscopic Bulking agent Inject (including cost of bulking agent),29750,35000,40250,General/Other
1695,NU131,Nephrostomy -Open,29750,35000,40250,General/Other
1696,NU132,Nephrostomy -Lap/Endoscopic,29750,35000,40250,General/Other
1697,NU133,Ureteric Reimplant for Megaureter/ Vesicoureteric reflux/ureterocele (Open),36550,43000,49450,General/Other
1698,NU134,"Ureteric Reimplant for Megaureter / Vesicoureteric reflux/ ureterocele
(Laparoscopic)",36550,43000,49450,General/Other
1699,NU135,Partial Cystectomy,45050,53000,60950,General/Other
1700,NU136,Transurethral Resection of Prostate (TURP) with Cystolithotripsy,53550,63000,72450,General/Other
1701,NU137,Closure of Urethral Fistula,29750,35000,40250,General/Other
1702,NU138,Orchidopexy - Unilateral -Open,29750,35000,40250,General/Other
1703,NU139,Orchidopexy - Unilateral- Lap/Endoscopic,36550,43000,49450,General/Other
1704,NU140,Orchidopexy - Bilateral -Open,36550,43000,49450,General/Other
1705,NU141,Orchidopexy - Bilateral -Lap/Endoscopic,45050,53000,60950,General/Other
1706,NU142,Cystolithotomy -Suprapubic,23375,27500,31625,General/Other
1707,NU143,Endoscopic Removal of Stone in Bladder,29750,35000,40250,General/Other
1708,NU144,"Resection Bladder Neck Endoscopic / Bladder neck incision / transurethral
incision on prostrate",36550,43000,49450,General/Other
1709,NU145,Ureteroscopic Surgery,29750,35000,40250,General/Other
1710,NU146,Urethroplasty 1st Stage,36550,43000,49450,General/Other
1711,NU147,Scrotal Exploration,23375,27500,31625,General/Other
1712,NU148,Perineal Urethrostomy,29750,35000,40250,General/Other
1713,NU149,Dilatation of Stricture Urethra under G.A.,4250,5000,5000,General/Other
1714,NU150,Laparoscopic pyelolithotomy,53550,63000,72450,General/Other
1715,NU151,Laparoscopic Pyeloplasty,53550,63000,72450,General/Other
1716,NU152,Laparoscopic surgery for Renal cyst,53550,63000,72450,General/Other
1717,NU153,Laparoscopic ureterolithotomy,53550,63000,72450,General/Other
1718,NU154,Laparoscopic Nephroureterectomy,45050,53000,60950,General/Other
1719,NU155,Extracorporeal Shock Wave Lithotripsy (ESWL),36550,43000,49450,General/Other
1720,NU156,Diagnostic Cystoscopy,7225,8500,8500,General/Other
1721,NU157,Cystoscopy with Retrograde Catheter -Unilateral/RGP,17000,20000,23000,General/Other
1722,NU158,Cystoscopy with Retrograde Catheter - Bilateral/RGP,23375,27500,31625,General/Other
1723,NU159,Retrograde Intrarenal Surgery (RIRS)/ Flexible Ureteroscopy,53550,63000,72450,General/Other
1724,NU160,Holmium YAG Prostate Surgery,64600,76000,87400,General/Other
1725,NU161,Holmium YAG Optical Internal Urethrotomy (OIU),36550,43000,49450,General/Other
1726,NU162,Holmium YAG Core through internal Urethrotomy,45050,53000,60950,General/Other
1727,NU163,Holmium YAG Stone Lithotripsy,64600,76000,87400,General/Other
1728,NU164,Green Light Laser for Prostate,64600,76000,87400,General/Other
1729,NU165,"Cystoscopic Botulinum Toxin Injection ( Over active bladder/ Neurogenic
bladder) -excluding cost of drug",11390,13400,13400,General/Other
1730,NU166,Peyronie’s Disease – Plaque excision with grafting,29750,35000,40250,General/Other
1731,NU167,Prosthetic Surgery for urinary incontinence,36550,43000,49450,General/Other
1732,NU168,Ultrasound Guided Percutaneous Nephrostomy (PCN),17000,20000,20000,General/Other
1733,NI001,Electroencephalogram (EEG)/ Video EEG,850,1000,1000,General/Other
1734,NI002,Electromyography (EMG),1275,1500,1500,General/Other
1735,NI003,"Nerve conduction velocity (NCV), -two or more limbs",1275,1500,1500,General/Other
1736,NI004,"Repetitive nerve stimulation (RNS)-Decremental response (before and after
neostigmine)",1275,1500,1500,General/Other
1737,NI005,Repetitive nerve stimulation (RNS)-Incremental response,1275,1500,1500,General/Other
1738,NI006,Somatosensory evoked potentials (SSEP),1275,1500,1500,General/Other
1739,NI007,Polysomnography (PSG) / Level I Sleep study including Room Rent and Titration,7650,9000,9000,General/Other
1740,NI008,Brachial plexus study,1275,1500,1500,General/Other
1741,NI009,RNS( Repetitive Nerve stimulation),1360,1600,1600,General/Other
1742,NS001,Lumbar Pressure Monitoring,7820,9200,9200,General/Other
1743,NS002,Brain Mapping,23375,27500,27500,General/Other
1744,NS003,Nerve Biopsy,17000,20000,20000,General/Other
1745,NS004,Brain Biopsy,36550,43000,43000,General/Other
1746,NS005,Craniotomy and Evacuation of Haematoma -Subdural,69700,82000,94300,General/Other
1747,NS006,Craniotomy and Evacuation of Haematoma - Extradural,69700,82000,94300,General/Other
1748,NS007,Evacuation /Excision of Brain Abscess by craniotomy,69700,82000,94300,General/Other
1749,NS008,Excision of Lobe (Frontal Temporal Cerebellum etc.),69700,82000,94300,General/Other
1750,NS009,Twist Drill Craniostomy,36550,43000,49450,General/Other
1751,NS010,Subdural Tapping,11390,13400,15410,General/Other
1752,NS011,Ventricular Tapping,29750,35000,40250,General/Other
1753,NS012,Brain Abscess Tapping,23375,27500,31625,General/Other
1754,NS013,Placement of Intracranial pressure (ICP) Monitor,23375,27500,31625,General/Other
1755,NS014,Skull Traction Application,7820,9200,10580,General/Other
1756,NS015,Vascular Malformations,82450,97000,111550,General/Other
1757,NS016,Meningoencephalocele excision and repair,64600,76000,87400,General/Other
1758,NS017,Meningomyelocele Repair,53550,63000,72450,General/Other
1759,NS018,CSF Rhinorrhoea Repair,53550,63000,72450,General/Other
1760,NS019,Cranioplasty,53550,63000,72450,General/Other
1761,NS020,Anterior Cervical Discectomy,53550,63000,72450,General/Other
1762,NS021,Brachial Plexus Exploration and neurotization,53550,63000,72450,General/Other
1763,NS022,Median Nerve Decompression,36550,43000,49450,General/Other
1764,NS023,Peripheral Nerve Surgery – Major,53550,63000,72450,General/Other
1765,NS024,Peripheral Nerve Surgery Minor,45050,53000,60950,General/Other
1766,NS025,Ventriculoatrial /Ventriculoperitoneal Shunt,45050,53000,60950,General/Other
1767,NS026,Anterior Cervical Spine Surgery with fusion,64600,76000,87400,General/Other
1768,NS027,Anterio Lateral Decompression of spine,69700,82000,94300,General/Other
1769,NS028,Cervical or Dorsal or Lumbar Laminectomy,45050,53000,60950,General/Other
1770,NS029,Combined Trans-Oral Surgery & Craniovertebral (CV) Junction Fusion,53550,63000,72450,General/Other
1771,NS030,Craniovertebral Junction (CVJ) Fusion procedures,64600,76000,87400,General/Other
1772,NS031,Depressed Fracture Elevation,45050,53000,60950,General/Other
1773,NS032,Lumbar Discectomy,53550,63000,72450,General/Other
1774,NS033,Endarterectomy (Carotid),53550,63000,72450,General/Other
1775,NS034,Radiofrequency (RF) Lesion for Trigeminal Neuralgia,45050,53000,60950,General/Other
1776,NS035,Spasticity Surgery,45050,53000,60950,General/Other
1777,NS036,Spinal Fusion Procedure,64600,76000,87400,General/Other
1778,NS037,Spinal Bifida Surgery Major,53550,63000,72450,General/Other
1779,NS038,Spinal Bifida Surgery Minor,45050,53000,60950,General/Other
1780,NS039,Stereotaxic Procedures- biopsy/aspiration of cyst,36550,43000,49450,General/Other
1781,NS040,Trans Sphenoidal Surgery,45050,53000,60950,General/Other
1782,NS041,Trans Oral Surgery,45050,53000,60950,General/Other
1783,NS042,"Implantation of Deep Brain Stimulation (DBS) -One electrode (as per guidelines
mentioned in OM.No.Z15025/44/2023/DIR/CGHS/EHS Dated 09.09.2024)",53550,63000,72450,General/Other
1784,NS043,"Implantation of Deep Brain Stimulation (DBS) -two electrodes (as per guidelines
mentioned in OM.No.Z15025/44/2023/DIR/CGHS/EHS Dated 09.09.2024)",64600,76000,87400,General/Other
1785,NS044,Endoscopic aqueductoplasty,45050,53000,60950,General/Other
1786,NS045,Facial nerve reconstruction,64600,76000,87400,General/Other
1787,NS046,Carotid Stenting excluding the cost of Stent,53550,63000,72450,General/Other
1788,NS047,Cervical disc arthroplasty,53550,63000,72450,General/Other
1789,NS048,Lumbar disc arthroplasty,45050,53000,60950,General/Other
1790,NS049,Corpus callostomy for Epilepsy,69700,82000,94300,General/Other
1791,NS050,Hemispherotomy for Epilepsy,69700,82000,94300,General/Other
1792,NS051,Endoscopic CSF rhinorrhoea repair,45050,53000,60950,General/Other
1793,NS052,Burr hole evacuation of chronic subdural haematoma,53550,63000,72450,General/Other
1794,NS053,Epilepsy surgery other than at Code No. NS049 and NS050,82450,97000,111550,General/Other
1795,NS054,Radiofrequency (RF) lesion for facet joint pain syndrome,53550,63000,72450,General/Other
1796,NS055,Cervical Laminoplasty,64600,76000,87400,General/Other
1797,NS056,Lateral mass C1-C2 screw fixation,64600,76000,87400,General/Other
1798,NS057,Microsurgical decompression for Trigeminal nerve,53550,63000,72450,General/Other
1799,NS058,Microsurgical decompression for hemifacial spasm,53550,63000,72450,General/Other
1800,NS059,,53550,63000,72450,General/Other
1801,NS060,Image Guided Craniotomy,69700,82000,94300,General/Other
1802,NS061,"Baclofen pump implantation lesioning for movement disorder including
Parkinsonism/Spinal Cord Stimulator Implantation",64600,76000,87400,General/Other
1803,NS062,Programmable Ventriculo-Peritoneal (VP) shunt excluding the cost of the Device,53550,63000,72450,General/Other
1804,NS063,Endoscopic Sympathectomy,53550,63000,72450,General/Other
1805,NS064,Lumbar Puncture,2550,3000,3000,General/Other
1806,NS065,External Ventricular Drainage (EVD),23375,27500,31625,General/Other
1807,NS066,Endoscopic 3rd ventriculostomy,45050,53000,60950,General/Other
1808,NS067,Endoscopic cranial surgery/Biopsy/aspiration,53550,63000,72450,General/Other
1809,NS068,"Endoscopic discectomy (Lumbar, Cervical)",53550,63000,72450,General/Other
1810,NS069,Aneurysm coiling (Endovascular),53550,63000,72450,General/Other
1811,NS070,Surgery for Skull Fractures,64600,76000,87400,General/Other
1812,NS071,Carpel Tunnel decompression,36550,43000,49450,General/Other
1813,NS072,Clipping of intracranial aneurysm,69700,82000,94300,General/Other
1814,NS073,Surgery for intracranial Arteriovenous malformations (AVM),82450,97000,111550,General/Other
1815,NS074,Foramen magnum decompression for Chiari Malformation,109650,129000,148350,General/Other
1816,NS075,Dorsal column stimulation for backache in failed back syndrome,53550,63000,72450,General/Other
1817,NS076,Surgery for recurrent disc prolapse/epidural fibrosis,53550,63000,72450,General/Other
1818,NS077,"Decompressive craniotomy for hemispherical acute subdural haematoma/ brain
swelling/large infarct",69700,82000,94300,General/Other
1819,NS078,"Intra-arterial thrombolysis with Tissue Plasminogen Activator (TPA) (for
ischemic stroke )",29750,35000,40250,General/Other
1820,NS079,Stereotactic aspiration of intracerebral haematoma,64600,76000,87400,General/Other
1821,NS080,Endoscopic aspiration of intracerebellar haematoma,64600,76000,87400,General/Other
1822,NS081,Stereotactic Radiosurgery for brain pathology (X knife/Gamma) - ONE session,45050,53000,60950,General/Other
1823,NS082,"Stereotactic Radiosurgery for brain pathology (X knife / Gamma knife -Two or
more sessions)",64600,76000,87400,General/Other
1824,NS083,Battery Placement for Deep Brain Stimulation (DBS),29750,35000,40250,General/Other
1825,NS084,Baclofen pump implantation for spasticity/Intra-thecal Pump Implantation,29750,35000,40250,General/Other
1826,NS085,Surgery for Scalp Arteriovenous Malformations (AVMs),53550,63000,72450,General/Other
1827,NS086,Kyphoplasty excluding the cost of implants,45050,53000,60950,General/Other
1828,NS087,Balloon Kyphoplasty,53550,63000,72450,General/Other
1829,NS088,"Lesioning procedures for Parkinson’s disease,Dystonia etc.",45050,53000,60950,General/Other
1830,OR001,Joints Aspiration,1360,1600,1600,General/Other
1831,OR002,Plaster Work,4250,5000,5000,General/Other
1832,OR003,Fingers (post slab),850,1000,1000,General/Other
1833,OR004,Fingers full plaster,1275,1500,1500,General/Other
1834,OR005,Colles Fracture - Below elbow,5100,6000,6000,General/Other
1835,OR006,Colles Fracture - Full plaster,3825,4500,4500,General/Other
1836,OR007,Colles fracture Ant. Or post. slab,2550,3000,3000,General/Other
1837,OR008,Above elbow full plaster,3400,4000,4000,General/Other
1838,OR009,Above Knee post-slab,2550,3000,3000,General/Other
1839,OR010,Below Knee full plaster,3400,4000,4000,General/Other
1840,OR011,Below Knee post-slab,4250,5000,5000,General/Other
1841,OR012,Tube Plaster (or plaster cylinder),4250,5000,5000,General/Other
1842,OR013,Above knee full plaster,4250,5000,5000,General/Other
1843,OR014,Above knee full slab,2975,3500,3500,General/Other
1844,OR015,Minerva Jacket,7820,9200,9200,General/Other
1845,OR016,Plaster Jacket,5100,6000,6000,General/Other
1846,OR017,Shoulder spica,7225,8500,8500,General/Other
1847,OR018,Single Hip spica,5950,7000,7000,General/Other
1848,OR019,Double Hip spica,7225,8500,8500,General/Other
1849,OR020,Strapping of Finger,425,500,500,General/Other
1850,OR021,Strapping of Toes,510,600,600,General/Other
1851,OR022,Strapping of Wrist,638,750,750,General/Other
1852,OR023,Strapping of Elbow,1275,1500,1500,General/Other
1853,OR024,Strapping of Knee,850,1000,1000,General/Other
1854,OR025,Strapping of Ankle,680,800,800,General/Other
1855,OR026,Strapping of Chest,1275,1500,1500,General/Other
1856,OR027,Strapping of Shoulder,1275,1500,1500,General/Other
1857,OR028,Figure of 8 bandage,850,1000,1000,General/Other
1858,OR029,Collar and cuff sling,425,500,500,General/Other
1859,OR030,Ball bandage,680,800,800,General/Other
1860,OR031,Application of POP Casts for Upper & Lower Limbs,5100,6000,6000,General/Other
1861,OR032,Application of Functional Cast Brace,3400,4000,4000,General/Other
1862,OR033,Application of Skin Traction,2125,2500,2500,General/Other
1863,OR034,Application of Skeletal Tractions,5100,6000,6000,General/Other
1864,OR035,Bandage & Strappings for Fractures,1700,2000,2000,General/Other
1865,OR036,Aspiration & Intra Articular Injections,4250,5000,5000,General/Other
1866,OR037,Application of POP Spices & Jackets,5100,6000,6000,General/Other
1867,OR038,Close Reduction of Fractures of Limb & POP,11390,13400,13400,General/Other
1868,OR039,Open Reduction & Internal Fixation (ORIF) of Fingers & Toes,17000,20000,20000,General/Other
1869,OR040,"Open Reduction of fracture of Long Bones of Upper / Lower Limb -Nailing &
External Fixation",36550,43000,43000,General/Other
1870,OR041,"Open Reduction of fracture of Long Bones of Upper /Lower Limb -AO
Procedures",36550,43000,43000,General/Other
1871,OR042,Tension Band Wirings,23375,27500,27500,General/Other
1872,OR043,Bone Grafting,23375,27500,27500,General/Other
1873,OR044,Excision or other Operations for Scaphoid Fractures,29750,35000,35000,General/Other
1874,OR045,Sequestrectomy & Saucerisation,29750,35000,35000,General/Other
1875,OR046,Sequestrectomy & Saucerizations -Arthrotomy,29750,35000,35000,General/Other
1876,OR047,Multiple Pinning Fracture Neck Femur,45050,53000,53000,General/Other
1877,OR048,Plate Fixations for Fracture Neck Femur,45050,53000,53000,General/Other
1878,OR049,AO Compression Procedures for Fracture Neck Femur,45050,53000,53000,General/Other
1879,OR050,"Open Reduction of Fracture Neck Femur Muscle Pedicle Graft and Internal
Fixations",45050,53000,53000,General/Other
1880,OR051,Close Reduction of Dislocations,17000,20000,20000,General/Other
1881,OR052,Open Reduction of Dislocations,29750,35000,35000,General/Other
1882,OR053,Open Reduction & Internal Fixation (ORIF) of Fracture Dislocation,36550,43000,43000,General/Other
1883,OR054,Neurolysis/Nerve repair,36550,43000,43000,General/Other
1884,OR055,Nerve Repair with Grafting,53550,63000,63000,General/Other
1885,OR056,Tendon with Transplant or Graft,36550,43000,43000,General/Other
1886,OR057,Tendon Lengthening/Tendon repair,23375,27500,27500,General/Other
1887,OR058,Tendon Transfer,29750,35000,35000,General/Other
1888,OR059,Split Osteotomy and Internal Fixations,45050,53000,53000,General/Other
1889,OR060,Anterolateral decompression for tuberculosis/ Costo-Transversectomy,36550,43000,43000,General/Other
1890,OR061,Anterolateral Decompression and Spine Fusion,53550,63000,63000,General/Other
1891,OR062,Corrective Osteotomy & Internal Fixation- short bones,29750,35000,35000,General/Other
1892,OR063,Corrective Osteotomy & Internal Fixation- long bones,36550,43000,43000,General/Other
1893,OR064,Arthrodesis of - Minor Joints,29750,35000,35000,General/Other
1894,OR065,Arthrodesis of - Major Joints,36550,43000,43000,General/Other
1895,OR066,Soft Tissue Operations for Congenital Talipes Equinovarus (CTEV),29750,35000,35000,General/Other
1896,OR067,Hemiarthroplasty- Hip,53550,63000,63000,General/Other
1897,OR068,Hemiarthroplasty- Shoulder,45050,53000,53000,General/Other
1898,OR069,Operations for Brachial Plexus & Cervical Rib,64600,76000,76000,General/Other
1899,OR070,Amputations - Below Knee,36550,43000,43000,General/Other
1900,OR071,Amputations - Below Elbow,29750,35000,35000,General/Other
1901,OR072,Amputations - Above Knee,45050,53000,53000,General/Other
1902,OR073,Amputations - Above Elbow,36550,43000,43000,General/Other
1903,OR074,Amputations - Forequarter,53550,63000,63000,General/Other
1904,OR075,Amputations -Hind Quarter and Hemipelvectomy,64600,76000,76000,General/Other
1905,OR076,Disarticulations - Major joint,36550,43000,43000,General/Other
1906,OR077,Disarticulations - Minor joint,29750,35000,35000,General/Other
1907,OR078,Arthrography,17000,20000,20000,General/Other
1908,OR079,Arthroscopy - Diagnostic,29750,35000,35000,General/Other
1909,OR080,Arthroscopy-therapeutic: without implant,36550,43000,43000,General/Other
1910,OR081,Arthroscopy-therapeutic: with implant,45050,53000,53000,General/Other
1911,OR082,Soft Tissue Operation on Joints -Small,23375,27500,27500,General/Other
1912,OR083,Soft Tissue Operation on Joints -Large,36550,43000,43000,General/Other
1913,OR084,Myocutaneous and Fasciocutaneous Flap Procedures for Limbs,45050,53000,53000,General/Other
1914,OR085,Removal of Wires & Screw,11390,13400,13400,General/Other
1915,OR086,Removal of Plates,23375,27500,27500,General/Other
1916,OR087,Total Hip Replacement (THR),109650,129000,148350,General/Other
1917,OR088,Total Ankle Joint Replacement (TAR) - Unilateral,109650,129000,148350,General/Other
1918,OR089,Total Knee Joint Replacement (TKR) - Unilateral,129200,152000,174800,General/Other
1919,OR090,Total Shoulder Joint Replacement - Unilateral,109650,129000,148350,General/Other
1920,OR091,Total Elbow Joint Replacement - Unilateral,93500,110000,126500,General/Other
1921,OR092,Total Wrist Joint Replacement - Unilateral,109650,129000,148350,General/Other
1922,OR093,Total Finger Joint Replacement,53550,63000,72450,General/Other
1923,OR094,Tubular external fixator,29750,35000,35000,General/Other
1924,OR095,Ilizarov's External Fixator,45050,53000,53000,General/Other
1925,OR096,Pelvi-acetabular fracture -Internal fixation,53550,63000,63000,General/Other
1926,OR097,Meniscectomy,45050,53000,53000,General/Other
1927,OR098,Meniscus Repair,53550,63000,63000,General/Other
1928,OR099,Anterior Cruciate Ligament (ACL) Reconstruction,53550,63000,63000,General/Other
1929,OR100,Posterior Cruciate Ligament (PCL) Reconstruction,64600,76000,76000,General/Other
1930,OR101,Knee Collateral Ligament Reconstruction,64600,76000,76000,General/Other
1931,OR102,Bankart Repair Shoulder,53550,63000,63000,General/Other
1932,OR103,Rotator cuff repair / RC repair,53550,63000,63000,General/Other
1933,OR104,Biceps Tenodesis,45050,53000,53000,General/Other
1934,OR105,Distal biceps tendon repair,45050,53000,53000,General/Other
1935,OR106,Arthrolysis of knee,45050,53000,53000,General/Other
1936,OR107,Capsulotomy of Shoulder,45050,53000,53000,General/Other
1937,OR108,Conservative Plaster of Paris (POP),3400,4000,4000,General/Other
1938,OR109,Application for CTEV per sitting,7225,8500,8500,General/Other
1939,OR110,Total Hip Replacement (THR) Revision Stage-I,82450,97000,111550,General/Other
1940,OR111,Total Hip Replacement (THR) Revision Stage-II,109650,129000,148350,General/Other
1941,OR112,Total Knee Replacement (TKR) Revision Stage-I,82450,97000,111550,General/Other
1942,OR113,Total Knee Replacement (TKR) Revision Stage-II,109650,129000,148350,General/Other
1943,OR114,Illizarov/ external fixation for limb lengthening/deformity correction,53550,63000,63000,General/Other
1944,OR115,Discectomy/ Micro Discectomy,69700,82000,82000,General/Other
1945,OR116,Spinal Fixation Cervical/dorsolumbar/ lumbosacral,129200,152000,152000,General/Other
1946,OR117,Fusion Surgery Cervical/ Lumbar Spine up to 2 Level,53550,63000,63000,General/Other
1947,OR118,Spinal Fusion Surgery Cervical/ Lumbar Spine -More than 2 Level,69700,82000,82000,General/Other
1948,OR119,Scoliosis Surgery/ Deformity Correction of Spine,82450,97000,97000,General/Other
1949,OR120,Vertebroplasty,64600,76000,76000,General/Other
1950,OR121,Spinal Injections,4250,5000,5000,General/Other
1951,OR122,Dynamic Hip Screw (DHS) for Fracture Neck Femur,45050,53000,53000,General/Other
1952,OR123,Proximal Femur Nail (PFN) for IT fracture (Intertrochanteric Fractures),45050,53000,53000,General/Other
1953,OR124,Spinal Osteotomy,45050,53000,53000,General/Other
1954,OR125,Illizarov’s / External Fixation for Trauma,45050,53000,53000,General/Other
1955,OR126,Soft Tissue Operations for Polio/ Cerebral Palsy,29750,35000,35000,General/Other
1956,OR127,Mini Fixator for Hand/Foot,29750,35000,35000,General/Other
1957,BP001,Injection of Keloids - Ganglion,3400,4000,4000,Burns and Plastic Surgery
1958,BP002,Injection of Keloids - Haemangioma,3400,4000,4000,Burns and Plastic Surgery
1959,BP003,Free Grafts - Wolfe Grafts,17000,20000,23000,Burns and Plastic Surgery
1960,BP004,Free Grafts - Thiersch- Small Area 5%,17000,20000,23000,Burns and Plastic Surgery
1961,BP005,Free Grafts - Large Area 10%,29750,35000,40250,Burns and Plastic Surgery
1962,BP006,Free Grafts - Very Large Area 20% and above.,36550,43000,49450,Burns and Plastic Surgery
1963,BP007,Skin Flaps - Rotation Flaps,23375,27500,31625,Burns and Plastic Surgery
1964,BP008,Skin Flaps - Advancement Flaps,29750,35000,40250,Burns and Plastic Surgery
1965,BP009,Skin Flaps - Direct- cross Leg Flaps- Cross Arm Flap,36550,43000,49450,Burns and Plastic Surgery
1966,BP010,Skin Flaps - Cross Finger,29750,35000,40250,Burns and Plastic Surgery
1967,BP011,Skin Flaps - Abdominal,29750,35000,40250,Burns and Plastic Surgery
1968,BP012,Skin Flaps - Thoracic,23375,27500,31625,Burns and Plastic Surgery
1969,BP013,Skin Flaps - Arm Etc.,23375,27500,31625,Burns and Plastic Surgery
1970,BP014,Subcutaneous Pedicle Flaps Raising,23375,27500,31625,Burns and Plastic Surgery
1971,BP015,Subcutaneous Pedicle Flaps Delay,23375,27500,31625,Burns and Plastic Surgery
1972,BP016,Subcutaneous Pedicle Flaps Transfer,23375,27500,31625,Burns and Plastic Surgery
1973,BP017,Cartilage Grafting,36550,43000,49450,Burns and Plastic Surgery
1974,BP018,Cleft Lip - Repair.,29750,35000,40250,Burns and Plastic Surgery
1975,BP019,Cleft Palate Repair,36550,43000,49450,Burns and Plastic Surgery
1976,BP020,Primary Bone Grafting for Alveolar Cleft in Cleft Lip,36550,43000,49450,Burns and Plastic Surgery
1977,BP021,Secondary Surgery for Cleft Lip Deformity,36550,43000,49450,Burns and Plastic Surgery
1978,BP022,Secondary Surgery for Cleft Palate,36550,43000,49450,Burns and Plastic Surgery
1979,BP023,Reconstruction of Eyelid Defects - Minor,23375,27500,31625,Burns and Plastic Surgery
1980,BP024,Reconstruction of Eyelid Defects - Major,29750,35000,40250,Burns and Plastic Surgery
1981,BP025,Plastic Surgery of Different Regions of the Ear -Minor,29750,35000,40250,Burns and Plastic Surgery
1982,BP026,Plastic Surgery of Different Regions of the Ear -Major,36550,43000,49450,Burns and Plastic Surgery
1983,BP027,Plastic Surgery of the Nose - Minor,23375,27500,31625,Burns and Plastic Surgery
1984,BP028,Plastic Surgery of the Nose - Major,36550,43000,49450,Burns and Plastic Surgery
1985,BP029,Plastic Surgery for Facial Paralysis (Support with Reanimation),36550,43000,49450,Burns and Plastic Surgery
1986,BP030,After Mastectomy (Reconstruction) Mammoplasty,36550,43000,49450,Burns and Plastic Surgery
1987,BP031,Syndactyly Repair,29750,35000,40250,Burns and Plastic Surgery
1988,BP032,Dermabrasion Face,36550,43000,49450,Burns and Plastic Surgery
1989,BP033,Flap Reconstructive Surgery - Head and Neck,53550,63000,72450,Burns and Plastic Surgery
1990,BP034,up to 30% Burns 1st Dressing,2550,3000,3000,Burns and Plastic Surgery
1991,BP035,up to 30% Burns Subsequent Dressing,2125,2500,2500,Burns and Plastic Surgery
1992,BP036,30% to 50% Burns 1st Dressing,4250,5000,5000,Burns and Plastic Surgery
1993,BP037,30% to 50% Burns Subsequent Dressing,2975,3500,3500,Burns and Plastic Surgery
1994,BP038,Extensive Burn -above 50% Frist Dressing,5100,6000,6000,Burns and Plastic Surgery
1995,BP039,Extensive Burn -above 50% Subsequent dressing,2975,3500,3500,Burns and Plastic Surgery
1996,BP040,VAC Therapy/Dressing including all Consumables,8500,10000,10000,Burns and Plastic Surgery
1997,HC001,"Annual Health Check-up - CCS Group A Officer of above 40 years of age /
Pensioner primary card holder 75 years of age and above–Male,",2000,2000,2000,General/Other
1998,HC002,"Annual Health Check-up - CCS Group A Officer of above 40 years of age /
Pensioner primary card holder 75 years of age and above - Female",2200,2200,2200,General/Other
1,CN001,Consultation OPD,350,350,350,Consultation
2,CN002,Consultation for Inpatients,350,350,350,Consultation
3,CN003,Consultation OPD – Super speciality/Psychiatry,700,700,700,Consultation
4,LB001,"Urine Routine- pH, Specific Gravity, Sugar, Protein and Microscopy",77,90,90,Laboratory Investigation
5,LB002,Urine Microalbumin,186,219,219,Laboratory Investigation
6,LB003,Stool Routine and Microscopy,61,72,72,Laboratory Investigation
7,LB004,Stool for Occult Blood,77,90,90,Laboratory Investigation
8,LB005,Post Coital Smear Examination,306,360,360,Laboratory Investigation
9,LB006,Semen Analysis (Automated/Manual),191,225,225,Laboratory Investigation
10,LB007,Haemoglobin (Hb),38,45,45,Laboratory Investigation
11,LB008,Total Leucocytic Count (TLC),38,45,45,Laboratory Investigation
12,LB009,Differential Leucocytic Count (DLC),77,90,90,Laboratory Investigation
13,LB010,Erythrocyte Sedimentation Rate (ESR),77,90,90,Laboratory Investigation
14,LB011,"Total Red Cell count with MCV,MCH,MCHC,DRW",38,45,45,Laboratory Investigation
15,LB012,"Complete Haemogram/CBC, Hb, RBC Count and Indices, TLC, DLC, Platelet,
ESR, Peripheral Smear Examination)",230,270,270,Laboratory Investigation
16,LB013,Platelet Count,77,90,90,Laboratory Investigation
17,LB014,Reticulocyte Count,77,90,90,Laboratory Investigation
18,LB015,Absolute Eosinophil Count (AEC),77,90,90,Laboratory Investigation
19,LB016,Packed Cell Volume (PCV),38,45,45,Laboratory Investigation
20,LB017,Peripheral Smear Examination,77,90,90,Laboratory Investigation
21,LB018,Smear for Malaria/Filaria Parasite,77,90,90,Laboratory Investigation
22,LB019,Bleeding Time,38,45,45,Laboratory Investigation
23,LB020,Clotting Time,38,45,45,Laboratory Investigation
24,LB021,Osmotic Fragility Test,230,270,270,Laboratory Investigation
25,LB022,Bone Marrow Smear Examination,268,315,315,Laboratory Investigation
26,LB023,Bone Marrow Smear Examination with Iron Stain,612,720,720,Laboratory Investigation
27,LB024,Bone Marrow Smear Examination and Cytochemistry,9180,10800,10800,Laboratory Investigation
28,LB025,Activated partial Thromboplastin Time (APTT),222,261,261,Laboratory Investigation
29,LB026,Rapid Test for Malaria (Card Test)/QBC Malaria Test,77,90,90,Laboratory Investigation
30,LB027,"Bleeding Disorder Panel- PT, APTT, Thrombin Time Fibrinogen, D-Dimer/
Fibrinogen Degradation Products (FDP)",612,720,720,Laboratory Investigation
31,LB028,Factor Assays-Factor VIII,1148,1350,1350,Laboratory Investigation
32,LB029,Factor Assays-Factor IX,1148,1350,1350,Laboratory Investigation
33,LB030,Platelet Function Tests,968,1139,1139,Laboratory Investigation
34,LB031,"Tests for Hypercoagulable States- Protein C, Protein S, Antithrombin",2586,3042,3042,Laboratory Investigation
35,LB032,Tests for Lupus Anticoagulant,995,1170,1170,Laboratory Investigation
36,LB033,"Tests for Antiphospholipid Antibody IgG, IgM (for Cardiolipin and B2
Glycoprotein 1)",765,900,900,Laboratory Investigation
37,LB034,Thalassemia Studies (Red Cell Indices and Hb HPLC),765,900,900,Laboratory Investigation
38,LB035,Tests for Sickling / Hb HPLC),765,900,900,Laboratory Investigation
39,LB036,Blood Group & Rh Type,69,81,81,Laboratory Investigation
40,LB037,Cross Match,153,180,180,Laboratory Investigation
41,LB038,Coomb’s Test - Direct,153,180,180,Laboratory Investigation
42,LB039,Coomb’s Test - Indirect,191,225,225,Laboratory Investigation
43,LB040,3 Cell Panel- Antibody Screening for Pregnant Female,803,945,945,Laboratory Investigation
44,LB041,11 Cells Panel for Antibody Identification,1748,2057,2057,Laboratory Investigation
45,LB042,Hepatitis B Surface Antigen (HBsAg),230,270,270,Laboratory Investigation
46,LB043,Hepatitis C Virus (HCV),383,450,450,Laboratory Investigation
47,LB044,Human Immunodeficiency Virus- HIV I and II,295,347,347,Laboratory Investigation
48,LB045,Venereal Disease Research Laboratory Test (VDRL),77,90,90,Laboratory Investigation
49,LB046,RH Antibody Titre,230,270,270,Laboratory Investigation
50,LB047,Platelet Concentrate Test,765,900,900,Laboratory Investigation
51,LB048,Routine - H & E,417,491,491,Laboratory Investigation
52,LB049,Special Stain,153,180,180,Laboratory Investigation
53,LB050,Histopathology Examination (HPE) - Frozen Section,1148,1350,1350,Laboratory Investigation
54,LB051,Histopathology Examination (HPE) - Paraffin Section,383,450,450,Laboratory Investigation
55,LB052,Pap Smear,306,360,360,Laboratory Investigation
56,LB053,Body Fluid for Malignant cells,268,315,315,Laboratory Investigation
57,LB054,"Paroxysmal Nocturnal Haemoglobinuria (PNH) Panel- CD55, CD59",1148,1350,1350,Laboratory Investigation
58,LB055,Blood Glucose Random / Blood Glucose Fasting /Blood Glucose PP,31,36,36,Laboratory Investigation
59,LB056,"24 Hrs Urine for Proteins, Sodium, Creatinine",230,270,270,Laboratory Investigation
60,LB057,Blood Urea Nitrogen (BUN) / Urea,77,90,90,Laboratory Investigation
61,LB058,Serum Creatinine,77,90,90,Laboratory Investigation
62,LB059,Urine Bile Pigment and Salt,54,63,63,Laboratory Investigation
63,LB060,Urine Urobilinogen,54,63,63,Laboratory Investigation
64,LB061,Urine Ketones,54,63,63,Laboratory Investigation
65,LB062,Urine Occult Blood,54,63,63,Laboratory Investigation
66,LB063,Urine Total Proteins,54,63,63,Laboratory Investigation
67,LB064,Rheumatoid Factor / Rh Factor Test,574,675,675,Laboratory Investigation
68,LB065,Bence Jones Protein,77,90,90,Laboratory Investigation
69,LB066,Serum Uric Acid,115,135,135,Laboratory Investigation
70,LB067,Serum Bilirubin total & direct,115,135,135,Laboratory Investigation
71,LB068,Serum Iron,191,225,225,Laboratory Investigation
72,LB069,C-Reactive Protein (CRP),191,225,225,Laboratory Investigation
73,LB070,C-Reactive Protein (CRP) Quantitative,230,270,270,Laboratory Investigation
74,LB071,"Body Fluid (CSF/Ascitic Fluid etc.)Sugar, Protein etc.",230,270,270,Laboratory Investigation
75,LB072,Albumin,38,45,45,Laboratory Investigation
76,LB073,Creatinine Clearance,153,180,180,Laboratory Investigation
77,LB074,Serum Cholesterol,115,135,135,Laboratory Investigation
78,LB075,Total Iron Binding Capacity (TIBC),230,270,270,Laboratory Investigation
79,LB076,Glucose (Fasting & PP),61,72,72,Laboratory Investigation
80,LB077,Serum Calcium –Total,115,135,135,Laboratory Investigation
81,LB078,Serum Calcium – Ionic,459,540,540,Laboratory Investigation
82,LB079,Serum Phosphorus,115,135,135,Laboratory Investigation
83,LB080,Total Protein Albumin/Globulin Ratio (A/G Ratio),54,63,63,Laboratory Investigation
84,LB081,Immunoglobulin G (IgG),306,360,360,Laboratory Investigation
85,LB082,Immunoglobulin M(IgM),306,360,360,Laboratory Investigation
86,LB083,Immunoglobulin A(IgA),306,360,360,Laboratory Investigation
87,LB084,Antinuclear Antibody (ANA),501,590,590,Laboratory Investigation
88,LB085,Anti-double stranded DNA (anti-dsDNA),612,720,720,Laboratory Investigation
89,LB086,"Serum Glutamic Pyruvic Transaminase (SGPT) / Alanine Aminotransferase
(ALT)",77,90,90,Laboratory Investigation
90,LB087,"Serum Glutamic Oxaloacetic Transaminase (SGOT) /Aspartate Aminotransferase
(AST)",77,90,90,Laboratory Investigation
91,LB088,Serum Amylase,230,270,270,Laboratory Investigation
92,LB089,Serum Lipase,306,360,360,Laboratory Investigation
93,LB090,Serum Lactate,383,450,450,Laboratory Investigation
94,LB091,Serum Magnesium,230,270,270,Laboratory Investigation
95,LB092,Serum Sodium,92,108,108,Laboratory Investigation
96,LB093,Serum Potassium,92,108,108,Laboratory Investigation
97,LB094,Chloride,115,135,135,Laboratory Investigation
98,LB095,Serum Bicarbonate,153,180,180,Laboratory Investigation
99,LB096,Serum Ammonia,513,603,603,Laboratory Investigation
100,LB097,"Anaemia Profile (Hb, Serum Iron, TIBC, Ferritin, Transferrin Saturation, Stool
Occult Blood, CBC, Reticulocyte Count)",1010,1188,1188,Laboratory Investigation
101,LB098,Serum Testosterone,306,360,360,Laboratory Investigation
102,LB099,Imprint Smear from Endoscopy,765,900,900,Laboratory Investigation
103,LB100,Triglycerides,115,135,135,Laboratory Investigation
104,LB101,Glucose Tolerance Test (GTT),230,270,270,Laboratory Investigation
105,LB102,"Triple Marker Test (AFP,HCG,UE3)",1148,1350,1350,Laboratory Investigation
106,LB103,Creatine Phosphokinase (CPK)/Creatine Kinase (CK),176,207,207,Laboratory Investigation
107,LB104,Foetal Haemoglobin (HbF),383,450,450,Laboratory Investigation
108,LB105,Prothrombin Time (PT)/ International normalized ratio (INR),191,225,225,Laboratory Investigation
109,LB106,Lactate dehydrogenase (LDH),168,198,198,Laboratory Investigation
110,LB107,Alkaline Phosphatase,115,135,135,Laboratory Investigation
111,LB108,Acid Phosphatase,115,135,135,Laboratory Investigation
112,LB109,CPK MB/CK MB,275,324,324,Laboratory Investigation
113,LB110,CK MB Mass/CPK MB Mass,275,324,324,Laboratory Investigation
114,LB111,Troponin I,536,630,630,Laboratory Investigation
115,LB112,Troponin T,536,630,630,Laboratory Investigation
116,LB113,Glucose-6-Phosphate Dehydrogenase (G6PD),230,270,270,Laboratory Investigation
117,LB114,Lithium,268,315,315,Laboratory Investigation
118,LB115,Dilantin (Phenytoin),459,540,540,Laboratory Investigation
119,LB116,Carbamazepine.,536,630,630,Laboratory Investigation
120,LB117,Cyclosporine,1913,2250,2250,Laboratory Investigation
121,LB118,Valproic acid.,459,540,540,Laboratory Investigation
122,LB119,Blood gas analysis / Arterial Blood Gas (ABG),428,504,504,Laboratory Investigation
123,LB120,Blood gas analysis / Arterial Blood Gas (ABG) with electrolytes,612,720,720,Laboratory Investigation
124,LB121,Urine Pregnancy Test(UPT),77,90,90,Laboratory Investigation
125,LB122,Glycosylated Haemoglobin (HbA1c),230,270,270,Laboratory Investigation
126,LB123,"Kidney Function Test (KFT)- (Sr.Creatinine,Blood Urea,BUN,Sr.Uric
Acid,Sr.Sodium,Sr.Potassium,Urine R/E)",383,450,450,Laboratory Investigation
127,LB124,Liver Function Test (LFT),383,450,450,Laboratory Investigation
128,LB125,"Lipid Profile (Total cholesterol ,Triglycerides, LDL, HDL,VLDL)",375,441,441,Laboratory Investigation
129,LB126,Serum Ferritin,268,315,315,Laboratory Investigation
130,LB127,Vitamin B12 Assay.,459,540,540,Laboratory Investigation
131,LB128,Folic Acid Assay.,497,585,585,Laboratory Investigation
132,LB129,"Extended Lipid Profile. (Total cholesterol, LDL,HDL, Triglycerides Apo A1,Apo
B,Lp (a) )",765,900,900,Laboratory Investigation
133,LB130,Apolipoprotein A1 (ApoA1),306,360,360,Laboratory Investigation
134,LB131,Apolipoprotein B (Apo B),306,360,360,Laboratory Investigation
135,LB132,Lipoprotein A / Lp A,306,360,360,Laboratory Investigation
136,LB133,"CD 3,4 and 8 Counts",949,1116,1116,Laboratory Investigation
137,LB134,"CD 3,4 and 8 Percentage",1155,1359,1359,Laboratory Investigation
138,LB135,Low Density Lipoprotein (LDL),115,135,135,Laboratory Investigation
139,LB136,Homocysteine,497,585,585,Laboratory Investigation
140,LB137,Serum Electrophoresis,536,630,630,Laboratory Investigation
141,LB138,Fibrinogen,383,450,450,Laboratory Investigation
142,LB139,Gamma-Glutamyl Transpeptidase (GGTP),115,135,135,Laboratory Investigation
143,LB140,Fructosamine,383,450,450,Laboratory Investigation
144,LB141,Beta 2 microglobulin (B2M) /β2 microglobulin,459,540,540,Laboratory Investigation
145,LB142,Prostate Specific Antigen (PSA)- Total,363,428,428,Laboratory Investigation
146,LB143,Prostate-Specific Antigen (PSA) - Free,612,720,720,Laboratory Investigation
147,LB144,Alpha Fetoprotein (AFP),421,495,495,Laboratory Investigation
148,LB145,Human Chorionic Gonadotropin (HCG)/ Beta HCG,344,405,405,Laboratory Investigation
149,LB146,Cancer Antigen 125 (CA 125),612,720,720,Laboratory Investigation
150,LB147,Cancer Antigen 19.9 (CA 19.9),612,720,720,Laboratory Investigation
151,LB148,Cancer Antigen 15.3 (CA 15.3),612,720,720,Laboratory Investigation
152,LB149,Vanillylmandelic Acid (VMA),1224,1440,1440,Laboratory Investigation
153,LB150,Calcitonin,918,1080,1080,Laboratory Investigation
154,LB151,Carcinoembryonic Antigen (CEA),459,540,540,Laboratory Investigation
155,LB152,Direct Immunofluorescence (Skin and Kidney Disease etc),918,1080,1080,Laboratory Investigation
156,LB153,Indirect (anti ds DNA Anti Smith ANCA),918,1080,1080,Laboratory Investigation
157,LB154,Calcidiol / 25-hydroxycholecalciferol / Vitamin D3 assay (Vit D3),765,900,900,Laboratory Investigation
158,LB155,Serum Protein electrophoresis with immunofixation electrophoresis (IFE),536,630,630,Laboratory Investigation
159,LB156,Anti-Cyclic Citrullinated Peptide (Anti CCP),689,810,810,Laboratory Investigation
160,LB157,"Anti-tissue Transglutaminase antibody (Anti TTG Antibody) / Tissue
Transglutaminase IgA (tTg-IgA)",612,720,720,Laboratory Investigation
161,LB158,Serum Erythropoietin,918,1080,1080,Laboratory Investigation
162,LB159,Adrenocorticotropic Hormone (ACTH),918,1080,1080,Laboratory Investigation
163,LB160,"T3, T4, TSH -Thyroid Function Test (TFT)",344,405,405,Laboratory Investigation
164,LB161,Thyroid stimulating hormone (TSH),153,180,180,Laboratory Investigation
165,LB162,Luteinizing hormone (LH),306,360,360,Laboratory Investigation
166,LB163,Follicle stimulating hormone (FSH),306,360,360,Laboratory Investigation
167,LB164,Prolactin,306,360,360,Laboratory Investigation
168,LB165,Cortisol,421,495,495,Laboratory Investigation
169,LB166,PTH(Parathormone),765,900,900,Laboratory Investigation
170,LB167,C-Peptide ( Connecting Peptide),574,675,675,Laboratory Investigation
171,LB168,Insulin,383,450,450,Laboratory Investigation
172,LB169,Progesterone,306,360,360,Laboratory Investigation
173,LB170,17 Hydroxyprogesterone (17 OH Progesterone),574,675,675,Laboratory Investigation
174,LB171,Dehydroepiandrosterone sulfate (DHEAS),765,900,900,Laboratory Investigation
175,LB172,Androstenedione,765,900,900,Laboratory Investigation
176,LB173,Growth Hormone,459,540,540,Laboratory Investigation
177,LB174,Thyroid peroxidase antibody (TPO),536,630,630,Laboratory Investigation
178,LB175,Thyroglobulin.,536,630,630,Laboratory Investigation
179,LB176,Hydatid Serology,627,738,738,Laboratory Investigation
180,LB177,Anti Sperm Antibodies.,689,810,810,Laboratory Investigation
181,LB178,Hepatitis B Virus (HBV) DNA Qualitative,1913,2250,2250,Laboratory Investigation
182,LB179,Hepatitis B Virus (HBV) DNA Quantitative.,2678,3150,3150,Laboratory Investigation
183,LB180,Hepatitis C Virus (HCV) RNA Qualitative.,2295,2700,2700,Laboratory Investigation
184,LB181,Human papillomavirus (HPV) Serology,1224,1440,1440,Laboratory Investigation
185,LB182,Rota Virus serology,306,360,360,Laboratory Investigation
186,LB183,Mantoux Test,153,180,180,Laboratory Investigation
187,LB184,ADA( Adenosine deaminase),497,585,585,Laboratory Investigation
188,LB185,GeneXpert Test (Tuberculosis),792,932,932,Laboratory Investigation
189,LB186,QuantiFERON TB Gold,1913,2250,2250,Laboratory Investigation
190,LB187,PCR for Tuberculosis (TB),918,1080,1080,Laboratory Investigation
191,LB188,PCR for Human immunodeficiency virus (HIV),1377,1620,1620,Laboratory Investigation
192,LB189,Chlamydia antigen,765,900,900,Laboratory Investigation
193,LB190,Chlamydia antibody,650,765,765,Laboratory Investigation
194,LB191,Brucella serology,344,405,405,Laboratory Investigation
195,LB192,Influenza A serology,765,900,900,Laboratory Investigation
196,LB193,Acetylcholine receptor (AChR) antibody titre,3443,4050,4050,Laboratory Investigation
197,LB194,Anti muscle specific receptor tyrosine kinase (Anti MuSK) antibody titre,5126,6030,6030,Laboratory Investigation
198,LB195,Serum Copper,497,585,585,Laboratory Investigation
199,LB196,Serum Ceruloplasmin,497,585,585,Laboratory Investigation
200,LB197,Urinary copper,643,756,756,Laboratory Investigation
201,LB198,Serum phenobarbitone level,459,540,540,Laboratory Investigation
202,LB199,Coagulation profile,574,675,675,Laboratory Investigation
203,LB200,D-Dimer,383,450,450,Laboratory Investigation
204,LB201,"CSF/Any Body Fluid for Basic studies including cell count, protein, sugar, gram
stain, India Ink preparation and smear for AFB",268,315,315,Laboratory Investigation
205,LB202,PCR for Herpes simplex,1071,1260,1260,Laboratory Investigation
206,LB203,Bacterial culture and sensitivity - Aerobic,352,414,414,Laboratory Investigation
207,LB204,Bacterial culture and sensitivity - Anaerobic,536,630,630,Laboratory Investigation
208,LB205,Mycobacterial culture and sensitivity,421,495,495,Laboratory Investigation
209,LB206,Fungal culture,379,446,446,Laboratory Investigation
210,LB207,Anti measles antibody titre (with serum antibody titre),918,1080,1080,Laboratory Investigation
211,LB208,Viral culture,459,540,540,Laboratory Investigation
212,LB209,"Antibody titre (Herpes simplex, cytomegalovirus, flavivirus, zoster varicella
virus)",1607,1890,1890,Laboratory Investigation
213,LB210,Oligoclonal bands (OCBs),1721,2025,2025,Laboratory Investigation
214,LB211,Myelin basic protein (MBP),2678,3150,3150,Laboratory Investigation
215,LB212,Cryptococcal antigen,1148,1350,1350,Laboratory Investigation
216,LB213,D Xylose test,842,990,990,Laboratory Investigation
217,LB214,Faecal / Faecal fat test/ faecal chymotrypsin/ faecal elastase,765,900,900,Laboratory Investigation
218,LB215,H pylori serology for Coeliac disease /Celiac disease,918,1080,1080,Laboratory Investigation
219,LB216,HBV genotyping,2199,2588,2588,Laboratory Investigation
220,LB217,HCV genotyping,4289,5045,5045,Laboratory Investigation
221,LB218,Urinary Vanillylmandelic Acid (VMA),1672,1967,1967,Laboratory Investigation
222,LB219,Urinary metanephrine/Normetanephrine,2219,2610,2610,Laboratory Investigation
223,LB220,Urinary free catecholamine,1913,2250,2250,Laboratory Investigation
224,LB221,Serum aldosterone,1377,1620,1620,Laboratory Investigation
225,LB222,24 Hr urinary aldosterone,1148,1350,1350,Laboratory Investigation
226,LB223,Plasma renin activity,1224,1440,1440,Laboratory Investigation
227,LB224,Serum aldosterone/renin ratio,1148,1350,1350,Laboratory Investigation
228,LB225,Osmolality urine,344,405,405,Laboratory Investigation
229,LB226,Osmolality serum,344,405,405,Laboratory Investigation
230,LB227,Urinary sodium,115,135,135,Laboratory Investigation
231,LB228,Urinary Chloride,115,135,135,Laboratory Investigation
232,LB229,Urinary potassium,115,135,135,Laboratory Investigation
233,LB230,Urinary calcium,115,135,135,Laboratory Investigation
234,LB231,Thyroid binding globulin,842,990,990,Laboratory Investigation
235,LB232,24-hour urinary free cortisol,574,675,675,Laboratory Investigation
236,LB233,Islet cell antibody,918,1080,1080,Laboratory Investigation
237,LB234,Glutamic Acid Decarboxylase Autoantibodies test (GAD antibodies),1530,1800,1800,Laboratory Investigation
238,LB235,Insulin associated antibody,750,882,882,Laboratory Investigation
239,LB236,Insulin-like growth factor-1 (IGF-1),1683,1980,1980,Laboratory Investigation
240,LB237,Insulin-like growth factor binding protein 3 (IGF- BP3),1760,2070,2070,Laboratory Investigation
241,LB238,Sex hormone binding globulin,1178,1386,1386,Laboratory Investigation
242,LB239,Estradiol (E2),306,360,360,Laboratory Investigation
243,LB240,Thyroglobulin antibody,536,630,630,Laboratory Investigation
244,LB241,"Kappa Lambda Light Chains, Free, Serum/ Serum free light chains (SFLC)",3079,3623,3623,Laboratory Investigation
245,LB242,Serum IgE Level,291,342,342,Laboratory Investigation
246,LB243,N-terminal pro BNP (NT-pro BNP / Brain natriuretic peptide (BNP),1584,1863,1863,Laboratory Investigation
247,LB244,HCV RNA Quantitative,1411,1661,1661,Laboratory Investigation
248,LB245,Tacrolimus Level,2023,2381,2381,Laboratory Investigation
249,LB246,"Protein Creatinine Ratio (PCR), Urine / Albumin Creatinine Ratio (ACR), Urine",116,137,137,Laboratory Investigation
250,LB247,HLA B27 (PCR),440,518,518,Laboratory Investigation
251,LB248,Procalcitonin,1584,1863,1863,Laboratory Investigation
252,LB249,TORCH Test,985,1159,1159,Laboratory Investigation
253,LB250,Anti –Smooth Muscle Antibody Test (ASMA),1117,1314,1314,Laboratory Investigation
254,LB251,C ANCA-IFA,1148,1350,1350,Laboratory Investigation
255,LB252,P ANCA-IFA,1148,1350,1350,Laboratory Investigation
256,LB253,Angiotensin converting enzyme (ACE),765,900,900,Laboratory Investigation
257,LB254,Extractable Nuclear Antigens (ENA) - Quantitative,3519,4140,4140,Laboratory Investigation
258,LB255,Chromogranin A,3825,4500,4500,Laboratory Investigation
259,LB256,Faecal calprotectin,2088,2457,2457,Laboratory Investigation
260,LB257,C3-COMPLEMENT,497,585,585,Laboratory Investigation
261,LB258,C4-COMPLEMENT,497,585,585,Laboratory Investigation
262,LB259,H1N1 (RT-PCR),829,976,976,Laboratory Investigation
263,LB260,Anti HEV IgM,765,900,900,Laboratory Investigation
264,LB261,Anti HAV IgM,574,675,675,Laboratory Investigation
265,LB262,HBsAg Quantitative,497,585,585,Laboratory Investigation
266,LB263,Typhidot IgM,306,360,360,Laboratory Investigation
267,LB264,Hepatitis B Core Antibody (HBcAb) Level (Hepatitis B Core IgM Antibody),367,432,432,Laboratory Investigation
268,LB265,Hepatitis B surface antibody (anti HBs),497,585,585,Laboratory Investigation
269,LB266,Free Triiodothyronine (FT3),96,113,113,Laboratory Investigation
270,LB267,Free Thyroxine (FT4),96,113,113,Laboratory Investigation
271,LB268,Widal Test,54,63,63,Laboratory Investigation
272,LB269,Dengue NS1 Ag,306,360,360,Laboratory Investigation
273,LB270,Dengue IgM and Ig G,612,720,720,Laboratory Investigation
274,LB271,Interleukin 6 (IL 6),1224,1440,1440,Laboratory Investigation
275,LB272,Covid Antibody Test,536,630,630,Laboratory Investigation
276,LB273,Cryoglobulins,765,900,900,Laboratory Investigation
277,LB274,Cytogenetics,3825,4500,4500,Laboratory Investigation
278,LB275,Plasma Free Normetanephrine,1760,2070,2070,Laboratory Investigation
279,LB276,Plasma Metanephrines,1760,2070,2070,Laboratory Investigation
280,LB277,PLA2 receptor antibody quantitative,3213,3780,3780,Laboratory Investigation
281,LB278,Allergic Bronchopulmonary Aspergillosis (ABPA) Panel,2219,2610,2610,Laboratory Investigation
282,LB279,Allergy Food Screening Panel,4590,5400,5400,Laboratory Investigation
283,LB280,AMA (Anti Mitochondrial Antibody),765,900,900,Laboratory Investigation
284,LB281,AMH (Anti- Mullerian Hormone),765,900,900,Laboratory Investigation
285,LB282,ANA BLOT,2295,2700,2700,Laboratory Investigation
286,LB283,ANA Profile,2295,2700,2700,Laboratory Investigation
287,LB284,Anti GBM (Glomerular Basement Membrane) Antibody,1148,1350,1350,Laboratory Investigation
288,LB285,Anti LKM (Liver Kidney Microsome) Ab,1148,1350,1350,Laboratory Investigation
289,LB286,Anti Parietal Cell Antibodies,1530,1800,1800,Laboratory Investigation
290,LB287,Anti Intrinsic Factor Antibodies,1530,1800,1800,Laboratory Investigation
291,LB288,ASO Titre /ASLO Titre,413,486,486,Laboratory Investigation
292,LB289,Aspergillus Fumigatus Specific IgE,1186,1395,1395,Laboratory Investigation
293,LB290,Autoimmune Encephalitis Panel,13005,15300,15300,Laboratory Investigation
294,LB291,Autoimmune Hepatitis Profile,2264,2664,2664,Laboratory Investigation
295,LB292,Beta-D-Glucan Assay,11475,13500,13500,Laboratory Investigation
296,LB293,C1 Esterase inhibitor (Quantitative ),1836,2160,2160,Laboratory Investigation
297,LB294,CMV Quantitative (Viral load) Test,1760,2070,2070,Laboratory Investigation
298,LB295,"Double Marker (Beta-hCG,PAPP-A)",1530,1800,1800,Laboratory Investigation
299,LB296,"Quadruple test (AFP,HCG,UE3,Inhibin A)",1836,2160,2160,Laboratory Investigation
300,LB297,HBeAb (Hepatitis B envelope Antibody),275,324,324,Laboratory Investigation
301,LB298,HBeAg (Hepatitis B envelope Antigen),275,324,324,Laboratory Investigation
302,LB299,HIAA 24 Hours Urinary,1760,2070,2070,Laboratory Investigation
303,LB300,HIV Viral Load by PCR,3825,4500,4500,Laboratory Investigation
304,LB301,HSV 1 & 2 IgG,627,738,738,Laboratory Investigation
305,LB302,Hypersensitive Pneumonitis Panel,5508,6480,6480,Laboratory Investigation
306,LB303,IgG4,1530,1800,1800,Laboratory Investigation
307,LB304,Inhibin A,689,810,810,Laboratory Investigation
308,LB305,Inhibin B,1454,1710,1710,Laboratory Investigation
309,LB306,Scrub Typhus IgM,1224,1440,1440,Laboratory Investigation
310,LB307,Interferon Gamma Release Assay (IGRA),2295,2700,2700,Laboratory Investigation
311,LB308,KOH Mount,115,135,135,Laboratory Investigation
312,LB309,Serum AMA M2 (IFA Method),1530,1800,1800,Laboratory Investigation
313,LB310,Serum Gastrin,918,1080,1080,Laboratory Investigation
314,LB311,Serum Haptoglobin Levels,765,900,900,Laboratory Investigation
315,LB312,Skin Prick Test for Allergy,1377,1620,1620,Laboratory Investigation
316,LB313,Myositis Profile (Up to 16 Antigens),6120,7200,7200,Laboratory Investigation
317,LB314,Paraneoplastic Panel,7650,9000,9000,Laboratory Investigation
318,LB315,TSH Receptor Antibody,918,1080,1080,Laboratory Investigation
319,LB316,Anti-Nuclear Antibodies - IFA,1224,1440,1440,Laboratory Investigation
320,LB317,Autoimmune Liver Diseases Profile,3825,4500,4500,Laboratory Investigation
321,LB318,Citrate Urine 24 Hour,880,1035,1035,Laboratory Investigation
322,LB319,Comprehensive Allergy Panel,5355,6300,6300,Laboratory Investigation
323,LB320,Comprehensive Myeloma Protein Panel,5355,6300,6300,Laboratory Investigation
324,LB321,DCP (DES Gamma-Carboxy- Prothrombin),2563,3015,3015,Laboratory Investigation
325,LB322,Desmoglein (DSG) 1 And 3 Antibody,4131,4860,4860,Laboratory Investigation
326,LB323,Galactomannan,2379,2799,2799,Laboratory Investigation
327,LB324,SCL 70 Antibody,1285,1512,1512,Laboratory Investigation
328,LB325,Serum Chromogranin A,2907,3420,3420,Laboratory Investigation
329,LB326,SSA- Antibody Ro Serum Test,1109,1305,1305,Laboratory Investigation
330,LB327,SSB- Antibody La Serum Test,1109,1305,1305,Laboratory Investigation
331,LB328,Stool for Clostridium difficile Toxin,2173,2556,2556,Laboratory Investigation
332,LB329,TPHA,306,360,360,Laboratory Investigation
333,LB330,UGT1A1 Gene Analysis,4590,5400,5400,Laboratory Investigation
334,LB331,Urine For Myoglobin,421,495,495,Laboratory Investigation
335,LB332,Leptospira Ig M,765,900,900,Laboratory Investigation
336,LB333,Chikungunya Ig M,765,900,900,Laboratory Investigation
337,LB334,Weil Felix Agglutination Test,383,450,450,Laboratory Investigation
338,LB335,Continuous Glucose Monitoring for 2 Weeks,3060,3600,3600,Laboratory Investigation
339,RI001,2D echocardiography,1128,1328,1328,General/Other
340,RI002,Fetal Echo,1224,1440,1440,General/Other
341,RI003,2D Transoesophageal Echocardiography (TEE),1262,1485,1485,General/Other
342,RI004,3D Transoesophageal Echocardiography (TEE),1262,1485,1485,General/Other
343,RI005,Stress Echo- exercise,1836,2160,2160,General/Other
344,RI006,Stress Echo- pharmacological / D Stress Echo,2295,2700,2700,General/Other
345,RI007,Stress Myocardial Perfusion Imaging (MPI)- exercise,7038,8280,8280,General/Other
346,RI008,Stress Myocardial Perfusion Imaging (MPI) - pharmacological,7038,8280,8280,General/Other
347,RI009,CT Coronary Angiography including Calcium Score Test,7038,8280,8280,General/Other
348,RI010,Cardiac CT scan,4973,5850,5850,General/Other
349,RI011,MRI Cardiac,6120,7200,7200,General/Other
350,RI012,Stress Cardiac MRI,7038,8280,8280,General/Other
351,RI013,Cardiac PET,7038,8280,8280,General/Other
352,RI014,"USG Transvaginal sonography (TVS for Follicular
monitoring /aspiration) /TVS for follicular monitoring/pelvic pathology/ET
measurement",765,900,900,General/Other
353,RI015,"Growth scan (including BPP, AFI, Doppler)",1530,1800,1800,General/Other
354,RI016,1st trimester scan-dating scan/NT scan/Early pregnancy scan,536,630,630,General/Other
355,RI017,"USG Colour Doppler Pregnancy / Fetal Doppler/Umbilical Doppler/Uterine
Vessel
Doppler",1281,1508,1508,General/Other
356,RI018,Biophysical score / Biophysical profile test (BPP test),1148,1350,1350,General/Other
357,RI019,USG Obstetrics for Anomalies scan,1530,1800,1800,General/Other
358,RI020,USG Whole Abdomen Including Pelvis and post Void urine,612,720,720,General/Other
359,RI021,"Pelvic USG (gynae, infertility, prostate , KUB with post- void residual (PVR) etc
).",383,450,450,General/Other
360,RI022,"USG Small parts (scrotum, thyroid, parathyroid etc)",589,693,693,General/Other
361,RI023,"USG Large Parts (Joints/Chest,...etc)",612,720,720,General/Other
362,RI024,USG Neonatal spine,765,900,900,General/Other
363,RI025,USG Breast including relevant Lymph nodes- Bilateral/Unilateral,612,720,720,General/Other
364,RI026,USG Hysterosalpingography (HSG),1836,2160,2160,General/Other
365,RI027,Fibroscan Liver,880,1035,1035,General/Other
366,RI028,Carotid Doppler Bilateral,765,900,900,General/Other
367,RI029,Arterial Colour Doppler Bilateral,765,900,900,General/Other
368,RI030,Venous Colour Doppler Bilateral,765,900,900,General/Other
369,RI031,"Colour Doppler, renal arteries/any other organ",765,900,900,General/Other
370,RI032,X Ray Abdomen AP Supine or Erect (One film),191,225,225,General/Other
371,RI033,X Ray Abdomen Lateral view (one film),161,189,189,General/Other
372,RI034,X Ray Chest PA /AP/ Oblique view (one film),176,207,207,General/Other
373,RI035,X Ray Chest Lateral (one film),176,207,207,General/Other
374,RI036,"X Ray Mastoids: Towne view, oblique views (3 films)",383,450,450,General/Other
375,RI037,"X Ray Extremities (Hand/Leg/Feet/Finger/Toe) bones & Joints (Hip/ Knee/Ankle
/ shoulder/ Wrist / fingers/Toes, etc) AP & Lateral views (standing or weight
bearing)(Two films)",291,342,342,General/Other
376,RI038,X Ray Pelvis AP (one film),153,180,180,General/Other
377,RI039,X Ray Temporomandibular (TM) Joints (one film),191,225,225,General/Other
378,RI040,X Ray Abdomen & Pelvis for KUB,180,212,212,General/Other
379,RI041,"X Ray Skull AP & Lateral (2 films)/ Extra oral radiographs - All skull views,
TMJ, Lateral oblique [Dental]",306,360,360,General/Other
380,RI042,X Ray Spine AP & Lateral (2 films),306,360,360,General/Other
381,RI043,X Ray Paranasal sinuses (PNS) view (1 film),153,180,180,General/Other
382,RI044,Barium Swallow,918,1080,1080,General/Other
383,RI045,Barium Upper GI study,1148,1350,1350,General/Other
384,RI046,Barium Upper GI study (Double contrast),1530,1800,1800,General/Other
385,RI047,Barium Meal follow through,1530,1800,1800,General/Other
386,RI048,Barium Enema (Single contrast/double contrast),1530,1800,1800,General/Other
387,RI049,Small bowel enteroclysis,1530,1800,1800,General/Other
388,RI050,"General:Fistulography / Sinography/Sialography/Dacrocystography/ T-Tube
cholangiogram/Nephrostogram",972,1143,1143,General/Other
389,RI051,Intravenous Pyelography (IVP),1262,1485,1485,General/Other
390,RI052,Micturating Cystourethrography (MCU),857,1008,1008,General/Other
391,RI053,Retrograde Urethrography (RGU),857,1008,1008,General/Other
392,RI054,Contrast Hystero-Salpingography (HSG),1530,1800,1800,General/Other
393,RI055,X ray Arthrography,1530,1800,1800,General/Other
394,RI056,Ortho Scanogram,1293,1521,1521,General/Other
395,RI057,Cephalography,268,315,315,General/Other
396,RI058,Myelography,1913,2250,2250,General/Other
397,RI059,Diagnostic Digital Subtraction Angiography (DSA) cerebral vessels,10251,12060,12060,General/Other
398,RI060,X Ray Mammography – Bilateral/Unilateral,1052,1238,1238,General/Other
399,RI061,MRI Mammography,3825,4500,4500,General/Other
400,RI062,CT Scan Head/ Brain-Without Contrast / NCCT Head/Brain,792,932,932,General/Other
401,RI063,CT Scan Head / Brain- with Contrast -including CT angiography,1683,1980,1980,General/Other
402,RI064,CT Scan Chest - without contrast (for lungs),1530,1800,1800,General/Other
403,RI065,High Resolution computed Tomography (HRCT Chest),1530,1800,1800,General/Other
404,RI066,Contrast Enhanced Computed Tomograpy (CECT) Chest (Including CD),2199,2588,2588,General/Other
405,RI067,CT Scan Lower Abdomen (incl. Pelvis) With Contrast/ CT KUB with Contrast,3443,4050,4050,General/Other
406,RI068,"CT Scan Lower Abdomen (Incl. Pelvis) Without Contrast / CT KUB without
Contrast",2678,3150,3150,General/Other
407,RI069,CT Scan Whole Abdomen Without Contrast,2639,3105,3105,General/Other
408,RI070,CT Scan Whole Abdomen With Contrast,3959,4658,4658,General/Other
409,RI071,Triple Phase CT abdomen,3959,4658,4658,General/Other
410,RI072,CT Urography,3443,4050,4050,General/Other
411,RI073,CT Scan Angiography Chest,3959,4658,4658,General/Other
412,RI074,CT Scan Angiography Abdomen,3959,4658,4658,General/Other
413,RI075,CT Angiography Entire Aorta ( CT Aortogram),7650,9000,9000,General/Other
414,RI076,CT Scan Enteroclysis,5279,6210,6210,General/Other
415,RI077,CT Scan Neck – Without Contrast,1913,2250,2250,General/Other
416,RI078,CT Scan Neck – With Contrast,2678,3150,3150,General/Other
417,RI079,CT Angio-Neck Vessels,4590,5400,5400,General/Other
418,RI080,CT Scan Orbits - Without Contrast,1683,1980,1980,General/Other
419,RI081,CT Scan Orbits - With Contrast,2448,2880,2880,General/Other
420,RI082,CT Scan of Para Nasal Sinuses (CT PNS)- Without Contrast,1760,2070,2070,General/Other
421,RI083,CT Scan of Para Nasal Sinuses (CT PNS)- With Contrast,2525,2970,2970,General/Other
422,RI084,"CT Scan Spine (Cervical, Dorsal, Lumbar,Sacral)–without Contrast",2142,2520,2520,General/Other
423,RI085,CT Scan Temporal bone – without contrast,1913,2250,2250,General/Other
424,RI086,CT Scan / Cone Beam CT (CBCT) Dental,1148,1350,1350,General/Other
425,RI087,CT Scan Limbs -Without Contrast,2142,2520,2520,General/Other
426,RI088,CT Scan Limbs -With Contrast including CT angiography,4437,5220,5220,General/Other
427,RI089,MRI Head / Brain – Without Contrast,2104,2475,2475,General/Other
428,RI090,MRI Head / Brain– With Contrast,3825,4500,4500,General/Other
429,RI091,MRI Orbits – Without Contrast,1431,1683,1683,General/Other
430,RI092,MRI Orbits – With Contrast,3825,4500,4500,General/Other
431,RI093,MRI Nasopharynx and PNS – Without Contrast,2678,3150,3150,General/Other
432,RI094,MRI Nasopharynx and PNS – With Contrast,3825,4500,4500,General/Other
433,RI095,MR for Salivary Glands with Sialography/Maxillofacial MRI,3825,4500,4500,General/Other
434,RI096,MRI Neck - Without Contrast,2678,3150,3150,General/Other
435,RI097,MRI Neck- with contrast,4399,5175,5175,General/Other
436,RI098,MRI Shoulder – Without contrast,2678,3150,3150,General/Other
437,RI099,MRI Shoulder – With contrast,3825,4500,4500,General/Other
438,RI100,MRI shoulder both Joints - Without contrast,3060,3600,3600,General/Other
439,RI101,MRI Shoulder both joints – With contrast,4590,5400,5400,General/Other
440,RI102,MRI Wrist Single joint - Without contrast,2525,2970,2970,General/Other
441,RI103,MRI Wrist Single joint - With contrast,3825,4500,4500,General/Other
442,RI104,MRI Wrist both joints - Without contrast,3060,3600,3600,General/Other
443,RI105,MRI Wrist Both joints - With contrast,4399,5175,5175,General/Other
444,RI106,MRI knee Single joint - Without contrast,2295,2700,2700,General/Other
445,RI107,MRI knee Single joint - With contrast,4399,5175,5175,General/Other
446,RI108,MRI knee both joints - Without contrast,3060,3600,3600,General/Other
447,RI109,MRI knee both joints - With contrast,4399,5175,5175,General/Other
448,RI110,MRI Ankle Single joint - Without contrast,2678,3150,3150,General/Other
449,RI111,MRI Ankle single joint - With contrast,3825,4500,4500,General/Other
450,RI112,MRI Ankle both joints - With contrast,4973,5850,5850,General/Other
451,RI113,MRI Ankle both joints - Without contrast,2678,3150,3150,General/Other
452,RI114,MRI Hip - With contrast,3825,4500,4500,General/Other
453,RI115,MRI Hip – without contrast,2678,3150,3150,General/Other
454,RI116,MRI Pelvis – Without Contrast,2678,3150,3150,General/Other
455,RI117,MRI Pelvis – with contrast,4399,5175,5175,General/Other
456,RI118,MRI Extremities - With contrast,4399,5175,5175,General/Other
457,RI119,MRI Extremities - Without contrast,2678,3150,3150,General/Other
458,RI120,"MRI Temporomandibular – B/L - With contrast / MRI TMJ (Double Joint) with
contrast",3825,4500,4500,General/Other
459,RI121,"MRI Temporomandibular – B/L - Without contrast / MRI -TMJ(Double Joint)
without contrast",2678,3150,3150,General/Other
460,RI122,MR Temporal Bone/ Inner ear with contrast,3825,4500,4500,General/Other
461,RI123,MRI Temporal Bone/ Inner ear without contrast,2678,3150,3150,General/Other
462,RI124,MRI Abdomen – Without Contrast,2678,3150,3150,General/Other
463,RI125,MRI Abdomen – With Contrast,4399,5175,5175,General/Other
464,RI126,MRI-Prostate (Multi-parametric) (Including CD),5279,6210,6210,General/Other
465,RI127,MRI Breast - With Contrast,3825,4500,4500,General/Other
466,RI128,MRI Breast - Without Contrast,2678,3150,3150,General/Other
467,RI129,MRI whole Spine Screening- Without Contrast,1530,1800,1800,General/Other
468,RI130,MRI Chest – Without Contrast,2678,3150,3150,General/Other
469,RI131,MRI Chest – With Contrast,3825,4500,4500,General/Other
470,RI132,MRI Whole spine – Without Contrast,3366,3960,3960,General/Other
471,RI133,MRI Cervical/ Cervico Dorsal Spine – With Contrast,3825,4500,4500,General/Other
472,RI134,MRI Dorsal/ Dorso Lumbar Spine - Without Contrast,2678,3150,3150,General/Other
473,RI135,MRI Dorsal/ Dorso Lumbar Spine – With Contrast,3825,4500,4500,General/Other
474,RI136,MRI Lumbar/ Lumbo-Sacral Spine – Without Contrast,2678,3150,3150,General/Other
475,RI137,MRI Lumbar/ Lumbo-Sacral Spine – With Contrast,4399,5175,5175,General/Other
476,RI138,Whole body MRI (For oncological workup),7038,8280,8280,General/Other
477,RI139,MR cholecysto-pancreatography (MRCP),6503,7650,7650,General/Other
478,RI140,MRI Angiography - with contrast,4399,5175,5175,General/Other
479,RI141,MR Enteroclysis,3825,4500,4500,General/Other
480,RI142,MRI DEFECOGRAPHY,5355,6300,6300,General/Other
481,RI143,MRI FISTULOGRAM,3443,4050,4050,General/Other
482,RI144,MRI SPECTROSCOPY,2295,2700,2700,General/Other
483,RI145,Dexa Scan Bone Densitometry - Two sites,1530,1800,1800,General/Other
484,RI146,"Dexa Scan Bone Densitometry - Three sites (Spine, Hip &extremity)",1913,2250,2250,General/Other
485,RI147,Dexa Scan Bone Densitometry Whole body,2295,2700,2700,General/Other
486,PI001,"Pulmonary Function Test (PFT) / (Spirometry with Diffusing Capacity of the
Lungs for Carbon monoxide (DLCO)",383,450,450,General/Other
487,PI002,Lung Ventilation & Perfusion Scan (V/Q Scan),4590,5400,5400,General/Other
488,PI003,Lung Perfusion Scan,3825,4500,4500,General/Other
489,PI004,6 Minute Walk Test,383,450,450,General/Other
490,PI005,FeNO Breathing Test,551,648,648,General/Other
491,PP001,"Endo bronchial Ultrasound (EBUS) -Trans bronchial needle aspiration (TBNA) -
Excluding the cost of Needle",15300,18000,18000,General/Other
492,PP002,Video Bronchoscopy with BAL,8415,9900,9900,General/Other
493,NM001,Whole Body Bone Scan with SPECT.,3825,4500,4500,General/Other
494,NM002,Three phase whole body Bone Scan,4590,5400,5400,General/Other
495,NM003,Brain Perfusion SPECT Scan with Technetium 99m radiopharmaceuticals.,10251,12060,12060,General/Other
496,NM004,Radionuclide Cisternography for CSF leak,5202,6120,6120,General/Other
497,NM005,"Renal Cortical Scintigraphy with Technetium 99m Dimercaptosuccinic acid
(DMSA)/DTPA",3060,3600,3600,General/Other
498,NM006,Dynamic Renography.,3060,3600,3600,General/Other
499,NM007,Dynamic Renography with Diuretic.,3060,3600,3600,General/Other
500,NM008,Dynamic Renography with Captopril,5202,6120,6120,General/Other
501,NM009,Testicular Scan with Technetium 99m Pertechnetate,1301,1530,1530,General/Other
502,NM010,Thyroid Uptake measurements with 131-Iodine.,1913,2250,2250,General/Other
503,NM011,Thyroid Scan with Technetium 99m Pertechnetate,1454,1710,1710,General/Other
504,NM012,Iodine-131 Whole Body Scan,10251,12060,12060,General/Other
505,NM013,Whole Body Scan with MIBG,10251,12060,12060,General/Other
506,NM014,Parathyroid Scan,5596,6584,6584,General/Other
507,NM015,Scintimammography.,4590,5400,5400,General/Other
508,NM016,Indium labelled octreotide Scan,55080,64800,64800,General/Other
509,NM017,FDG Whole body PET CT Scan,10997,12938,12938,General/Other
510,NM018,Brain / Heart FDG PET CT Scan,10997,12938,12938,General/Other
511,NM019,Gallium-68 Peptide PET / CT imaging for Neuroendocrine Tumour,10997,12938,12938,General/Other
512,NM020,PSMA PET CT Scan,11475,13500,13500,General/Other
513,NM021,F-DOPA PET-CT scan,11475,13500,13500,General/Other
514,BY001,Skin Biopsy,956,1125,1125,General/Other
515,BY002,Punch/Wedge biopsy,2295,2700,2700,General/Other
516,BY003,Excision Biopsy of Ulcers,3825,4500,4500,General/Other
517,BY004,Excision Biopsy of Superficial Lumps,7038,8280,8280,General/Other
518,BY005,Incision Biopsy of Growths/Ulcers,3825,4500,4500,General/Other
519,BY006,Bone Marrow Aspiration and Biopsy,6503,7650,7650,General/Other
520,BY007,Scalene Node Biopsy,7038,8280,8280,General/Other
521,BY008,Liver Biopsy,6503,7650,7650,General/Other
522,BY009,Muscle Biopsy,1913,2250,2250,General/Other
523,BY010,Trucut Needle Biopsy- (excluding the cost of Needle/Biopsy Gun if used),2945,3465,3465,General/Other
524,RP001,USG Guided Intervention- Diagnostic,765,900,900,General/Other
525,RP002,USG Guided Intervention -Therapeutic,1530,1800,1800,General/Other
526,RP003,"USG Guided Intervention - Specialized Procedures excluding cost of Catheter or
biopsy gun",2295,2700,2700,General/Other
527,RP004,CT Guided biopsy including all the consumables,7038,8280,8280,General/Other
528,RP005,"CT Guided Intervention -Percutaneous catheter drainage/tube placement
excluding the cost of tube /catheter",2678,3150,3150,General/Other
529,RP006,Percutaneous transhepatic cholangiography (PTC),1377,1620,1620,General/Other
530,RP007,Transarterial Chemoembolization (TACE),40545,47700,47700,General/Other
531,CA001,"A, B, DR Molecular Typing PCR - SSP",7891,9284,9284,General/Other
532,CA002,"ABL Kinase Domain Mutation for Chronic Myeloid leukemia (TKI Resistance,
Imatinib Resistance",6197,7290,7290,General/Other
533,CA003,"ABL Kinase Domain Mutation for Ph Positive Acute Lymphoblastic leukemia
(TKI Resistance, I",6197,7290,7290,General/Other
534,CA004,Acute Leukemia karyotyping,4242,4991,4991,General/Other
535,CA005,"Acute Leukemia mutation detection (per gene)ASXL1 /c-KIT/DNMT3A/ IDH1
and IDH2 /K RAS and N RAS mutation detection",4123,4851,4851,General/Other
536,CA006,Acute Leukemia RUNX1 mutation detection,4123,4851,4851,General/Other
537,CA007,Acute Leukemia TET2 mutation detection,17610,20718,20718,General/Other
538,CA008,Acute Leukemia TP53 mutation detection,17610,20718,20718,General/Other
539,CA009,Acute Lymphoblastic leukemia karyotyping,4242,4991,4991,General/Other
540,CA010,Acute Lymphoblastic Leukemia Mutation Detection,8446,9936,9936,General/Other
541,CA011,Acute Lymphoblastic Leukemia Transcript Identification,2310,2718,2718,General/Other
542,CA012,Acute Myeloid Leukemia (AML) Panel,10228,12033,12033,General/Other
543,CA013,ALK -1,3588,4221,4221,General/Other
544,CA014,ALK rearrangement: 2p23,3588,4221,4221,General/Other
545,CA015,B-cell Acute Lymphoblastic Leukemia (B-ALL) Panel,8851,10413,10413,General/Other
546,CA016,BCL3 rearrangement 19q13.3 / BCL6 rearrangement: 3q27,2666,3137,3137,General/Other
547,CA017,BCOR alteration,4628,5445,5445,General/Other
548,CA018,"BCR/ABL (Ph) duplication, trisomy 8, trisomy 21, TP53 deletion",4663,5486,5486,General/Other
549,CA019,BCR/ABL Ph: t(9;22),2666,3137,3137,General/Other
550,CA020,BCR-ABL by PCR-Quantitative,3060,3600,3600,General/Other
551,CA021,BRAF,6885,8100,8100,General/Other
552,CA022,BRCA1 & BRCA2,15300,18000,18000,General/Other
553,CA023,"C3d Single Allele Antibody for HLA Class I (C3dLSA Class I) /C3d Single
Allele Antibody for HLA Class II (C3dLSA Class II)",13388,15750,15750,General/Other
554,CA024,CAN ASSIST,38250,45000,45000,General/Other
555,CA025,CCND1/IgH: t(11;14),3588,4221,4221,General/Other
556,CA026,CD 19 and CD 20,1148,1350,1350,General/Other
557,CA027,Cell line karyotyping,8492,9990,9990,General/Other
558,CA028,Chimerism Analysis,1178,1386,1386,General/Other
559,CA029,Chromosomal breakage (fragility) studies in Fanconi's Anemia/Aplastic Anemia,4242,4991,4991,General/Other
560,CA030,Chronic Lymphocytic Leukemia (CLL) Panel,8851,10413,10413,General/Other
561,CA031,"Chronic Lymphocytic Leukemia Comprehensive Mutation Profile (IGVH Gene
Mutation & Usage, T",25490,29988,29988,General/Other
562,CA032,Chronic Lymphocytic Leukemia IGVH Mutation Detection,4858,5715,5715,General/Other
563,CA033,Chronic Lymphoproliferative disorder IGVH Mutation Detection,4858,5715,5715,General/Other
564,CA034,Chronic Lymphoproliferative disorder NOTCH1 mutation / NOTCH2 mutation,4123,4851,4851,General/Other
565,CA035,Chronic Lymphoproliferative disorder SF3B1 mutation,4123,4851,4851,General/Other
566,CA036,Chronic Lymphoproliferative disorder TP53 mutation,17610,20718,20718,General/Other
567,CA037,CLINICAL EXOME SEQUENCING,11475,13500,13500,General/Other
568,CA038,CLL PANEL FISH,7650,9000,9000,General/Other
569,CA039,CML Blast Crisis karyotyping,4242,4991,4991,General/Other
570,CA040,Combined High Sensitivity JAK2 V617F and Exon12 Mutation Detection,5225,6147,6147,General/Other
571,CA041,Comprehensive Molecular Testing,14780,17388,17388,General/Other
572,CA042,"Comprehensive Next Generation sequencing assay for Hematolymphoid
malignancies",20655,24300,24300,General/Other
573,CA043,Constitutional karyotyping,4242,4991,4991,General/Other
574,CA044,Custom Sequencing Assay,8446,9936,9936,General/Other
575,CA045,DICER1 Mutation,2968,3492,3492,General/Other
576,CA046,Donor Specific Antibodies (DSA),6120,7200,7200,General/Other
577,CA047,EGFR Mutation DETECTION,7268,8550,8550,General/Other
578,CA048,EGFR Resistance Mutation (T790m Mutation Analysis),6120,7200,7200,General/Other
579,CA049,ER PR Her2 Neu,2410,2835,2835,General/Other
580,CA050,"ER/PR/Her2neu, Ki67",3825,4500,4500,General/Other
581,CA051,Extended Immune subset for Post Allogenic Stem Cell Transplant Monitoring,3825,4500,4500,General/Other
582,CA052,Factor V Leiden Mutation Detection,5049,5940,5940,General/Other
583,CA053,FISH for 1p33/TAL1 deletion,3810,4482,4482,General/Other
584,CA054,FISH FOR HER2 Neu,7650,9000,9000,General/Other
585,CA055,FISH for t(10;11)(p12;q14)/MLLT10(AF10)/PICALM,3810,4482,4482,General/Other
586,CA056,FISH for t(11;19)(q23;p13.1)/KMT2A/ELL,3810,4482,4482,General/Other
587,CA057,FISH for t(5;11)(q35;p15.5) NUP98/NSD1,3810,4482,4482,General/Other
588,CA058,FISH for t(6;14)(p21;q32) IGH/CCND3,3810,4482,4482,General/Other
589,CA059,FISH on Bone marrow Smear( 1 marker),2666,3137,3137,General/Other
590,CA060,FISH on bone marrow smear( 2 markers),4188,4928,4928,General/Other
591,CA061,FISH on FFPE - Block /Slide (2 markers),3641,4284,4284,General/Other
592,CA062,FISH PANEL FOR MYELOMA,10710,12600,12600,General/Other
593,CA063,FISH Test for C19MC amplification,9754,11475,11475,General/Other
594,CA064,FISH test for CDKN2A,5699,6705,6705,General/Other
595,CA065,FISH test for CEN 10 loss - on Tissue,3175,3735,3735,General/Other
596,CA066,FISH test for ETV6 break-apart analysis - On Tissue,5332,6273,6273,General/Other
597,CA067,FISH test for MAML2 break-apart analysis - On Tissue,5477,6444,6444,General/Other
598,CA068,Fluorescent PCR + fragment length analysis per Amplicon,268,315,315,General/Other
599,CA069,GeneCORE Somatic 161 Gene Panel (NGS),22950,27000,27000,General/Other
600,CA070,Hairy Cell Leukemia Mutation (BRAF V600E) Detection,2670,3141,3141,General/Other
601,CA071,Hematolymphoid Malignancy At Diagnosis- Cancer Cytogenetics Testing,13093,15404,15404,General/Other
602,CA072,Hematolymphoid Malignancy Follow-up- Cancer Cytogenetics Testing,11475,13500,13500,General/Other
603,CA073,Hereditary Cancer Panel,9180,10800,10800,General/Other
604,CA074,High Sensitivity JAK2 Mutation Detection (V617F),3527,4149,4149,General/Other
605,CA075,Histone Mutation Detection Assay,7095,8348,8348,General/Other
606,CA076,"HLA C, DQB Molecular Typing PCR - SSP",5638,6633,6633,General/Other
607,CA077,HLA Disease Association Next Generation Sequencing HLA-A/B/DRB1/G,3596,4230,4230,General/Other
608,CA078,HLA Disease Association Sequence based Typing HLA A/B/DRB1,3672,4320,4320,General/Other
609,CA079,"HLA Drug Hypersensitivity Next Generation Sequencing HLA-A/B/DRB1 HLA-
A/B/DRB1/G",3596,4230,4230,General/Other
610,CA080,HLA Drug Hypersensitivity Typing HLA-A/B/DRB1,3672,4320,4320,General/Other
611,CA081,HLA Loss Chimerism,9180,10800,10800,General/Other
612,CA082,"HLA-A, B, C, DRB1, DQB1, DPB1 (Sequence Based Typing - SBT)",11475,13500,13500,General/Other
613,CA083,"HLA-A, B, DRB1 (Sequence Based Typing - SBT)",7650,9000,9000,General/Other
614,CA084,"HLA-A, B, DRB1(Sequence Specific Oligonucleotide - SSO)",5967,7020,7020,General/Other
615,CA085,"HLA-C, DQB1(Sequence Specific Oligonucleotide - SSO)",3978,4680,4680,General/Other
616,CA086,HRR Gene Test,23715,27900,27900,General/Other
617,CA087,"IGH Characterization IGH/CCND1:t(11;14), IGH/BCL2:t(14;18),BCL6(3q27),
MYC(8q24) (4markers",4055,4770,4770,General/Other
618,CA088,IgH/BCL2 :t(14;18),3588,4221,4221,General/Other
619,CA089,IGHV Gene Mutation,5738,6750,6750,General/Other
620,CA090,Interphase FISH test for Chr. 1 copy number variations,8186,9630,9630,General/Other
621,CA091,IRFA/DUSP22 gene rearrangement by FISH,11919,14022,14022,General/Other
622,CA092,JAK2 Exon 12 Mutation Detection,3527,4149,4149,General/Other
623,CA093,"JAK2V617 MUTATION, WITH REFLEX TO JAK2 EX-12,CALR EX-9
MUTATION AND MPL W515, S505 MUTATION",8798,10350,10350,General/Other
624,CA094,KI67,995,1170,1170,General/Other
625,CA095,KIR Typing,4437,5220,5220,General/Other
626,CA096,KMT2A Characterization for AML,6040,7106,7106,General/Other
627,CA097,KMT2A Characterization for B-ALL,4663,5486,5486,General/Other
628,CA098,KRAS + NRAS + BRAF + Mutation Profile,10557,12420,12420,General/Other
629,CA099,"Lineage specific Chimerism - B Cell, T Cell and NK Cells",5508,6480,6480,General/Other
630,CA100,Liquid Biopsy (Onco),22950,27000,27000,General/Other
631,CA101,Lung Basic Panel By NGS,22950,27000,27000,General/Other
632,CA102,Lymphoma Panel,5332,6273,6273,General/Other
633,CA103,"Lymphoplasmacytic Leukemia / Waldenstroms Macroglobulinemia Mutation
(MYD88 L265P) Detecti",2670,3141,3141,General/Other
634,CA104,MDS Panel,5332,6273,6273,General/Other
635,CA105,MECOM (EVI1) rearrangement: inv(3)(q21.3q26.2)/t(3;3),3588,4221,4221,General/Other
636,CA106,MGMT PCR,6227,7326,7326,General/Other
637,CA107,Miscellaneous Profile I(1 marker),2666,3137,3137,General/Other
638,CA108,Miscellaneous profile II(2 markers),4188,4928,4928,General/Other
639,CA109,MLPA per gene,3060,3600,3600,General/Other
640,CA110,Monosomy 5/deletion 5q,2666,3137,3137,General/Other
641,CA111,Monosomy 7/deletion 7q,2666,3137,3137,General/Other
642,CA112,MPN (Myelo Proliferative Neoplasm)PANEL,9180,10800,10800,General/Other
643,CA113,MSI ( Micro Satellite Instability) and MMR (Mis Match Repair),4973,5850,5850,General/Other
644,CA114,Multigene NGS Germline Panel,13770,16200,16200,General/Other
645,CA115,Multiple Myeloma (MM) Panel,11376,13383,13383,General/Other
646,CA116,Multiple Myeloma High Risk Markers (4 Markers),4055,4770,4770,General/Other
647,CA117,Multiple Myeloma Screening Panel,6120,7200,7200,General/Other
648,CA118,MYD88 L265 Mutation Detection Test,5171,6084,6084,General/Other
649,CA119,Myelodysplastic Syndromes karyotyping,4242,4991,4991,General/Other
650,CA120,"Next generation RNA sequencing assay for Chimeric Trancript in
Hematolymphod malignancies",13005,15300,15300,General/Other
651,CA121,"Next Generation sequencing assay for Minimal residual disease(MRD) for NPM
mutated AML",20655,24300,24300,General/Other
652,CA122,NGS HLA Typing,7650,9000,9000,General/Other
653,CA123,NGS Platform-extended Panel >50 gene,27540,32400,32400,General/Other
654,CA124,NGS Platform-limited Panel(10 Genes),13770,16200,16200,General/Other
655,CA125,NRAS (Neuroblastoma RAS ) Gene,2678,3150,3150,General/Other
656,CA126,Panel Reactive Antibodies (PRA) class I,2295,2700,2700,General/Other
657,CA127,Panel Reactive Antibodies (PRA) class II,2295,2700,2700,General/Other
658,CA128,PCR + Sanger Sequencing per Amplicon,650,765,765,General/Other
659,CA129,"PDGFRA (4q12), PDGFRB (5q33), FGFR1 (8p11.2) rearrangement",4663,5486,5486,General/Other
660,CA130,PDGFRA rearrangement: 4q12,3588,4221,4221,General/Other
661,CA131,PDGFRB rearrangement: 5q33,3588,4221,4221,General/Other
662,CA132,PDL 1,3825,4500,4500,General/Other
663,CA133,PDL-1-28-8 (FDA Approved),5738,6750,6750,General/Other
664,CA134,Ph: t(9;22) karyotyping,3026,3560,3560,General/Other
665,CA135,Ph-like ALL Panel (4 Markers),4055,4770,4770,General/Other
666,CA136,PIK3CA GENE MUTATION,4131,4860,4860,General/Other
667,CA137,PIK3CA Mutation Testing,4361,5130,5130,General/Other
668,CA138,Ploidy analysis,3026,3560,3560,General/Other
669,CA139,"PML-RARA t(15;17), variants",4005,4712,4712,General/Other
670,CA140,PRA Screen,2295,2700,2700,General/Other
671,CA141,PTPRT: Deletion 20q,3588,4221,4221,General/Other
672,CA142,RARA Variant - ZBTB16 / RARA : t(11;17) (1 marker),2318,2727,2727,General/Other
673,CA143,RHOA Mutation Detection Assay,5332,6273,6273,General/Other
674,CA144,ROS 1,7436,8748,8748,General/Other
675,CA145,RQ PCR based assay for MRD monitoring of Acute Leukaemia,7268,8550,8550,General/Other
676,CA146,RQ-PCR BCR-ABL (P210),8384,9864,9864,General/Other
677,CA147,RQ-PCR PML-RARA,8384,9864,9864,General/Other
678,CA148,"RT-PCR Multiplex, Acute Leukaemia Panel",5585,6570,6570,General/Other
679,CA149,"RT-PCR Multiplex, BCR-ABL (P190, P210)",4858,5715,5715,General/Other
680,CA150,"RT-PCR Nested, IGH Chain Gene Rearrangement /TCR Gene Rearrangement",3527,4149,4149,General/Other
681,CA151,Single Antigen Class I,9945,11700,11700,General/Other
682,CA152,Single Antigen Class II,9945,11700,11700,General/Other
683,CA153,Slide / Images for Second Opinion- Cancer Cytogenetics,704,828,828,General/Other
684,CA154,STR Panel studies,3404,4005,4005,General/Other
685,CA155,Surface Marker Complete Panel,9306,10949,10949,General/Other
686,CA156,Surface Marker Individual,1454,1710,1710,General/Other
687,CA157,"t(1;22) and Trisomy 21 in Acute Megakaryoblastic Leukemia (AML -M7) (2
Markers)",3641,4284,4284,General/Other
688,CA158,T-cell Acute Lymphoblastic Leukemia (T-ALL) Panel,11605,13653,13653,General/Other
689,CA159,TCR-A rearrangement: 14q11,3588,4221,4221,General/Other
690,CA160,TERT Promoter Mutation Assay,4441,5225,5225,General/Other
691,CA161,TFE-3 FISH,9241,10872,10872,General/Other
692,CA162,TPMT (Thiopurine Methyl Transferase) Genotyping,3902,4590,4590,General/Other
693,CA163,Trisomy 12,1855,2183,2183,General/Other
694,CA164,Trisomy 21,1855,2183,2183,General/Other
695,CA165,"Trisomy 4, 10 & 17",2666,3137,3137,General/Other
696,CA166,Trisomy 8,1855,2183,2183,General/Other
697,CA167,V Beta Repertoire Analysis by Flow Cytometry for T-Cell Clonality,9306,10949,10949,General/Other
698,CA168,"XX/XY (Chimerism Studies) in Sex mismatch Bone Marrow Transplantation
(BMT)",1855,2183,2183,General/Other
699,CT001,Single drug Chemotherapy,1301,1530,1530,General/Other
700,CT002,Multiple drugs Chemotherapy/Targeted therapy/Immunotherapy,1760,2070,2070,General/Other
701,CT003,Neoadjuvant Chemotherapy,2066,2430,2430,General/Other
702,CT004,Adjuvant Chemotherapy,1683,1980,1980,General/Other
703,CT005,Concurrent-chemoradiation,1454,1710,1710,General/Other
704,CT006,Intravesical Instillation of BCG excluding the cost of BCG,2295,2700,2700,General/Other
705,RT001,"Level 1- Brachytherapy
(Eye Plaque or SIVA or CVS per insertion or application)",5355,6300,7245,General/Other
706,RT002,"Level 2- Brachytherapy
(Simple ICA with Xray based 2D planning, ILRT, Endobilliary BCT)",7650,9000,10350,General/Other
707,RT003,"Level 3- Brachytherapy
(Surface Mould, Radical Interstitial BCT, Intraoperative Template or interstitial
brachytherapy catheter insertion)",19125,22500,25875,General/Other
708,RT004,Level 4- Brachytherapy (ICA with CT based Planning),22950,27000,31050,General/Other
709,RT005,"Level 5- Brachytherapy
(Complex ICA with interstitial with CT or MR based planning)",30600,36000,41400,General/Other
710,RT006,Level 1- Radiation Therapy (1-10 fractions on Cobalt),11475,13500,15525,General/Other
711,RT007,"Level 2- Radiation Therapy
(More than 10 fractions on Cobalt OR Upto 10 fractions on LA clinical (without
CT or TPS planning) without IGRT OR Hemibody palliative RT (1-2 fractions
weekly))",21420,25200,28980,General/Other
712,RT008,"Level 3- Radiation Therapy
(LA 3D with conventional fractionation of 2-5 Gy OR Weekly hypofractionation
of >5 Gy with 3D CRT plan in 1-2 fractions. No IGRT allowed.)",38250,45000,51750,General/Other
713,RT009,"Level 4- Radiation therapy
(LA 3D with IGRT conventional fractionation of 2- 5 Gy OR Weekly
hypofractionation >5 Gy with 3D CRT plan in 1-2 fractions. with IGRT)",48195,56700,65205,General/Other
714,RT010,"Level 5- Radiation Therapy
(LA IMRT/ Rapid Arc/VMAT with < 5Gy per fraction and <10 IGRT (CBCT or
MVCT or EPID) OR Cobalt Radical with LA boost including electron boost OR
TSET OR TBI)",114750,135000,155250,General/Other
715,RT011,"Level 6- Radiation Therapy
(LA 4D/DE or DIBH with 3D CRT/ IMRT/ Rapid Arc/VMAT with >10 IGRT
(CBCT or MVCT or EPID) OR LA IMRT/ Rapid Arc/VMAT with <5Gy per
fraction and
>10 IGRT (CBCT or MVCT or EPID) OR Adaptive RT OR CSI OR Multisite
treatment outside one FOV or one plan OR SBRT OR SRS OR SRT (per fraction
dose >5Gy))",137700,162000,186300,General/Other
716,IT001,Radiosynovectomy with Yttrium,19125,22500,25875,General/Other
717,IT002,131-Iodine Therapy 51-100mCi,10955,12888,14821,General/Other
718,IT003,131-Iodine Therapy >100mCi,15128,17798,20467,General/Other
719,IT004,Samarium-153 therapy for metastatic bone pain palliation,15338,18045,20752,General/Other
720,IT005,131-Iodine Therapy <15mCi,5669,6669,7669,General/Other
721,IT006,131-Iodine Therapy 15-50mCi,8537,10044,11551,General/Other
722,IT007,Phosphorus-32 therapy for metastatic bone pain palliation,10836,12749,14661,General/Other
723,PT001,Cervical Traction (per session),230,270,270,General/Other
724,PT002,Lumbar Traction (per session),230,270,270,General/Other
725,PT003,"Exercises /Post Natal Exercises/Prenatal Exercises/Therapeutic
Exercises/Orthopaedic Rehabilitation (Joint Replacement/Post Surgery)/Hand
Rehab (per session)",230,270,270,General/Other
726,PT004,"Chest Physiotherapy/ Breathing Exercise &Postural Drainage per Session/Post
Covid Rehabilitation /Pulmonary Rehabilitation/Cardiac Rehabilitation (per
session)",230,270,270,General/Other
727,PT005,"Ultra Sonic Therapy /Short Wave Diathermy / Microwave/ Long Wave Diathermy
/Infrared/IFT) (per session)",230,270,270,General/Other
728,PT006,Electrical Muscle Stimulation/Cryotherapy/TENS (per session),306,360,360,General/Other
729,PT007,Hot Pack / Cold Pack/Wax Bath/Moist Heat (per session),230,270,270,General/Other
730,PT008,"Shock Wave Therapy/Matrix Rhythm Therapy/Laser/ PEMF -Pulse Electro
Magnetic Therapy (per session)",306,360,360,General/Other
731,PT009,Gait Assessment (per session),459,540,540,General/Other
732,PT010,Gait Training (per session),230,270,270,General/Other
733,PT011,Tilt Training/Neuro-Rehab Basic (per session),230,270,270,General/Other
734,PT012,Neuro Rehabilitation Advanced (per session),612,720,720,General/Other
735,PT013,Paediatric Rehabilitation (per session),230,270,270,General/Other
736,BT001,Speech Therapy per session of at least 40 minutes,306,360,360,General/Other
737,BT002,Occupational Therapy per session of at least 40 minutes,306,360,360,General/Other
738,BT003,"Applied Behaviour Analysis based behaviour therapy (ABA based Behaviour
therapy) per session of at least 40 minutes",306,360,360,General/Other
739,BT004,Special education per session of at least 40 minutes,306,360,360,General/Other
740,BT005,Biofeedback per session,2295,2700,2700,General/Other
741,DI001,Intraoral Periapical (IOPA) Radiograph X-ray/RVG(Single Film),153,180,180,General/Other
742,DI002,Intraoral Occlusal/Bite Wing X-Ray,230,270,270,General/Other
743,DI003,Digital OPG with X ray film/ CD,383,450,450,General/Other
744,DI004,Biopsy of Oral tissue- Soft,918,1080,1080,General/Other
745,DI005,"Biopsy of Oral tissue - Hard (bone, tooth)",1530,1800,1800,General/Other
746,DP001,Abscess - Drainage-Dental,1148,1350,1350,General/Other
747,DP002,Scaling,765,900,900,General/Other
748,DP003,Curettage and Root Planning - Per Tooth,268,315,315,General/Other
749,DP004,Curettage and Root Planning - Per Arch,1530,1800,1800,General/Other
750,DP005,Gingivoplasty - Per Quadrant,765,900,900,General/Other
751,DP006,Gingivectomy - Per Quadrant,918,1080,1080,General/Other
752,DP007,Flap Surgery- Per Tooth,344,405,405,General/Other
753,DP008,Flap Surgery- Per Quadrant,1530,1800,1800,General/Other
754,DP009,Flap Surgery and Bone Graft per quadrant,2295,2700,2700,General/Other
755,DP010,Extraction - Normal Tooth,306,360,360,General/Other
756,DP011,Complicated Extraction per tooth under LA,612,720,720,General/Other
757,DP012,Extraction Impacted - Soft tissue/ 3rd Molar/wisdom tooth extraction,1530,1800,1800,General/Other
758,DP013,"Multiple Extraction and Treatment Procedures for Special Children, Patients with
Systemic Diseases, Patient with Special Needs Which Requires Admission and
Treatment Under GA",4590,5400,5400,General/Other
759,DP014,Extraction - Orthodontic Extraction,574,675,675,General/Other
760,DP015,Operculectomy- Pericoronal flap excision,1530,1800,1800,General/Other
761,DP016,Extraction Impacted – Bony,3825,4500,4500,General/Other
762,DP017,Alveoloplasty - Per Tooth,230,270,270,General/Other
763,DP018,Alveoloplasty - Per Quadrant,918,1080,1080,General/Other
764,DP019,Frenectomy,1913,2250,2250,General/Other
765,DP020,Excision of hyperplastic tissue - per arch,918,1080,1080,General/Other
766,DP021,Surgical Augmentation/Alveolectomy per Arch,2678,3150,3150,General/Other
767,DP022,Bone replacement graft for ridge preservation - per site,1530,1800,1800,General/Other
768,DP023,"Minor oral surgery, cyst, granuloma, residual infection, mucocele, epulis under
LA",1530,1800,1800,General/Other
769,DP024,Application of Desensitizing Medicament,383,450,450,General/Other
770,DP025,Fluoride Application for Children,765,900,900,General/Other
771,DP026,Temporary restoration,115,135,135,General/Other
772,DP027,Glass ionomer Cement Restoration,459,540,540,General/Other
773,DP028,Composite - Occlusal Pit/Class I,383,450,450,General/Other
774,DP029,"Composite -Class I with buccal extension/Class II Class III/Class IV/Class
VI/Diastema Closure/MOD",765,900,900,General/Other
775,DP030,RCT-Single Rooted tooth,1530,1800,1800,General/Other
776,DP031,RCT Multiple root and/ canal tooth,2295,2700,2700,General/Other
777,DP032,Re-RCT - Anterior,1913,2250,2250,General/Other
778,DP033,Re-RCT - Posterior,2295,2700,2700,General/Other
779,DP034,Medication -intracanal medicament (only lesion cases),383,450,450,General/Other
780,DP035,Apicectomy-Single tooth,1530,1800,1800,General/Other
781,DP036,Apicectomy-Multiple tooth,2295,2700,2700,General/Other
782,DP037,Apexification with any bio-compatible material,1530,1800,1800,General/Other
783,DP038,Root end resection and Retro grade filling,2295,2700,2700,General/Other
784,DP039,Surgical - Apicectomy/ Periapical surgery without bone grafting,536,630,630,General/Other
785,DP040,"Tissue Conditioning, Maxillary/Mandibular",230,270,270,General/Other
786,DP041,Core build-up/ Post and Core - Custom made /Inlay/onlay,1148,1350,1350,General/Other
787,DP042,Crown lengthening - Per Tooth,383,450,450,General/Other
788,DP043,Crown - PMMA Crown,765,900,900,General/Other
789,DP044,Crown - All Metal-Nickel Free,1530,1800,1800,General/Other
790,DP045,Crown - Metal with Ceramic Facing,2295,2700,2700,General/Other
791,DP046,Crown - Recementation,459,540,540,General/Other
792,DP047,Crown - Removal,383,450,450,General/Other
793,DP048,Odontoplasty/Enameloplasty,383,450,450,General/Other
794,DP049,Pulpectomy (Anterior Tooth),1530,1800,1800,General/Other
795,DP050,Pulpectomy (Posterior Tooth),2295,2700,2700,General/Other
796,DP051,Pulpotomy,765,900,900,General/Other
797,DP052,Veneer - Ceramic paediatric,2295,2700,2700,General/Other
798,DP053,Interceptive Orthodontic Treatment of the Primary Dentition/Transition Dentition,5355,6300,6300,General/Other
799,DP054,Limited Orthodontic Treatment of the Primary Dentition,3825,4500,4500,General/Other
800,DP055,Occlusion Analysis/Adjustment/Occlusal Equilibration,383,450,450,General/Other
801,DP056,Tooth Splinting -General,1148,1350,1350,General/Other
802,DP057,Splinting - Periodontally weak teeth,1377,1620,1620,General/Other
803,DP058,Night Guard,1530,1800,1800,General/Other
804,DP059,Bridge/ Fixed Partial denture (per missing/ extracted tooth) metal crown,1530,1800,1800,General/Other
805,DP060,"Bridge/ Fixed Partial denture (per missing/ extracted tooth) metal crown with
Ceramic facing",2295,2700,2700,General/Other
806,DP061,Removable Partial Denture - Flexible Per Arch,5738,6750,6750,General/Other
807,DP062,Removable Partial Denture - Cast Metal Up to 3 Teeth,3060,3600,3600,General/Other
808,DP063,Removable Partial Denture - Cast Metal (additional Per tooth),230,270,270,General/Other
809,DP064,Removable Partial Denture - Acrylic Up to 3 teeth,1530,1800,1800,General/Other
810,DP065,Removable Partial Denture - Tooth Addition (per tooth),230,270,270,General/Other
811,DP066,Add Clasp to existing Partial Denture,383,450,450,General/Other
812,DP067,Add Tooth to existing Partial Denture,306,360,360,General/Other
813,DP068,Tooth Supported Overdenture Per Arch,5738,6750,6750,General/Other
814,DP069,Complete Denture - Per Arch,7650,9000,9000,General/Other
815,DP070,Removable orthodontic appliance / Post Orthodontic R O A -per arch,1913,2250,2250,General/Other
816,DP071,Fixed orthodontic per arch,11475,13500,13500,General/Other
817,DP072,Space Maintainers - Fixed,3060,3600,3600,General/Other
818,DP073,Minor Treatment to Control Habits-Removable Appliance Therapy,1913,2250,2250,General/Other
819,DP074,Minor Treatment to Control Habits-Fixed Appliance Therapy,3060,3600,3600,General/Other
820,DP075,Functional orthodontic appliance,4590,5400,5400,General/Other
821,DP076,Feeding appliance for Cleft Palate,3825,4500,4500,General/Other
822,DP077,Expansion plate,4973,5850,5850,General/Other
823,DP078,"Maxillofacial Prosthesis -Sal/auricular/orbital/Nasal/Palatal/facial lost/ Speech
Aid",5355,6300,6300,General/Other
824,DP079,Obturator Prosthesis - Surgical/Definitive/Modification,3825,4500,4500,General/Other
825,DP080,"Removal of - Lateral Exostosis/Torus Mandibularis/Torus Palatines/Surgical
reduction of Osseous Tuberosity",2295,2700,2700,General/Other
826,DP081,Sialolithotomy/Sialodocotomy/ Closure of Salivary Fistula,1530,1800,1800,General/Other
827,DP082,Excision of Salivary gland,11475,13500,13500,General/Other
828,DP083,Release of fibrous bands & grafting in (OSMF) treatment under GA,15300,18000,18000,General/Other
829,DP084,Facial Space Abscess,3825,4500,4500,General/Other
830,DP085,Partial Ostectomy / sequestrectomy for removal of non-vital bone,1530,1800,1800,General/Other
831,DP086,Alveolus – Closed Reduction stabilization of Teeth,3060,3600,3600,General/Other
832,DP087,Alveolus – Open Reduction stabilization of Teeth,4590,5400,5400,General/Other
833,DP088,Arch bar fixation,3825,4500,4500,General/Other
834,DP089,Oroantral Fistula closure,3825,4500,4500,General/Other
835,DP090,"Osseous, Osteoperiosteal, or Cartilage graft of the Mandible or Maxilla -
autogenous or non-autogenous bone graft",2295,2700,2700,General/Other
836,DP091,Osteoplasty - for Orthognathic deformities/ Mandibular Rami/ Body of Mandible,22950,27000,27000,General/Other
837,DP092,Maxilla - Closed Reduction,4590,5400,5400,General/Other
838,DP093,Maxilla - Open Reduction,7650,9000,9000,General/Other
839,DP094,Mandible - Closed Reduction,4590,5400,5400,General/Other
840,DP095,Mandible – Open Reduction,7650,9000,9000,General/Other
841,DP096,"Cyst of Maxilla/mandible by enucleation/excision/marsupialization upto 4 cms
under LA",3825,4500,4500,General/Other
842,DP097,"Cyst of Maxilla/mandible by enucleation/excision/marsupialization more than 4
cms under LA",4590,5400,5400,General/Other
843,DP098,"Cyst of Maxilla/mandible by enucleation/excision/marsupialization more than 4
cms under GA and admission",19125,22500,22500,General/Other
844,DP099,Temporomandibular(TM) joint ankylosis- under GA/Open /Closed Reduction,15300,18000,18000,General/Other
845,DP100,Segmental / Hemi Mandibulectomy with graft,19125,22500,22500,General/Other
846,DP101,Segmental /Hemi Mandibulectomy without graft,15300,18000,18000,General/Other
847,DP102,Sub-Total mandibulectomy with graft,26775,31500,31500,General/Other
848,DP103,Sub-Total mandibulectomy without graft,22950,27000,27000,General/Other
849,DP104,Maxillectomy/Mandibulectomy- Total with graft,26775,31500,31500,General/Other
850,DP105,Maxillectomy/Mandibulectomy- Total without graft,22950,27000,27000,General/Other
851,DP106,Maxillectomy- partial with graft,19125,22500,22500,General/Other
852,DP107,Maxillectomy- partial without graft,15300,18000,18000,General/Other
853,DP108,Malar and/or Zygomatic arch - Closed Reduction,4590,5400,5400,General/Other
854,DP109,Malar and/or Zygomatic arch - Open Reduction,7650,9000,9000,General/Other
855,DP110,Distraction osteogenesis of mandible or maxilla under GA,22950,27000,27000,General/Other
856,DP111,Facial bones - Complicated Reduction with fixation,34425,40500,40500,General/Other
857,OI001,Refraction with auto refraction - Both Eyes,153,180,180,General/Other
858,OI002,Indirect Ophthalmoscopy (Fundoscopy) - Both Eyes,230,270,270,General/Other
859,OI003,Orthoptic check-up- with synoptophore- Both Eyes,153,180,180,General/Other
860,OI004,Lees’ charting or Hess’ charting- Both Eyes,230,270,270,General/Other
861,OI005,Perimetry (Visual Field Testing) -Goldman- Both Eyes,383,450,450,General/Other
862,OI006,Perimetry /Humphrey Visual Field (HVF ) test- Automated- Both Eyes,612,720,720,General/Other
863,OI007,Fluorescein angiography for fundus or iris- Both Eyes,1530,1800,1800,General/Other
864,OI008,Indocyanine green angiography - Both Eyes,1530,1800,1800,General/Other
865,OI009,"Ultrasound A- Scan/optical biometry[lenstar, IOL master] - Both Eyes",765,900,900,General/Other
866,OI010,Ultrasound B- Scan - Both Eyes,383,450,450,General/Other
867,OI011,Fundus Photo Test /disc photo for glaucoma- Both Eyes,383,450,450,General/Other
868,OI012,Corneal endothelial cell count with specular microscopy- Both Eyes,459,540,540,General/Other
869,OI013,Corneal topography /pentacam- Both Eyes,1530,1800,1800,General/Other
870,OI014,Corneal pachymetry (corneal thickness)/ CCT - Both Eyes,405,477,477,General/Other
871,OI015,OCT (Optical Coherence Tomography) /Ocular OCT Angiography - Both Eyes,1607,1890,1890,General/Other
872,OI016,UBM- Ultrasound bio microscopy- Both Eyes,765,900,900,General/Other
873,OI017,Non Contact tonometry (NCT) - Both Eyes,115,135,135,General/Other
874,OI018,IOP measurement with Schiotz - Both Eyes,77,90,90,General/Other
875,OI019,IOP measurement with applanation tonometry - Both Eyes,153,180,180,General/Other
876,OI020,Diurnal variation of IOP - Both Eyes,1148,1350,1350,General/Other
877,OI021,90 D lens examination/Three mirror examination for retina - Both Eyes,115,135,135,General/Other
878,OI022,Gonioscopy- Both Eyes,230,270,270,General/Other
879,OI023,EOG- Electrooculogram - Both Eyes,1584,1863,1863,General/Other
880,OI024,ERG- Electroretinogram- Both Eyes,1377,1620,1620,General/Other
881,OI025,VEP- visually evoked potential - Both Eyes,1377,1620,1620,General/Other
882,OI026,X Ray orbit -Bilateral,268,315,315,General/Other
883,OI027,Dacryocystography - Bilateral,1530,1800,1800,General/Other
884,OI028,Orbital Angiographical Studies - Bilateral,3825,4500,4500,General/Other
885,OI029,Neostigmine test - Both Eyes,3825,4500,4500,General/Other
886,OI030,Lipi View One Eye,689,810,810,General/Other
887,OI031,Lipi View Both Eyes,1148,1350,1350,General/Other
888,OI032,Schirmer Test,230,270,270,General/Other
889,OI033,Vitreous biopsy per eye,3825,4500,4500,General/Other
890,OP001,Subconjunctival/sub-tenon’s injections in one eye,383,450,450,General/Other
891,OP002,Subconjunctival/sub-tenon’s injections in both eyes,612,720,720,General/Other
892,OP003,Pterygium surgery with auto conjunctival graft per eye,10251,12060,12060,General/Other
893,OP004,Conjunctival Peritomy per eye,1148,1350,1350,General/Other
894,OP005,Conjunctival wound repair or exploration following blunt trauma per eye,6503,7650,7650,General/Other
895,OP006,Removal of corneal foreign body,306,360,360,General/Other
896,OP007,Cauterization of ulcer/subconjunctival injection in one eye,383,450,450,General/Other
897,OP008,Cauterization of ulcer/subconjunctival injection in both eyes,612,720,720,General/Other
898,OP009,Corneal grafting—Penetrating keratoplasty per eye,15300,18000,18000,General/Other
899,OP010,Bandage contact lenses for corneal perforation/PED per eye,1530,1800,1800,General/Other
900,OP011,Scleral grafting or conjunctival flap for corneal perforation per eye,6503,7650,7650,General/Other
901,OP012,Keratoconus correction with therapeutic contact lenses - Both Eyes,6503,7650,7650,General/Other
902,OP013,"Ultraviolet (UV) radiation for cross-linking for keratoconus /C3R/KXL - Both
Eyes",15300,18000,18000,General/Other
903,OP014,EDTA for band shaped keratopathy - Both Eyes,2295,2700,2700,General/Other
904,OP015,Arcuate keratotomy for astigmatism /Limbal Relaxing Incision - Both Eyes,5202,6120,6120,General/Other
905,OP016,Re-suturing (Primary suturing) of corneal wound per eye,3825,4500,4500,General/Other
906,OP017,Penetrating keratoplasty with glaucoma surgery per eye,26775,31500,31500,General/Other
907,OP018,Penetrating keratoplasty with vitrectomy per eye,26775,31500,31500,General/Other
908,OP019,Penetrating keratoplasty with IOL implantation per eye,26775,31500,31500,General/Other
909,OP020,DALK- Deep anterior lamellar keratoplasty per eye,32895,38700,38700,General/Other
910,OP021,Keratoprosthesis stage I and II per eye,32895,38700,38700,General/Other
911,OP022,"DSAEK Descemet’s stripping automated endothelial keratoplasty/DMEK-
Descemet membrane endothelial keratoplasty per eye",32895,38700,38700,General/Other
912,OP023,ALTK- Automated lamellar therapeutic keratoplasty per eye,32895,38700,38700,General/Other
913,OP024,Bleb repair with conjunctival autograft per eye,11475,13500,13500,General/Other
914,OP025,Bleb compression sutures per eye,5355,6300,6300,General/Other
915,OP026,Bleb needling with MMC/5-FU per eye,6120,7200,7200,General/Other
916,OP027,Probing and Syringing of lacrimal sac- in one eye,765,900,900,General/Other
917,OP028,Probing and Syringing of lacrimal sac- in both eye,1148,1350,1350,General/Other
918,OP029,Dacryocystorhinostomy-Plain,10251,12060,12060,General/Other
919,OP030,"Dacryocystorhinostomy-Plain with intubation and/or with lacrimal implants
excluding the cost of implant per eye",15300,18000,18000,General/Other
920,OP031,"Dacryocystorhinostomy-conjunctival with implant excluding the cost of implant
per eye",15300,18000,18000,General/Other
921,OP032,Canaliculoplasty per eye,4047,4761,4761,General/Other
922,OP033,Dacryocystectomy per eye,7038,8280,8280,General/Other
923,OP034,Punctal plugs for dry eyes - Both Eyes,344,405,405,General/Other
924,OP035,Chalazion incision and curettage in one eye,1530,1800,1800,General/Other
925,OP036,Chalazion incision and curettage in both eyes,2295,2700,2700,General/Other
926,OP037,"Ptosis surgery with Fasanella-Servat procedure /Ptosis surgery with LPS resection
one lid Ptosis surgery with Sling surgery one lid",15300,18000,18000,General/Other
927,OP038,Ectropion surgery- one lid,6503,7650,7650,General/Other
928,OP039,Ectropion surgery- both lids,10251,12060,12060,General/Other
929,OP040,Epicanthus correction - Both Eyes,6503,7650,7650,General/Other
930,OP041,Cantholysis and canthotomy- Both Eyes,2678,3150,3150,General/Other
931,OP042,Entropion surgery- one lid,6503,7650,7650,General/Other
932,OP043,Entropion surgery- both lids,10251,12060,12060,General/Other
933,OP044,Tarsorrhaphy- Both Eyes,2295,2700,2700,General/Other
934,OP045,Suturing of lid lacerations- Both Eyes,3825,4500,4500,General/Other
935,OP046,Lid retraction repair per eye,6503,7650,7650,General/Other
936,OP047,Concretions removal- Both Eyes,383,450,450,General/Other
937,OP048,Bucket handle procedure for lid tumours per eye (for non-malignant conditions),10251,12060,12060,General/Other
938,OP049,Eyelid reconstruction with flap one eye,15300,18000,18000,General/Other
939,OP050,Eyelid reconstruction with flap both eyes,19125,22500,22500,General/Other
940,OP051,Cheek rotation flap for lid tumours per eye (for non-malignant conditions),15300,18000,18000,General/Other
941,OP052,Orbitotomy per eye,21038,24750,24750,General/Other
942,OP053,Enucleation per eye(for non-malignant conditions),10251,12060,12060,General/Other
943,OP054,"Enucleation with orbital implants and artificial (Cost of implants included) per
eye",15300,18000,18000,General/Other
944,OP055,Evisceration per eye,10251,12060,12060,General/Other
945,OP056,"Evisceration with orbital implants and artificial (Cost of implants included)
prosthesis per eye",15300,18000,18000,General/Other
946,OP057,Telecanthus correction- Both Eyes,10251,12060,12060,General/Other
947,OP058,Orbital decompression /with incision or excision biopsy per eye,26775,31500,31500,General/Other
948,OP059,Exenteration per eye,15300,18000,18000,General/Other
949,OP060,Exenteration with skin grafting per eye,26775,31500,31500,General/Other
950,OP061,Fracture orbital repair per eye,26775,31500,31500,General/Other
951,OP062,"Retinal laser procedures -green laser for PRP,retinal tears, ROP,endolaser per eye",2678,3150,3150,General/Other
952,OP063,Retinal detachment surgery (RDS) per eye,21038,24750,24750,General/Other
953,OP064,Retinal detachment surgery (RDS) with scleral buckling per eye,26775,31500,31500,General/Other
954,OP065,Buckle removal per eye,6503,7650,7650,General/Other
955,OP066,Silicone oil removal per eye,7038,8280,8280,General/Other
956,OP067,Anterior retinal cryopexy per eye,3825,4500,4500,General/Other
957,OP068,Squint correction for one eye,10251,12060,12060,General/Other
958,OP069,Squint correction for both eyes,15300,18000,18000,General/Other
959,OP070,Trabeculectomy per eye,15300,18000,18000,General/Other
960,OP071,Trabeculotomy /kahook dual blade goniotomy excluding blade cost per eye,15300,18000,18000,General/Other
961,OP072,Trabeculectomy with Trabeculotomy- Both Eyes,26775,31500,31500,General/Other
962,OP073,Microincisional trabeculectomy(MIT) per eye,19125,22500,22500,General/Other
963,OP074,Surgical posterior capsulotomy one eye,7650,9000,9000,General/Other
964,OP075,Goniotomy per eye,3825,4500,4500,General/Other
965,OP076,Glaucoma surgery with Glaucoma valves (Cost of Valve extra) per eye,15300,18000,18000,General/Other
966,OP077,Cost of the Glaucoma valve/Glaucoma Ahmed valve per eye,15000,15000,15000,General/Other
967,OP078,AC wash per eye,3825,4500,4500,General/Other
968,OP079,Endocyclophotocoagulation per eye,13770,16200,16200,General/Other
969,OP080,Cyclocryotherapy /Trans scleral cyclophotocoagulation TSCPC per eye,3825,4500,4500,General/Other
970,OP081,"YAG Laser iridotomy / Hyaloidotomy/Laser suture lysis post trabeculectomy per
eye",3825,4500,4500,General/Other
971,OP082,YAG Laser capsulotomy per eye,3825,4500,4500,General/Other
972,OP083,ALT-Argon laser trabeculoplasty per eye,3825,4500,4500,General/Other
973,OP084,TTT- Transpupillary thermal therapy per eye,6503,7650,7650,General/Other
974,OP085,PTK- Phototherapeutic keratectomy /PRK for keratoconus per eye,10251,12060,12060,General/Other
975,OP086,Argon/diode laser for retinal detachment per eye,6503,7650,7650,General/Other
976,OP087,"Intralase application for keratoconus /CAIRS Corneal allogenic intrastromal ring
segments per eye excluding the cost of the rings",15300,18000,18000,General/Other
977,OP088,Vitrectomy- pars plana including Fluid air exchange (per eye),26775,31500,31500,General/Other
978,OP089,"Vitrectomy +membrane peeling +fluid air exchange+endolaser+ gas/silicon oil
tamponade per eye",30600,36000,36000,General/Other
979,OP090,"Macular hole surgery- Vitrectomy +membrane peeling + ILM peeling+ fluid air
exchange+endolaser+ gas/silicon oil tamponade per eye",31365,36900,36900,General/Other
980,OP091,Vitrectomy +phaco fragmentation/ IOL drop +/- secondary IOL per eye,19125,22500,22500,General/Other
981,OP092,Anterior vitrectomy per eye,6120,7200,7200,General/Other
982,OP093,Membranectomy one eye,9180,10800,10800,General/Other
983,OP094,Membranectomy both eyes,11475,13500,13500,General/Other
984,OP095,Intravitreal injections of antibiotics excluding the cost of the antibiotic per eye,3825,4500,4500,General/Other
985,OP096,"Intravitreal Injection of drugs (Ranibizumab/ Aflibercept etc) excluding the cost
of the drug per eye",3825,4500,4500,General/Other
986,OP097,"Intravitreal Insertion of Drug Implant excluding cost of the Drug Implant
(Ozurdex,...etc) per eye",4590,5400,5400,General/Other
987,OP098,"Extracapsular cataract extraction (ECCE) with IOL excluding the cost of IOL per
eye",10251,12060,12060,General/Other
988,OP099,"Small Incision Cataract Surgery (SICS) with IOL excluding the cost of IOL per
eye",10251,12060,12060,General/Other
989,OP100,"Phaco with foldable IOL (silicone and acrylic)/PMMA IOL / MICS surgery
excluding the cost of IOL per eye",13005,15300,15300,General/Other
990,OP101,Pars plana lensectomy with/without IOL excluding the cost of IOL per eye,13005,15300,15300,General/Other
991,OP102,"Secondary IOL implantation- AC IOL PC IOL or scleral fixated IOL excluding
the cost of IOL per eye",15300,18000,18000,General/Other
992,OP103,"Cataract extraction with IOL with capsular tension rings (Cionni’s ring)(cost of
the ring included) excluding the cost of IOL per eye",26775,31500,31500,General/Other
993,OP104,"Paediatric cataract surgery +parsplana capsulotomy + anterior vitrectomy
excluding the cost of IOL - one eye",15300,18000,18000,General/Other
994,OP105,"Paediatric cataract surgery +parsplana capsulotomy + anterior vitrectomy
excluding the cost of IOL - Both Eyes",19125,22500,22500,General/Other
995,OP106,IOL exchange [excluding IOL cost] per eye,7650,9000,9000,General/Other
996,OP107,IOL reposition per eye,4590,5400,5400,General/Other
997,OP108,IOL explantation per eye,6120,7200,7200,General/Other
998,OP109,Iridodialysis repair or pupillary reconstruction /Cyclodialysis repair per eye,10251,12060,12060,General/Other
999,OP110,Iris cyst removal /synechiolysis/surgical iridectomy per eye,3825,4500,4500,General/Other
1000,OP111,Lid Abscess incision and Drainage per eye,3825,4500,4500,General/Other
1001,OP112,Orbital Abscess incision and Drainage per eye,6503,7650,7650,General/Other
1002,OP113,"Excision Biopsy of lid, conjunctiva, cornea per eye",7038,8280,8280,General/Other
1003,OP114,Paracentesis (eye) per eye,3825,4500,4500,General/Other
1004,OP115,Scleral graft for scleral melting or perforation per eye,10251,12060,12060,General/Other
1005,OP116,Amniotic membrane grafting /symblepharon release with AMG per eye,10251,12060,12060,General/Other
1006,OP117,Intraocular foreign body removal per eye,6503,7650,7650,General/Other
1007,OP118,Electrolysis (eye) - Both Eyes,765,900,900,General/Other
1008,OP119,Perforating injury repair (eye) per eye,10251,12060,12060,General/Other
1009,OP120,"Botulinum injection for blepharospasm or squint /epiphora/entropion/lid retraction
(excluding cost of drug) per eye",3825,4500,4500,General/Other
1010,OP121,"C3F8 GAS Injection intravitreal for descemetopexy/retinopexy/pneumatopexy
(per eye)",3825,4500,4500,General/Other
1011,OP122,Silicone Oil injection (per eye),3825,4500,4500,General/Other
1012,OP123,Epiretinal Membrane (ERM) Peeling (per eye),5355,6300,6300,General/Other
1013,OP124,Epiretinal Membrane (ERM) Removal (per eye),2295,2700,2700,General/Other
1014,OP125,Internal limiting membrane (ILM) peeling (per eye),2295,2700,2700,General/Other
1015,OP126,Punctoplasty (per eye),4973,5850,5850,General/Other
1016,OP127,Punctal plug(Collagen/silicone) per eye,3060,3600,3600,General/Other
1017,OP128,Laser Trabeculoplasty Gonioplasty - Both Eyes,12240,14400,14400,General/Other
1018,OP129,Eye laser pulse therapy /Lipiflow/IPL [Intense pulse light] per eye,2678,3150,3150,General/Other
1019,OP130,Malyugin Ring /pupil dilator/iris expander per eye,7650,9000,9000,General/Other
1020,OP131,Globe exploration per eye,7650,9000,9000,General/Other
1021,OP132,Scleral Fixation Tissue glue /fibrin glue per eye,6426,7560,7560,General/Other
1022,OP133,PFCL Injection Per Eye Including Cost of The Drug,2088,2457,2457,General/Other
1023,OP134,Methylprednisolone Injection IV Infusion per day Excluding the cost of the drug,1913,2250,2250,General/Other
1024,OP135,Retinoblastoma[RB] EUA both eyes,2295,2700,2700,General/Other
1025,OP136,"RB intravitreal/intravenous/subtenons chemotherapy affected eye excluding the
cost of the chemotherapy drug",2678,3150,3150,General/Other
1026,OP137,RB TTT/ Cryotherapy affected eye,3443,4050,4050,General/Other
1027,OP138,Plaque brachytherapy-surface affected eye,11475,13500,13500,General/Other
1028,OP139,Plaque brachytherapy-intraocular affected eye,15300,18000,18000,General/Other
1029,OP140,Simple limbal stem cell transplant SLET per eye,15300,18000,18000,General/Other
1030,OP141,Mucous membrane grafting MMG one eyelid,15300,18000,18000,General/Other
1031,OP142,Mucous membrane grafting MMG two eyelids,19125,22500,22500,General/Other
1032,OP143,iStent Inject per eye including the cost of consumables and implant,61200,72000,72000,General/Other
1033,OP144,Orthoptic exercises per session,191,225,225,General/Other
1034,OP145,Pleoptic exercises per session,191,225,225,General/Other
1035,EI001,Impedance with stapedial reflex / Impedance Audiometry,459,540,540,General/Other
1036,EI002,Pure Tone Audiogram / Pure Tone Audiometry / PTA,344,405,405,General/Other
1037,EI003,Short Increment Sensitivity Index (SISI) Tone Decay,306,360,360,General/Other
1038,EI004,Speech Assessment,306,360,360,General/Other
1039,EI005,Speech Discrimination Score,306,360,360,General/Other
1040,EI006,Multiple hearing assessment test to Adults,306,360,360,General/Other
1041,EI007,BERA (Brain stem evoked response audiometry),1913,2250,2250,General/Other
1042,EI008,OAE (Otoacoustic Emission Test),964,1134,1134,General/Other
1043,EI009,Hearing Aid Trail,153,180,180,General/Other
1044,EI010,Vestibular Evoked Myogenic Potential (VEMP),2104,2475,2475,General/Other
1045,EI011,Cold Calorie Test for Vestibular function,459,540,540,General/Other
1046,EI012,Electronystagmography (ENG),1148,1350,1350,General/Other
1047,EI013,Videonystagmography(VNG),1913,2250,2250,General/Other
1048,EI014,Video Laryngoscopy,4590,5400,5400,General/Other
1049,EI015,Videostroboscopy,4208,4950,4950,General/Other
1050,EI016,Fibreoptic examination of Larynx (FOL) under LA,3825,4500,4500,General/Other
1051,EI017,Fibro optic Nasal Endoscopy,1760,2070,2070,General/Other
1052,EP001,Removal of foreign body From Nose,536,630,630,General/Other
1053,EP002,Removal of foreign body From Ear/otoscopy diagnostic or therapeutic,536,630,630,General/Other
1054,EP003,Syringing (Ear),383,450,450,General/Other
1055,EP004,Polyp removal under LA (Larynx),3825,4500,4500,General/Other
1056,EP005,Polyp removal under GA (Larynx),7038,8280,8280,General/Other
1057,EP006,Peritonsillar abscess Drainage under LA,6503,7650,7650,General/Other
1058,EP007,Myringoplasty,21038,24750,24750,General/Other
1059,EP008,Stapedectomy,21038,24750,24750,General/Other
1060,EP009,Myringotomy with Grommet Insertion,10251,12060,12060,General/Other
1061,EP010,Tympanotomy,21038,24750,24750,General/Other
1062,EP011,Tympanoplasty,26775,31500,31500,General/Other
1063,EP012,Mastoidectomy,26775,31500,31500,General/Other
1064,EP013,Otoplasty,26775,31500,31500,General/Other
1065,EP014,Labyrinthectomy,26775,31500,31500,General/Other
1066,EP015,Skull Base Surgery,40545,47700,47700,General/Other
1067,EP016,Facial Nerve Decompression,32895,38700,38700,General/Other
1068,EP017,Septoplasty,21038,24750,24750,General/Other
1069,EP018,Submucous Resection,10251,12060,12060,General/Other
1070,EP019,Septo-Rhinoplasty,32895,38700,38700,General/Other
1071,EP020,Rhinoplasty- Non-cosmetic,26775,31500,31500,General/Other
1072,EP021,Fracture Reduction of Nasal Bone,10251,12060,12060,General/Other
1073,EP022,Intra Nasal Diathermy,4590,5400,5400,General/Other
1074,EP023,Turbinectomy,10251,12060,12060,General/Other
1075,EP024,Endoscopic Dacryocystorhinostomy (DCR),26775,31500,31500,General/Other
1076,EP025,Endoscopic Surgery (ENT),26775,31500,31500,General/Other
1077,EP026,Septal Perforation Repair,21038,24750,24750,General/Other
1078,EP027,Antrum Puncture,2295,2700,2700,General/Other
1079,EP028,Lateral Rhinotomy,15300,18000,18000,General/Other
1080,EP029,Cranio-Facial resection,32895,38700,38700,General/Other
1081,EP030,Angiofibroma Excision,32895,38700,38700,General/Other
1082,EP031,Endoscopic Hypophysectomy,40545,47700,47700,General/Other
1083,EP032,Endoscopic Optic Nerve Decompression,40545,47700,47700,General/Other
1084,EP033,Tonsillectomy,21038,24750,24750,General/Other
1085,EP034,Uvulo-palatoplasty,26775,31500,31500,General/Other
1086,EP035,Functional Endoscopic Sinus Surgery (FESS) for Antrochoanal polyp,26775,31500,31500,General/Other
1087,EP036,Functional Endoscopic Sinus Surgery (FESS) for Ethmoidal polyp,26775,31500,31500,General/Other
1088,EP037,Polyp removal ear,3825,4500,4500,General/Other
1089,EP038,Polyp removal Nose (Septal polyp),6503,7650,7650,General/Other
1090,EP039,"Mastoidectomy plus Ossiculoplasty including TORP (Total Ossicular
Replacement Prosthesis) or PORP (Partial Ossicular Replacement Prosthesis)",26775,31500,31500,General/Other
1091,EP040,Endolymphatic sac decompression,32895,38700,38700,General/Other
1092,EP041,Diagnostic endoscopy under GA,3825,4500,4500,General/Other
1093,EP042,Young's operation for Atrophic rhinitis,15300,18000,18000,General/Other
1094,EP043,Vidian neurectomy for vasomotor Rhinitis,21038,24750,24750,General/Other
1095,EP044,Nasal Packing-anterior,1913,2250,2250,General/Other
1096,EP045,Nasal Packing-Posterior,2295,2700,2700,General/Other
1097,EP046,Ranula Excision,15300,18000,18000,General/Other
1098,EP047,Tongue Tie excision,6503,7650,7650,General/Other
1099,EP048,Sub Mandibular Duct Lithotomy,5202,6120,6120,General/Other
1100,EP049,Adenoidectomy,15300,18000,18000,General/Other
1101,EP050,Palatopharyngoplasty,26775,31500,31500,General/Other
1102,EP051,Pharyngoplasty,32895,38700,38700,General/Other
1103,EP052,Styloidectomy,15300,18000,18000,General/Other
1104,EP053,Direct Laryngoscopy including Biopsy under GA,10251,12060,12060,General/Other
1105,EP054,Oesophagoscopy with foreign body removal from Oesophagus,10251,12060,12060,General/Other
1106,EP055,Bronchoscopy with foreign body (FB) removal,10251,12060,12060,General/Other
1107,EP056,Ear Lobe Repair one side,3060,3600,3600,General/Other
1108,EP057,Excision of Pinna for non-cancerous Growth/Injuries - Skin Only,7038,8280,8280,General/Other
1109,EP058,Excision of Pinna for non-cancerous/ Injuries - Skin and Cartilage,10251,12060,12060,General/Other
1110,EP059,Partial Amputation of Pinna,10251,12060,12060,General/Other
1111,EP060,Total Amputation of Pinna,15300,18000,18000,General/Other
1112,EP061,Total Amputation & Excision of External Auditory Meatus,15300,18000,18000,General/Other
1113,EP062,Excision of Cystic Hygroma,15300,18000,18000,General/Other
1114,EP063,Excision of Cystic Hygroma Extensive,21038,24750,24750,General/Other
1115,EP064,Excision of Branchial Cyst,21038,24750,24750,General/Other
1116,EP065,Excision of Branchial Sinus,21038,24750,24750,General/Other
1117,EP066,Excision of Pharyngeal Diverticulum,21038,24750,24750,General/Other
1118,EP067,Excision of Carotid Body / Carotid Body Tumours,32895,38700,38700,General/Other
1119,EP068,Operation for Cervical Rib,26775,31500,31500,General/Other
1120,EP069,Estlander Operation (Estlander flap in plastic surgery of lips),26775,31500,31500,General/Other
1121,EP070,Abbe Operation (Abbe flap in plastic surgery of lips),21038,24750,24750,General/Other
1122,EP071,Cheek Advancement,26775,31500,31500,General/Other
1123,EP072,Excision of the Maxilla,32895,38700,38700,General/Other
1124,EP073,Excision of mandible-segmental,26775,31500,31500,General/Other
1125,EP074,Parotidectomy - Superficial,26775,31500,31500,General/Other
1126,EP075,Parotidectomy - Total,32895,38700,38700,General/Other
1127,EP076,Repair of Parotid Duct,21038,24750,24750,General/Other
1128,EP077,Removal of Submandibular Salivary gland,21038,24750,24750,General/Other
1129,EP078,Hemithyroidectomy,26775,31500,31500,General/Other
1130,EP079,Partial Thyroidectomy (lobectomy),26775,31500,31500,General/Other
1131,EP080,Subtotal Thyroidectomy,32895,38700,38700,General/Other
1132,EP081,Total Thyroidectomy,40545,47700,47700,General/Other
1133,EP082,Resection Enucleation of thyroid Adenoma,21038,24750,24750,General/Other
1134,EP083,Excision of Lingual Thyroid,26775,31500,31500,General/Other
1135,EP084,Excision of Thyroglossal Cyst/Duct/Fistula,26775,31500,31500,General/Other
1136,EP085,Laryngectomy,40545,47700,47700,General/Other
1137,EP086,Hyoid Suspension,21038,24750,24750,General/Other
1138,EP087,Genioplasty,26775,31500,31500,General/Other
1139,EP088,Phonosurgery,21038,24750,24750,General/Other
1140,EP089,Microlaryngeal Surgery,21038,24750,24750,General/Other
1141,EP090,Laryngofissure,32895,38700,38700,General/Other
1142,EP091,Tracheal Stenosis Excision,32895,38700,38700,General/Other
1143,EP092,Tracheostomy,10251,12060,12060,General/Other
1144,CC001,"ICU/CCU/PICU/MICU/HDU (For all categories of ward entitlement, inclusive of
Room Rent)",5400,5400,5400,General/Other
1145,CC002,Compressed Air / Piped Oxygen per hour,77,90,90,General/Other
1146,CC003,Ventilator charges (Per day) inclusive of associated disposables,2295,2700,2700,General/Other
1147,CC004,Non invasive Ventilator charges (Per day)( inclusive of associated disposables),459,540,540,General/Other
1148,CC005,Pneupac Ventilator in Nursery (Per day),1989,2340,2340,General/Other
1149,CC006,Incubator charges (Per day),1148,1350,1350,General/Other
1150,CC007,Neonatal ICU charges (Per day) inclusive of incubator,5400,5400,5400,General/Other
1151,CC008,Exchange Transfusion,2678,3150,3150,General/Other
1152,CC009,Phototherapy per session (up to 6 Hours),306,360,360,General/Other
1153,CC010,Resuscitation/CPR/Intubation,1148,1350,1350,General/Other
1154,CC011,PICC line (peripherally inserted Central Cannulisation),3825,4500,4500,General/Other
1155,CC012,Nebulization Per Session,38,45,45,General/Other
1156,CC013,PICC Line Removal,765,900,900,General/Other
1157,CC014,Ryles Tube Insertion,689,810,810,General/Other
1158,BC001,Blood Component Charges - Whole Blood per Unit,1550,1550,1550,General/Other
1159,BC002,Blood Component Charges - Packed Red Cell per Unit,1550,1550,1550,General/Other
1160,BC003,Blood Component Charges - Fresh Frozen Plasma,400,400,400,General/Other
1161,BC004,Platelet Concentrate- Random Donor Platelet (RDP),400,400,400,General/Other
1162,BC005,Blood Component Charges - Cryoprecipitate,250,250,250,General/Other
1163,BC006,Platelet Concentrate – Single Donor Platelet (SDP)- Apheresis per unit,11000,11000,11000,General/Other
1164,GP001,Dressings of wounds,230,270,270,General/Other
1165,GP002,Aspiration Pleural Effusion - Diagnostic,536,630,630,General/Other
1166,GP003,Aspiration Pleural Effusion - Therapeutic,536,630,630,General/Other
1167,GP004,"Abdominal / Peritoneal Aspiration – Diagnostic/Ascitic tapping / Paracentesis -
Diagnostic",536,630,630,General/Other
1168,GP005,"Abdominal / Peritoneal Aspiration – Therapeutic/Ascitic tapping / Paracentesis -
Therapeutic",574,675,675,General/Other
1169,GP006,Removal of Sutures (All),153,180,180,General/Other
1170,GP007,Venesection,536,630,630,General/Other
1171,GP008,Sternal puncture,1530,1800,1800,General/Other
1172,GP009,Urinary bladder Catheterisation,536,630,630,General/Other
1173,GP010,Incision & Drainage under local Anaesthesia (Large),1760,2070,2070,General/Other
1174,GP011,Intercostal Drainage,2678,3150,3150,General/Other
1175,GP012,Drainage of abscess with anaesthesia,10251,12060,12060,General/Other
1176,GP013,Excision of lumps under anaesthesia,10251,12060,12060,General/Other
1177,HN001,Temporal Bone Subtotal Resection,32895,38700,44505,General/Other
1178,HN002,Benign Tumour Excisions of Head and Neck,21038,24750,28463,General/Other
1179,SK001,Excision of Moles,765,900,900,General/Other
1180,SK002,Excision of Warts,765,900,900,General/Other
1181,SK003,Excision of Molluscum Contagiosum,765,900,900,General/Other
1182,SK004,Excision of Venereal Warts,765,900,900,General/Other
1183,SK005,Excision of Corns,765,900,900,General/Other
1184,SK006,"Intradermal (ID) Injection Keloid (Intralesional Injection) including the cost of the
drug",765,900,900,General/Other
1185,SK007,Chemical Cautery (s)/Cryotherapy,765,900,900,General/Other
1186,CI001,Electrocardiogram (ECG),134,158,158,General/Other
1187,CI002,Treadmill Test (TMT),857,1008,1008,General/Other
1188,CI003,Holter analysis per day,1913,2250,2250,General/Other
1189,CI004,Ambulatory BP monitoring per day,765,900,900,General/Other
1190,CI005,Head Up Tilt Test (HUTT),7038,8280,8280,General/Other
1191,CI006,External Loop/event recording -first day Rs.1500,1148,1350,1350,General/Other
1192,CI007,"External Loop/event recording - subsequent Days 1000/day (Maximum up to 6
days)",765,900,900,General/Other
1193,CI008,Diagnostic Electrophysiological studies conventional (Including catheter),55539,65340,65340,General/Other
1194,CI009,Stress Thallium / Myocardial Perfusion Scintigraphy,10251,12060,12060,General/Other
1195,CI010,Rest Thallium / Myocardial Perfusion Scintigraphy,7344,8640,8640,General/Other
1196,CI011,Venography,3825,4500,4500,General/Other
1197,CI012,Lymphangiography,3825,4500,4500,General/Other
1198,CI013,Sinogram,1530,1800,1800,General/Other
1199,CI014,Digital Subtraction Angiography-Peripheral artery,11177,13149,13149,General/Other
1200,CI015,Digital Subtraction Angiography- venogram,11177,13149,13149,General/Other
1201,CI016,Coronary Angiography,10251,12060,12060,General/Other
1202,CI017,Cardiac Catheterization (CATH),11399,13410,13410,General/Other
1203,CP001,"Balloon Coronary Angioplasty / Percutaneous transluminal coronary angioplasty
(PTCA) /Percutaneous coronary intervention (PCI) with Vascular closure device
(VCD) excluding the cost of Stent. Cost of Drug Eluting Balloon allowed in lieu
of Stent",74205,87300,100395,General/Other
1204,CP002,"Balloon Coronary Angioplasty / Percutaneous transluminal coronary angioplasty
(PTCA) / Percutaneous coronary intervention (PCI) without Vascular closure
device (VCD) excluding the cost of Stent. Cost of Drug Eluting Stent allowed in
lieu of Stent",64050,75353,86655,General/Other
1205,CP003,Rotablation excluding the cost of Rotablator Burr/Advancer,47298,55644,63991,General/Other
1206,CP004,"Balloon Mitral Valvotomy / Percutaneous Transvenous Mitral Commissurotomy
(PTMC)",74205,87300,100395,General/Other
1207,CP005,"Temporary Pacemaker Implantation (TPI) (Temporary Cardiac Pacing) Single
Chamber",16157,19008,21859,General/Other
1208,CP006,"Permanent pacemaker implantation (PPI)- Single Chamber excluding the cost of
Pacemaker",26928,31680,36432,General/Other
1209,CP007,"Permanent pacemaker implantation- Dual Chamber excluding the cost of
Pacemaker",36185,42570,48956,General/Other
1210,CP008,"Permanent pacemaker implantation (PPI)- Biventricular excluding the cost of
pacemaker",41760,49129,56499,General/Other
1211,CP009,"Automatic implantable cardioverter defibrillator (AICD) Single Chamber -
excluding the cost of Device",42075,49500,56925,General/Other
1212,CP010,"Automatic implantable cardioverter defibrillator (AICD) Dual Chamber excluding
the cost of Device",44053,51827,59600,General/Other
1213,CP011,Combo Device Implantation excluding the cost of Device,49649,58410,67172,General/Other
1214,CP012,Radiofrequency (RF) Ablation Conventional,74205,87300,100395,General/Other
1215,CP013,Radiofrequency (RF) Ablation Atrial Tachycardia/CARTO,137700,162000,186300,General/Other
1216,CP014,Intra-aortic balloon pump (IABP) excluding the cost of the balloon,26775,31500,36225,General/Other
1217,CP015,Intra vascular coiling excluding cost of the coils,58140,68400,78660,General/Other
1218,CP016,Balloon Septostomy,25245,29700,34155,General/Other
1219,CP017,"Aortic Valve Balloon Dilatation (AVBD) / Pulmonary Valve Balloon Dilatation
(PVBD)",47461,55836,64211,General/Other
1220,CP018,"Peripheral Angioplasty with Vascular Closure Device (VCD) excluding the cost
of Stent",46703,54945,63187,General/Other
1221,CP019,"Peripheral Angioplasty without Vascular Closure Device (VCD) excluding the
cost of Stent",40545,47700,54855,General/Other
1222,CP020,Renal Angioplasty excluding the cost of Stent,46283,54450,62618,General/Other
1223,CP021,"Transcatheter Aortic Valve Implantation (TAVI) / Transcatheter Aortic Valve
Replacement (TAVR) – Procedure Cost. (Approval of Director, CGHS in
consultation with Special Technical Committee (STC) is required for this
procedure)",76500,90000,103500,General/Other
1224,CP022,TAVI / TAVR Implant (cost of implant only),1284000,1284000,1284000,General/Other
1225,CP023,"Cost of Intravascular ultrasound (IVUS) Catheter excluding GST(Procedure
Charge included in PTCA)",55000,55000,55000,General/Other
1226,CP024,"Cost of Fractional flow reserve (FFR) Catheter excluding GST (Procedure Charge
included in PTCA)",33000,33000,33000,General/Other
1227,CP025,"Catheter cost of Intracoronary optical coherence tomography (OCT) /
Intravascular optical coherence tomography (IVOCT) / Intravascular Ventricular
Assist System excluding GST(Procedure cost is included in PTCA)",65000,65000,65000,General/Other
1228,CP026,"IVL (Coronary Intra vascular Lithotripsy / Shock wave Lithotripsy – Including
GST (Approval of Director, CGHS in consultation with Special Technical
Committee (STC) is required for this procedure)",268000,268000,268000,General/Other
1229,CV001,Varicose vein Surgery-Trendelenburg Operation with Suturing or Ligation,19355,22770,26186,General/Other
1230,CV002,"Radio Ablation of Varicose Veins (RFA Ablation) excluding the cost of RFA
Catheter",7153,8415,9677,General/Other
1231,CV003,Laser Ablation of Varicose Veins,33660,39600,45540,General/Other
1232,CV004,Atrial Septal Defect (ASD) closure excluding the cost of the Device,84150,99000,113850,General/Other
1233,CV005,"Ventricular Septal Defect (VSD) with Graft / VSD Device Closure excluding the
cost of the Device",91800,108000,124200,General/Other
1234,CV006,Tetralogy of Fallot (TOF)/TAPVC/TCPC/REV/RSOV repair,137700,162000,186300,General/Other
1235,CV007,BD Glenn/Left Atrium Myxoma,137700,162000,186300,General/Other
1236,CV008,Senning/Arterial Switch Operation (ASO) with graft,137700,162000,186300,General/Other
1237,CV009,Double Switch Operation (DSO),180540,212400,244260,General/Other
1238,CV010,Atrioventricular(AV) Canal Repair,180540,212400,244260,General/Other
1239,CV011,Fontan Procedure,209610,246600,283590,General/Other
1240,CV012,Conduit Repair,180540,212400,244260,General/Other
1241,CV013,Coronary Artery Bypass Graft surgery (CABG),137700,162000,186300,General/Other
1242,CV014,"Coronary Artery Bypass Graft surgery (CABG) + Intra-Aortic Balloon Pump
(IABP)",180540,212400,244260,General/Other
1243,CV015,"Coronary Artery Bypass Graft surgery (CABG) + Valve Replacement excluding
the cost of the valve",209610,246600,283590,General/Other
1244,CV016,CABG without bypass.,180540,212400,244260,General/Other
1245,CV017,Ascending Aorta Replacement,209610,246600,283590,General/Other
1246,CV018,Double Valve Replacement (DVR),180540,212400,244260,General/Other
1247,CV019,"Mitral valve Replacement(MVR)/ Aortic valve Replacement (AVR)/ Tricuspid
Valve Replacement (TVR) / Pulmonary valve replacement (PVR)",137700,162000,186300,General/Other
1248,CV020,"Mitral valve (MV) Repair + Aortic valve (AV) Repair / Tricuspid Valve (TV)
Repair + Pulmonary valve (PV) repair",137700,162000,186300,General/Other
1249,CV021,Aorta Femoral Bypass,98685,116100,133515,General/Other
1250,CV022,Blalock-Taussig Shunt (BT Shunt) / Coarctation,116280,136800,157320,General/Other
1251,CV023,Pulmonary Artery Banding (PA Banding) Septostomy,116280,136800,157320,General/Other
1252,CV024,Pericardiocentesis,7650,9000,9000,General/Other
1253,CV025,Pericardiectomy,116280,136800,157320,General/Other
1254,CV026,Patent Ductus Arteriosus (PDA)-Device Closure,84150,99000,113850,General/Other
1255,CV027,"Heart Transplant Surgery (As per Guidelines mentioned in OM.No. Z-
42011/11/2021-MG/EHS Dated 1st December, 2023)",1350000,1350000,1350000,General/Other
1256,CV028,Aortic Arch Replacement,209610,246600,283590,General/Other
1257,CV029,Aortic Dissection,209610,246600,283590,General/Other
1258,CV030,Thoraco Abdominal Aneurysm Repair,180540,212400,244260,General/Other
1259,CV031,Embolectomy,58140,68400,78660,General/Other
1260,CV032,Vascular Repair,58140,68400,78660,General/Other
1261,CV033,Bentall Repair with Prosthetic Valve,209610,246600,283590,General/Other
1262,CV034,Bentall Repair with Biologic Valve,180540,212400,244260,General/Other
1263,CV035,"Coarctation dilatation / Balloon dilatation of Aortic coarctation -Excluding the
cost of Balloon",60251,70884,81517,General/Other
1264,CV036,Coarctation dilatation with Stenting,48195,56700,65205,General/Other
1265,CV037,Septostomy- Blade,48195,56700,65205,General/Other
1266,CV038,Aortic stent grafting for aortic aneurysm,137700,162000,186300,General/Other
1267,CV039,Inferior Vena Cava (IVC) filter implantation- excluding the cost of filter,25245,29700,34155,General/Other
1268,CV040,"Video Assisted Thoracoscopic Surgery (VATS) for Decortication of
Lungs/Thymectomy/Other Major Surgeries",137700,162000,186300,General/Other
1269,GS001,"Sclerotherapy Injection / Banding of Haemorrhoids (cost of drug/sclerotherapy
agent/band extra)",536,630,630,General/Other
1270,GS002,Injection for Varicose Veins (cost of drug/sclerotherapy agent extra),536,630,630,General/Other
1271,GS003,Suturing of small wounds,1052,1238,1238,General/Other
1272,GS004,Secondary suture of wounds,3366,3960,3960,General/Other
1273,GS005,Debridement of wounds - Small,1262,1485,1485,General/Other
1274,GS006,Phimosis Under LA,4590,5400,5400,General/Other
1275,GS007,Removal Of Foreign Bodies -without C-ARM,1148,1350,1350,General/Other
1276,GS008,Toe Nail Removal,765,900,900,General/Other
1277,GS009,Excision of Cervical Lymph Node under Local Anaesthesia,2372,2790,2790,General/Other
1278,GS010,Excision of Axillary Lymph Node under General Anaesthesia,6503,7650,7650,General/Other
1279,GS011,Excision of Inguinal Lymph Node under Local Anaesthesia,2295,2700,2700,General/Other
1280,GS012,Excision of Sebaceous Cysts,3825,4500,4500,General/Other
1281,GS013,Excision of Superficial Lipoma,3825,4500,4500,General/Other
1282,GS014,Excision of Superficial Neurofibroma,3825,4500,4500,General/Other
1283,GS015,Excision of Dermoid Cysts,3825,4500,4500,General/Other
1284,GS016,Excision of Keloid,7038,8280,8280,General/Other
1285,GS017,Excision of mammary fistula,21038,24750,24750,General/Other
1286,GS018,Haemorrhoidectomy,25245,29700,29700,General/Other
1287,GS019,Stapler haemorrhoidectomy excluding the cost of Stapler,26775,31500,31500,General/Other
1288,GS020,Debridement of Large wounds including Diabetic Wound under Anaesthesia,21038,24750,24750,General/Other
1289,GI001,Gastro Oesophageal Reflux Study (GER Study),2295,2700,2700,General/Other
1290,GI002,Meckel's Scan,2295,2700,2700,General/Other
1291,GI003,Hepatobiliary Scintigraphy.,3060,3600,3600,General/Other
1292,GI004,Gastrointestinal Bleed (GloB.) Study with Technetium 99m labeled RBCs.,4590,5400,5400,General/Other
1293,GI005,Gastric Emptying,1913,2250,2250,General/Other
1294,GI006,Hepatosplenic scintigraphy with Technetium-99m radiopharmaceuticals,3825,4500,4500,General/Other
1295,GI007,Diagnostic Angiography,7038,8280,8280,General/Other
1296,GI008,Oesophageal pH metry,7038,8280,8280,General/Other
1297,GI009,Oesophageal Manometry,7038,8280,8280,General/Other
1298,GI010,Small Bowel Manometry,7650,9000,9000,General/Other
1299,GI011,Anorectal manometry,32895,38700,38700,General/Other
1300,GI012,Colonic manometry,26775,31500,31500,General/Other
1301,GI013,Biliary Manometry,32895,38700,38700,General/Other
1302,GI014,Breath Tests (Urea breath test/ H. pylori breath test)/RUT,2211,2601,2601,General/Other
1303,MG001,Gastroscopy/Upper GI Endoscopy with or without Biopsy,3060,3600,3600,General/Other
1304,MG002,Lower GI Endoscopy(Colonoscopy/Sigmoidoscopy) with or without Biopsy,4590,5400,5400,General/Other
1305,MG003,Endoscopic mucosal resection,10251,12060,12060,General/Other
1306,MG004,Endoscopic Polypectomy - GIT,15300,18000,18000,General/Other
1307,MG005,Oesophageal Stricture dilatation,7038,8280,8280,General/Other
1308,MG006,Balloon dilatation of achalasia cardia,10251,12060,12060,General/Other
1309,MG007,Gastrointestinal (GIT) Foreign body removal,15300,18000,18000,General/Other
1310,MG008,Oesophageal stenting excluding the cost of stent,10251,12060,12060,General/Other
1311,MG009,Band ligation of oesophageal varices,6503,7650,7650,General/Other
1312,MG010,Sclerotherapy of oesophageal varices,6503,7650,7650,General/Other
1313,MG011,Glue injection of varices,10251,12060,12060,General/Other
1314,MG012,Argon plasma coagulation,7038,8280,8280,General/Other
1315,MG013,Pyloric balloon dilatation,6503,7650,7650,General/Other
1316,MG014,Enteral stenting excluding cost of the stent,15300,18000,18000,General/Other
1317,MG015,Duodenal stricture dilation,6503,7650,7650,General/Other
1318,MG016,Single balloon enteroscopy,10251,12060,12060,General/Other
1319,MG017,Double balloon enteroscopy,15300,18000,18000,General/Other
1320,MG018,Capsule endoscopy excluding the cost of capsule,10251,12060,12060,General/Other
1321,MG019,Piles banding,3825,4500,4500,General/Other
1322,MG020,Colonic stricture dilatation,6503,7650,7650,General/Other
1323,MG021,Hot biopsy forceps procedures,6503,7650,7650,General/Other
1324,MG022,Colonic stenting excluding cost of the stent,10251,12060,12060,General/Other
1325,MG023,Junction biopsy,3825,4500,4500,General/Other
1326,MG024,Conjugal microscopy,6503,7650,7650,General/Other
1327,MG025,"ERCP (Endoscopic Retrograde Cholangio –
Pancreatography) Diagnostic",10251,12060,12060,General/Other
1328,MG026,Endoscopic sphincterotomy by ERCP,15300,18000,20700,General/Other
1329,MG027,Common Bile Duct (CBD) stone extraction by ERCP,15300,18000,20700,General/Other
1330,MG028,Common Bile Duct (CBD) stricture dilatation by ERCP,15300,18000,20700,General/Other
1331,MG029,Biliary stenting (plastic and metallic) by ERCP,15300,18000,20700,General/Other
1332,MG030,Mechanical lithotripsy of CBD stones by ERCP,26775,31500,36225,General/Other
1333,MG031,Pancreatic sphincterotomy by ERCP,15300,18000,20700,General/Other
1334,MG032,Pancreatic stricture dilatation by ERCP,15300,18000,20700,General/Other
1335,MG033,Pancreatic stone extraction by ERCP,15300,18000,20700,General/Other
1336,MG034,Mechanical lithotripsy of pancreatic stones,26775,31500,36225,General/Other
1337,MG035,Endoscopic cysto gastrostomy,15300,18000,20700,General/Other
1338,MG036,Balloon dilatation of papilla,15300,18000,20700,General/Other
1339,MG037,Percutaneous Transhepatic Biliary Drainage (PTBD),15300,18000,20700,General/Other
1340,MG038,Vascular Embolization,32895,38700,44505,General/Other
1341,MG039,Transjugular Intrahepatic Portosystemic Shunt (TIPS),40545,47700,54855,General/Other
1342,MG040,Inferior Vena Cava (IVC) Venography and Hepatic Vein (HV Venography),32895,38700,44505,General/Other
1343,MG041,Muscular Stenting,40545,47700,54855,General/Other
1344,MG042,Balloon-Occluded Retrograde Intravenous Obliteration (BRTO),40545,47700,54855,General/Other
1345,MG043,Portal Haemodynamic Studies,6503,7650,7650,General/Other
1346,MG044,Sengstaken Blakemore (SB) Tube Tamponade,7038,8280,8280,General/Other
1347,MG045,Lintas Machles Tube Tempode,4590,5400,5400,General/Other
1348,MG046,EUS (Endoscopic Ultrasound) guided FNAC Excluding the cost of the Needle,12623,14850,14850,General/Other
1349,AG001,Atresia of Oesophagus and Tracheo Oesophageal Fistula,40545,47700,54855,General/Other
1350,AG002,"Operations for Replacement of Oesophagus by Colon / Colon-Inter position or
Replacement of Oesophagus",40545,47700,54855,General/Other
1351,AG003,Heller’s Operation,32895,38700,44505,General/Other
1352,AG004,Oesophageal Intubation (Mousseau Barbin Tube),21038,24750,28463,General/Other
1353,AG005,Achalasia Cardia Transthoracic,32895,38700,44505,General/Other
1354,AG006,Achalasia Cardia Abdominal,32895,38700,44505,General/Other
1355,AG007,Pyloromyotomy,21038,24750,28463,General/Other
1356,AG008,Gastrostomy,21038,24750,28463,General/Other
1357,AG009,Simple Closure of Perforated peptic Ulcer,26775,31500,36225,General/Other
1358,AG010,Vagotomy Pyloroplasty / Gastro Jejunostomy,32895,38700,44505,General/Other
1359,AG011,Duodenojejunostomy,40545,47700,54855,General/Other
1360,AG012,Partial/Subtotal Gastrectomy for Ulcer,40545,47700,54855,General/Other
1361,AG013,Operation for Bleeding Peptic Ulcer,32895,38700,44505,General/Other
1362,AG014,Operation for Gastrojejunal Ulcer,32895,38700,44505,General/Other
1363,AG015,Highly Selective Vagotomy,40545,47700,54855,General/Other
1364,AG016,Selective Vagotomy & Drainage,40545,47700,54855,General/Other
1365,AG017,Exploratory Laparotomy (Open),21038,24750,28463,General/Other
1366,AG018,Congenital Diaphragmatic Hernia,32895,38700,44505,General/Other
1367,AG019,Hiatus Hernia Repair- Abdominal (excluding cost of mesh and tacker if used),27770,32670,37571,General/Other
1368,AG020,Hiatus Hernia Repair- Transthoracic (excluding cost of mesh and tacker if used),27770,32670,37571,General/Other
1369,AG021,Epigastric Hernia Repair - excluding the cost of mesh and tacker,21038,24750,28463,General/Other
1370,AG022,Umbilical Hernia Repair - excluding the cost of mesh and tacker,26775,31500,36225,General/Other
1371,AG023,Ventral /incisional Hernia Repair - excluding the cost of mesh and tacker,26775,31500,36225,General/Other
1372,AG024,Inguinal Hernia Herniorrhaphy,21879,25740,29601,General/Other
1373,AG025,Inguinal Hernia - Hernioplasty excluding the cost of mesh and tacker,26775,31500,36225,General/Other
1374,AG026,Femoral Hernia Repair - excluding the cost of mesh and tacker,26775,31500,36225,General/Other
1375,AG027,"Rare Hernias Repair (Spigelian, Obturator, Lumbar, Sciatic) - excluding the cost
of mesh and tacker",32895,38700,44505,General/Other
1376,AG028,Splenectomy - For Trauma,40545,47700,54855,General/Other
1377,AG029,Splenectomy - For Hypersplenism,48195,56700,65205,General/Other
1378,AG030,Splenorenal Anastomosis,40545,47700,54855,General/Other
1379,AG031,Portocaval Anastomosis,48195,56700,65205,General/Other
1380,AG032,"Direct Operation on Oesophagus for Portal
Hypertension",40545,47700,54855,General/Other
1381,AG033,Mesentericocaval Anastomosis,32895,38700,44505,General/Other
1382,AG034,Warren Shunt (Distal Splenorenal Shunt),40545,47700,54855,General/Other
1383,AG035,Pancreaticoduodenectomy (Whipple's procedure),40545,47700,54855,General/Other
1384,AG036,Cystojejunostomy or Cystogastrostomy,32895,38700,44505,General/Other
1385,AG037,Cholecystectomy,26775,31500,36225,General/Other
1386,AG038,Cholecystectomy & Exploration of CBD,27770,32670,37571,General/Other
1387,AG039,Repair of Common Bile Duct (CBD),32895,38700,44505,General/Other
1388,AG040,Cholecystostomy,20196,23760,27324,General/Other
1389,AG041,Operation for Hydatid Cyst of Liver,22721,26730,30740,General/Other
1390,AG042,Hepatic Resections (Lobectomy /Hepatectomy),27770,32670,37571,General/Other
1391,AG043,Operation on Adrenal Glands - Bilateral,48195,56700,65205,General/Other
1392,AG044,Operation on Adrenal Glands - Unilateral,32895,38700,44505,General/Other
1393,AG045,Appendicectomy,15989,18810,21632,General/Other
1394,AG046,Appendicular Abscess – Drainage,26775,31500,36225,General/Other
1395,AG047,Mesenteric Cyst- Excision,26775,31500,36225,General/Other
1396,AG048,Diagnostic Peritonioscopy/Laparoscopy,15300,18000,20700,General/Other
1397,AG049,Jejunostomy,26775,31500,36225,General/Other
1398,AG050,Ileostomy,26775,31500,36225,General/Other
1399,AG051,Resection & Anastomosis of Small Intestine,39971,47025,54079,General/Other
1400,AG052,Duodenal Diverticulum,40545,47700,54855,General/Other
1401,AG053,"Operation for Intestinal Obstruction including resection , anastomosis
,Adhesiolysis",40545,47700,54855,General/Other
1402,AG054,"Operation for Intestinal perforation including resection ,anastomosis ,
Adhesiolysis",40545,47700,54855,General/Other
1403,AG055,Operations for Benign Tumours of Small Intestine,40545,47700,54855,General/Other
1404,AG056,Excision of Small Intestine Fistula,37868,44550,51233,General/Other
1405,AG057,Operations for GI Bleed,40545,47700,54855,General/Other
1406,AG058,Operations for Haemorrhage of Small Intestines,40545,47700,54855,General/Other
1407,AG059,"Operations of the Duplication of the Intestines – including Exploratory
Laparotomy",34502,40590,46679,General/Other
1408,AG060,"Operations for Recurrent Intestinal Obstruction (Noble Plication & Other
Operations for Adhesions)",40545,47700,54855,General/Other
1409,AG061,Ileosigmoidostomy and related resection,40545,47700,54855,General/Other
1410,AG062,Ileotransverse Colostomy and related resection,40545,47700,54855,General/Other
1411,AG063,Caecostomy,26775,31500,36225,General/Other
1412,AG064,Loop Colostomy Transverse Sigmoid,32895,38700,44505,General/Other
1413,AG065,Terminal Colostomy,25245,29700,34155,General/Other
1414,AG066,Closure of Colostomy,25245,29700,34155,General/Other
1415,AG067,Right Hemicolectomy,26928,31680,36432,General/Other
1416,AG068,Left Hemicolectomy,26928,31680,36432,General/Other
1417,AG069,Total Colectomy,33660,39600,45540,General/Other
1418,AG070,Operations for Volvulus of Large Bowel,40545,47700,54855,General/Other
1419,AG071,Operations for Sigmoid Diverticulitis,32895,38700,44505,General/Other
1420,AG072,Fissure in Ano with Internal sphincterotomy with fissurectomy.,26775,31500,36225,General/Other
1421,AG073,Fissure in Ano - Fissurectomy,21038,24750,28463,General/Other
1422,AG074,Rectal Polyp-Excision,11529,13563,15597,General/Other
1423,AG075,Fistula in Ano - High Fistulectomy,26775,31500,36225,General/Other
1424,AG076,Fistula in Ano - Low Fistulectomy,19355,22770,26186,General/Other
1425,AG077,Prolapse Rectum - Thiersch Wiring,21038,24750,28463,General/Other
1426,AG078,Prolapse Rectum - Rectopexy,11781,13860,15939,General/Other
1427,AG079,Excision of Pilonidal Sinus (open),18513,21780,25047,General/Other
1428,AG080,Excision of Pilonidal Sinus with closure,21038,24750,28463,General/Other
1429,AG081,Abdomino-Perineal Excision of Rectum,40545,47700,54855,General/Other
1430,AG082,Anterior Resection of Rectum,48195,56700,65205,General/Other
1431,AG083,Pull Through Abdominal Resection,40545,47700,54855,General/Other
1432,AG084,Retro Peritoneal Tumour Removal,40545,47700,54855,General/Other
1433,AG085,Laparoscopic Fundoplication,48195,56700,65205,General/Other
1434,AG086,Laparoscopic Splenectomy,48195,56700,65205,General/Other
1435,AG087,Laparoscopic Removal of hydatid cyst,48195,56700,65205,General/Other
1436,AG088,Laparoscopic Treatment of Pseudo Pancreatic cyst,48195,56700,65205,General/Other
1437,AG089,"Laparoscopic Whipple's operation (Laparoscopic
Pancreaticoduodenectomy",40545,47700,54855,General/Other
1438,AG090,Laparoscopic GI bypass operation,48195,56700,65205,General/Other
1439,AG091,Laparoscopic Total Colectomy,48195,56700,65205,General/Other
1440,AG092,Laparoscopic Hemicolectomy,40545,47700,54855,General/Other
1441,AG093,"Laparoscopic Anterior Resection (of Intestine/
Rectum)",48195,56700,65205,General/Other
1442,AG094,Laparoscopic Cholecystectomy,27770,32670,37571,General/Other
1443,AG095,Laparoscopic Appendectomy,25245,29700,34155,General/Other
1444,AG096,Laparoscopic Hernia – Inguinoplasty (excluding the cost of Tacker and Mesh),29453,34650,39848,General/Other
1445,AG097,Laparoscopic Ventral Hernia Repair (excluding the cost of Tacker and Mesh),29453,34650,39848,General/Other
1446,AG098,"Laparoscopic Paraumbilical Hernia Repair (excluding the cost of Tacker and
Mesh)",29453,34650,39848,General/Other
1447,AG099,Laparoscopic Adrenalectomy,48195,56700,65205,General/Other
1448,PS001,Diaphragmatic Hernia Repair (Thoracic or Abdominal Approach),40545,47700,54855,General/Other
1449,PS002,Tracheoesophageal Fistula (Correction Surgery),40545,47700,54855,General/Other
1450,PS003,Colon Replacement of Oesophagus,32895,38700,44505,General/Other
1451,PS004,Omphalomesenteric Cyst Excision,32895,38700,44505,General/Other
1452,PS005,Omphalomesenteric Duct- Excision,32895,38700,44505,General/Other
1453,PS006,Omphalocele 1st Stage (Hernia Repair),26775,31500,36225,General/Other
1454,PS007,Omphalocele 2nd Stage (Hernia Repair),26775,31500,36225,General/Other
1455,PS008,Gastroschisis Repair,32895,38700,44505,General/Other
1456,PS009,Inguinal Herniotomy,26775,31500,36225,General/Other
1457,PS010,Congenital Hydrocele,26775,31500,36225,General/Other
1458,PS011,Hydrocele of Cord,21038,24750,28463,General/Other
1459,PS012,Torsion Testis Operation,26775,31500,36225,General/Other
1460,PS013,Congenital Pyloric Stenosis- operation,26775,31500,36225,General/Other
1461,PS014,Duodenal Atresia Operation,32895,38700,44505,General/Other
1462,PS015,Pancreatic Ring Operation,40545,47700,54855,General/Other
1463,PS016,Meconium Ileus Operation,32895,38700,44505,General/Other
1464,PS017,Malrotation of Intestines Operation,32895,38700,44505,General/Other
1465,PS018,Rectal Biopsy (Megacolon),15300,18000,20700,General/Other
1466,PS019,Colostomy Transverse,32895,38700,44505,General/Other
1467,PS020,Colostomy Left Iliac,32895,38700,44505,General/Other
1468,PS021,Abdominal Perineal Pull Through (Hirschsprung's Disease),40545,47700,54855,General/Other
1469,PS022,Imperforate Anus Low Anomaly -Cut Back Operation,21038,24750,28463,General/Other
1470,PS023,Imperforate Anus Low Anomaly - Perineal Anoplasty,26775,31500,36225,General/Other
1471,PS024,Imperforate Anus High Anomaly -Sacroabdomino Perineal Pull Through,40545,47700,54855,General/Other
1472,PS025,Imperforate Anus High Anomaly - Closure of Colostomy,26775,31500,36225,General/Other
1473,PS026,Intussusception Operation,32895,38700,44505,General/Other
1474,PS027,Choledochoduodenostomy for Atresia of Extra Hepatic Biliary Duct,40545,47700,54855,General/Other
1475,PS028,Operation of Choledochal Cyst,40545,47700,54855,General/Other
1476,PS029,Nephrectomy for -Pyonephrosis,32895,38700,44505,General/Other
1477,PS030,Nephrectomy for - Hydronephrosis,32895,38700,44505,General/Other
1478,PS031,Sacro-Coccygeal Teratoma Excision,32895,38700,44505,General/Other
1479,PS032,Congenital Atresia & Stenosis of Small Intestine,40545,47700,54855,General/Other
1480,PS033,Malrotation & Volvulus of the Midgut,32895,38700,44505,General/Other
1481,PS034,Excision of Meckel’s Diverticulum,32895,38700,44505,General/Other
1482,OG001,Non Stress Test,1148,1350,1350,General/Other
1483,OG002,"Normal delivery with or without Episiotomy & P.
repair/ forceps delivery /Vacuum delivery/assisted breech delivery including
Routine New Born Care",26775,31500,31500,General/Other
1484,OG003,"Normal Delivery of High Risk
Pregnancy(Preeclampsia/Eclapsia/GDM/Cardiac/Vascular/Renal/Pulmonary/Twin
Pregnancy/RA/SLE/IVF Conception/Severe Anaemia,)",32895,38700,38700,General/Other
1485,OG004,"Caesarean Section(CS) with or without Sterilization including Routine New Born
Care",40545,47700,47700,General/Other
1486,OG005,"Caesarian Delivery of High Risk
Pregnancy(Preeclampsia/Eclapsia/GDM/Cardiac/Vascular/Renal/Pulmonary/Twin
Pregnancy/RA/SLE/IVF Conception/Severe Anaemia)",48195,56700,56700,General/Other
1487,OG006,Rupture Uterus Closure & Repair with Tubal Ligation,32895,38700,38700,General/Other
1488,OG007,Perforation of Uterus after D/E Laparotomy & Closure,15300,18000,18000,General/Other
1489,OG008,Laparotomy for Ectopic Pregnancy,26775,31500,31500,General/Other
1490,OG009,Laparotomy peritonitis Lavage and Drainage,26775,31500,31500,General/Other
1491,OG010,Ovarian Cystectomy - Laparoscopic.,32895,38700,38700,General/Other
1492,OG011,Ovarian Cystectomy - Laparotomy.,26775,31500,31500,General/Other
1493,OG012,"Laparoscopic Broad Ligament Hematoma Drainage
with repair",10251,12060,12060,General/Other
1494,OG013,Exploration of perineal Haematoma & Repair,10251,12060,12060,General/Other
1495,OG014,Exploration of abdominal Haematoma (after laparotomy/ LSCS),21038,24750,24750,General/Other
1496,OG015,Manual Removal of Placenta,7038,8280,8280,General/Other
1497,OG016,Examination under anaesthesia (EUA),3825,4500,4500,General/Other
1498,OG017,Burst-Abdomen Repair,26775,31500,31500,General/Other
1499,OG018,Gaping Perineal Wound Secondary Suturing,3825,4500,4500,General/Other
1500,OG019,Gaping Abdominal Wound Secondary Suturing,6503,7650,7650,General/Other
1501,OG020,Complete Perineal Tear-Repair,7038,8280,8280,General/Other
1502,OG021,Pelvic Floor Repair(Rectocele +/- Cystocele +/- Enterocele),26775,31500,31500,General/Other
1503,OG022,Suction Evacuation Vesicular Mole,21038,24750,24750,General/Other
1504,OG023,Colpotomy/Post-Coital Tear Repair,7038,8280,8280,General/Other
1505,OG024,Excision of urethral carbuncle,10251,12060,12060,General/Other
1506,OG025,Shirodkar/ McDonald stitch//Cervical Stitch(Cerclage),10251,12060,12060,General/Other
1507,OG026,"Abdominal Hysterectomy with or without salpingo-
oophorectomy",32895,38700,38700,General/Other
1508,OG027,Non-descent Vaginal Hysterectomy (NDVH) with or without BSO,32895,38700,38700,General/Other
1509,OG028,Vaginal Hysterectomy ( including of BSO) with or without repairs,32895,38700,38700,General/Other
1510,OG029,Myomectomy -laparotomy,26775,31500,31500,General/Other
1511,OG030,Myomectomy -laparoscopic,32895,38700,38700,General/Other
1512,OG031,Vaginoplasty,32895,38700,38700,General/Other
1513,OG032,Vulvectomy -Simple,26775,31500,31500,General/Other
1514,OG033,Rectovaginal Fistula (RVF) Repair,32895,38700,38700,General/Other
1515,OG034,Manchester/Fothergill’s operation,26775,31500,31500,General/Other
1516,OG035,"Shirodkar’s sling Operation or other sling operations
for prolapse uterus",15300,18000,18000,General/Other
1517,OG036,Laparoscopic sling operations for prolapse uterus,32895,38700,38700,General/Other
1518,OG037,Dilatation and Curettage(diagnostic/therapeutic) with or without Polypectomy,10251,12060,12060,General/Other
1519,OG038,Cervical Biopsy,7038,8280,8280,General/Other
1520,OG039,Transcervical/Hysteroscopic Polypectomy,10251,12060,12060,General/Other
1521,OG040,Excision of Vaginal Cyst/Bartholin Cyst/Gartner Cyst,7038,8280,8280,General/Other
1522,OG041,Excision of Vaginal/Uterus Septum,15300,18000,18000,General/Other
1523,OG042,"Diagnostic hysterolaparoscopy (DHL) with or without
chromopertubation/Adhesiolysis/ovarian drilling",15300,18000,18000,General/Other
1524,OG043,Laparoscopy Sterilization/Laparoscopic tubal occlusion(LTO),21038,24750,24750,General/Other
1525,OG044,"Laparoscopically Assisted Vaginal Hysterectomy
(LAVH) with or without BSO",48195,56700,56700,General/Other
1526,OG045,"Balloon Tamponade for Post Partum Haemorrhage/Conservative management of
PPH(Atonic/traumatic PPH)",6503,7650,7650,General/Other
1527,OG046,Total Laparoscopic Hysterectomy with or without BSO,48195,56700,56700,General/Other
1528,OG047,"Laparoscopic Treatment of Ectopic Pregnancy-
Milking/Salpingotomy/Salpingectomy",32895,38700,38700,General/Other
1529,OG048,Conisation of cervix/Chemical Cautery of Cervical Ectopy/Erosion,7038,8280,8280,General/Other
1530,OG049,Diagnostic hysteroscopy with or without polypectomy/endometrial curettage,15300,18000,18000,General/Other
1531,OG050,"Laparotomy recanalization of Fallopian tubes-
(Tuboplasty)",40545,47700,47700,General/Other
1532,OG051,"Laparoscopic recanalization of Fallopian tubes-
(Tuboplasty)",40545,47700,47700,General/Other
1533,OG052,Colposcopy,3825,4500,4500,General/Other
1534,OG053,Inversion of Uterus – Vaginal Reposition,4590,5400,5400,General/Other
1535,OG054,Inversion of Uterus – Abdominal Reposition,4590,5400,5400,General/Other
1536,OG055,Vaginal Vesicovaginal Fistula (VVF) Repair,48195,56700,56700,General/Other
1537,OG056,"Interventional Ultrasonography- Chorionic villus
sampling (CVS)",3825,4500,4500,General/Other
1538,OG057,Amniocentesis,10251,12060,12060,General/Other
1539,OG058,Thermal balloon ablation.,26775,31500,31500,General/Other
1540,OG059,Ultrasonographic myolysis,21038,24750,24750,General/Other
1541,OG060,Vaginal/Cervical Myomectomy,32895,38700,38700,General/Other
1542,OG061,Intra Uterine Insemination,3825,4500,4500,General/Other
1543,OG062,Intracytoplasmic sperm injection (ICSI),15300,18000,18000,General/Other
1544,OG063,Laparotomy abdominal sacro-colpopexy,40545,47700,47700,General/Other
1545,OG064,Vaginal Colpopexy/colpopexy-abdominal,32895,38700,38700,General/Other
1546,OG065,Laparoscopic abdominal colpopexy/sacro-colpopexy,40545,47700,47700,General/Other
1547,OG066,Endometrial aspiration cytology/biopsy (including Pipelle Charges),2295,2700,2700,General/Other
1548,OG067,Laparoscopic treatment for stress incontinence,32895,38700,38700,General/Other
1549,OG068,Transvaginal tapes for Stress incontinence,26775,31500,31500,General/Other
1550,OG069,Trans-obturator tapes for Stress incontinence,32895,38700,38700,General/Other
1551,OG070,"Interventional radiographic arterial embolization/Uterine artery
embolization(UAE)",26775,31500,31500,General/Other
1552,OG071,Internal Iliac Artery ligation,6503,7650,7650,General/Other
1553,OG072,"Surgical management of PPH (Uterine compression stitches/stepwise
devascularisation)/peripartum hysterectomy",15300,18000,18000,General/Other
1554,OG073,Intra-uterine fetal blood transfusion,40545,47700,47700,General/Other
1555,OG074,Hysteroscopy Transcervical Resection of Endometrium (TCRE),26775,31500,31500,General/Other
1556,OG075,Hysteroscopy Removal of Intra-Uterine Contraceptive Device (IUCD),15300,18000,18000,General/Other
1557,OG076,hysteroscopic resection of uterine septum,26775,31500,31500,General/Other
1558,OG077,Diagnostic Hysteroscopy with or without endometrial Biopsy,15300,18000,18000,General/Other
1559,OG078,Sterilization (minilap)-post partum/post abortion,7038,8280,8280,General/Other
1560,OG079,Interval Sterilization(minilap)-BAT / Male Sterilization(Vasectomy),15300,18000,18000,General/Other
1561,OG080,"Medical Termination of Pregnancy (MTP)- 1st Trimester with Medicine /Manual
Vacuum Aspiration /Check Curettage",10251,12060,12060,General/Other
1562,OG081,"Medical Termination of Pregnancy (MTP) - 2nd Trimester /Suction and
Evacuation/Dilatation and Curettage/Dilatation and expulsion",15300,18000,18000,General/Other
1563,OG082,Insertion of IUD/IUCD/Pessary,3060,3600,3600,General/Other
1564,OG083,Removal of IUD/IUCD/Pessary,765,900,900,General/Other
1565,NU001,Ultrasound guided kidney Biopsy,7038,8280,8280,General/Other
1566,NU002,Testicular Biopsy,10251,12060,12060,General/Other
1567,NU003,Transrectal Ultrasound (TRUS) guided prostate biopsy,7038,8280,8280,General/Other
1568,NU004,Uroflow Study (Uroflowmetry),765,900,900,General/Other
1569,NU005,Urodynamic Study (Cystometry),2295,2700,2700,General/Other
1570,NU006,"Voiding-cysto-urethrogram and retrograde
urethrogram (Nephrostogram)",6503,7650,7650,General/Other
1571,NU007,Fistulogram for Arteriovenous Fistula,7038,8280,8280,General/Other
1572,NU008,Partial Nephrectomy -open,32895,38700,44505,General/Other
1573,NU009,Partial Nephrectomy-Laparoscopic/Endoscopic,40545,47700,54855,General/Other
1574,NU010,Nephrectomy Simple -Open,48195,56700,65205,General/Other
1575,NU011,Laparoscopic Nephrectomy,48195,56700,65205,General/Other
1576,NU012,Nephrolithotomy -open,32895,38700,44505,General/Other
1577,NU013,Nephrolithotomy -Laparoscopic/endoscopic,40545,47700,54855,General/Other
1578,NU014,Pyelolithotomy-open,48195,56700,65205,General/Other
1579,NU015,Pyelolithotomy -Laparoscopic/endoscopic,40545,47700,54855,General/Other
1580,NU016,Operations for Hydronephrosis -pyeloplasty open,40545,47700,54855,General/Other
1581,NU017,Operations for Hydronephrosis -pyeloplasty Lap/endoscopic,48195,56700,65205,General/Other
1582,NU018,Operations for Hydronephrosis Endopyelotomy antegrade,32895,38700,44505,General/Other
1583,NU019,Operations for Hydronephrosis Endopyelotomy retrograde,32895,38700,44505,General/Other
1584,NU020,Operations for Hydronephrosis ureterocalicostomy,32895,38700,44505,General/Other
1585,NU021,Operations for Hydronephrosis-Ileal ureter,40545,47700,54855,General/Other
1586,NU022,Open Drainage of Perinephric Abscess,26775,31500,36225,General/Other
1587,NU023,Percutaneous Drainage of Perinephric Abscess -Ultrasound guided,10251,12060,12060,General/Other
1588,NU024,Cavernostomy,21038,24750,28463,General/Other
1589,NU025,Operations for Cyst of the Kidney -open,32895,38700,44505,General/Other
1590,NU026,Operations for Cyst of the Kidney Lap/endoscopic,40545,47700,54855,General/Other
1591,NU027,Ureterolithotomy -open,32895,38700,44505,General/Other
1592,NU028,Ureterolithotomy-Lap/Endoscopic,40545,47700,54855,General/Other
1593,NU029,Nephroureterectomy open,40545,47700,54855,General/Other
1594,NU030,Operations for Ureter for -Double Ureters,40545,47700,54855,General/Other
1595,NU031,Operations for Ureter -for Ectopia of Single Ureter,32895,38700,44505,General/Other
1596,NU032,Operations for Vesicoureteral Reflux (VUR) -Open,32895,38700,44505,General/Other
1597,NU033,Operations for Vesicoureteral Reflux (VUR)-Lap/Endoscopic,40545,47700,54855,General/Other
1598,NU034,"Operations for Vesicoureteral Reflux (VUR)/ Urinary incontinence with bulking
agents",32895,38700,44505,General/Other
1599,NU035,Ureterostomy - Cutaneous,26775,31500,36225,General/Other
1600,NU036,Uretero-Colic anastomosis,32895,38700,44505,General/Other
1601,NU037,Formation of an Ileal Conduit,40545,47700,54855,General/Other
1602,NU038,Ureteric Catheterisation/DJ Stenting,15300,18000,20700,General/Other
1603,NU039,DJ stent removal,7321,8613,8613,General/Other
1604,NU040,Biopsy of Bladder (Cystoscopic) including (Cold Cup Biopsy),10251,12060,12060,General/Other
1605,NU041,Cysto-Litholapaxy,26775,31500,36225,General/Other
1606,NU042,Operations for Injuries of the Bladder,32895,38700,44505,General/Other
1607,NU043,Suprapubic Drainage (Cystostomy/vesicostomy),15300,18000,20700,General/Other
1608,NU044,Simple Cystectomy,32895,38700,44505,General/Other
1609,NU045,Diverticulectomy -open,32895,38700,44505,General/Other
1610,NU046,Diverticulectomy- Lap/Endoscopic,40545,47700,54855,General/Other
1611,NU047,Diverticulectomy -Endoscopic incision of neck,26775,31500,36225,General/Other
1612,NU048,Augmentation Cystoplasty,40545,47700,54855,General/Other
1613,NU049,Operations for Exstrophy of the Bladder- Single stage repair,32895,38700,44505,General/Other
1614,NU050,Operations for Exstrophy of the Bladder- Multistage repair,32895,38700,44505,General/Other
1615,NU051,"Operations for Exstrophy of the Bladder- simple cystectomy with urinary
diversion",48195,56700,65205,General/Other
1616,NU052,Repair of Ureterocele -Open,32895,38700,44505,General/Other
1617,NU053,Repair of Ureterocele -Lap/Endoscopic,32895,38700,44505,General/Other
1618,NU054,Repair of Ureterocele -Endoscopic incision,26775,31500,36225,General/Other
1619,NU055,Vesicovaginal Fistula (VVF) Repair (Open),32895,38700,44505,General/Other
1620,NU056,Vesicovaginal Fistula (VVF) Repair (Laparoscopic),40545,47700,54855,General/Other
1621,NU057,Open Suprapubic Prostatectomy,32895,38700,44505,General/Other
1622,NU058,Open Retropubic Prostatectomy,32895,38700,44505,General/Other
1623,NU059,Transurethral Resection of Prostate (TURP),48195,56700,65205,General/Other
1624,NU060,Urethroscopy/ Cystopanendoscopy,10251,12060,12060,General/Other
1625,NU061,Internal urethrotomy -optical,21038,24750,28463,General/Other
1626,NU062,Internal urethrotomy -Core through urethroplasty,32895,38700,44505,General/Other
1627,NU063,Urethral Reconstruction -End to end anastomosis,32895,38700,44505,General/Other
1628,NU064,Urethral Reconstruction - substitution urethroplasty (Transpubic urethroplasty),40545,47700,54855,General/Other
1629,NU065,Abdomino Perineal urethroplasty,40545,47700,54855,General/Other
1630,NU066,Posterior Urethral Valve fulguration.,26775,31500,36225,General/Other
1631,NU067,Operations for Incontinence of Urine - Male -Open,32895,38700,44505,General/Other
1632,NU068,Operations for Incontinence of Urine - Male -Sling,40545,47700,54855,General/Other
1633,NU069,Operations for Incontinence of Urine - Male-Bulking agent,32895,38700,44505,General/Other
1634,NU070,Operations for Incontinence of Urine - Female -Open,32895,38700,44505,General/Other
1635,NU071,Operations for Incontinence of Urine - Female-Sling,40545,47700,54855,General/Other
1636,NU072,Operations for Incontinence of Urine - Female-Bulking agent,32895,38700,44505,General/Other
1637,NU073,Reduction of Paraphimosis,4590,5400,5400,General/Other
1638,NU074,Circumcision,10251,12060,12060,General/Other
1639,NU075,Meatotomy,6503,7650,7650,General/Other
1640,NU076,Meatoplasty,10251,12060,12060,General/Other
1641,NU077,Operations for Hypospadias + Chordee Correction,26775,31500,36225,General/Other
1642,NU078,Operations for Hypospadias - Second Stage,32895,38700,44505,General/Other
1643,NU079,Operations for Hypospadias - One Stage Repair,32895,38700,44505,General/Other
1644,NU080,Operations for Crippled Hypospadias,32895,38700,44505,General/Other
1645,NU081,Operations for Epispadias -primary repair,32895,38700,44505,General/Other
1646,NU082,Operations for Epispadias-crippled epispadias,40545,47700,54855,General/Other
1647,NU083,Partial Amputation of the Penis,26775,31500,36225,General/Other
1648,NU084,Total amputation of the Penis,32895,38700,44505,General/Other
1649,NU085,Orchidectomy-Simple,21038,24750,28463,General/Other
1650,NU086,Epididymectomy,15300,18000,20700,General/Other
1651,NU087,Operations for Hydrocele - Unilateral,21038,24750,28463,General/Other
1652,NU088,Operations for Hydrocele - Bilateral,26775,31500,36225,General/Other
1653,NU089,Operation for Torsion of Testis,21038,24750,28463,General/Other
1654,NU090,Micro-surgical Vasovasostomy /Vaso epididymal anastomosis .,21038,24750,28463,General/Other
1655,NU091,Operations for Varicocele Unilateral Microsurgical,26775,31500,36225,General/Other
1656,NU092,Operations for Varicocele Palomo’s Unilateral -Laparoscopic,26775,31500,36225,General/Other
1657,NU093,Operations for Varicocele Bilateral --Microsurgical,32895,38700,44505,General/Other
1658,NU094,Operations for Varicocele Palomo’s Bilateral - Laparoscopic,32895,38700,44505,General/Other
1659,NU095,Excision of Filarial Scrotum,21038,24750,28463,General/Other
1660,NU096,Kidney Transplantation (related),286110,336600,387090,General/Other
1661,NU097,"Kidney Transplantation (Spousal/ unrelated) Including immunosuppressant
therapy",325125,382500,439875,General/Other
1662,NU098,Kidney Transplantation (Cadaver),267750,315000,362250,General/Other
1663,NU099,ABO incompatible Transplantation,459000,540000,621000,General/Other
1664,NU100,Kidney Transplant Graft Nephrectomy,62730,73800,84870,General/Other
1665,NU101,Donor Nephrectomy (Open),48195,56700,65205,General/Other
1666,NU102,Donor Nephrectomy (Laparoscopic),84150,99000,113850,General/Other
1667,NU103,"Post-Transplant Collection drainage for Lymphocele
(open)",7038,8280,9522,General/Other
1668,NU104,Post-Transplant Collection drainage for Lymphocele (percutaneous),10251,12060,13869,General/Other
1669,NU105,Post-Transplant Collection drainage for Lymphocele (Laparoscopic),15300,18000,20700,General/Other
1670,NU106,Arteriovenous Fistula for Haemodialysis,15300,18000,18000,General/Other
1671,NU107,Arteriovenous Shunt for Haemodialysis,15300,18000,18000,General/Other
1672,NU108,Jugular Catheterization for Haemodialysis,4590,5400,5400,General/Other
1673,NU109,Subclavian Catheterization for Haemodialysis,4590,5400,5400,General/Other
1674,NU110,One Sided (single Lumen) Femoral Catheterization for Haemodialysis,3060,3600,3600,General/Other
1675,NU111,Bilateral (single Lumen) Femoral Catheterization for Haemodialysis,4590,5400,5400,General/Other
1676,NU112,Double Lumen Femoral Catheterization for Haemodialysis,10251,12060,12060,General/Other
1677,NU113,Permcath Insertion excluding the cost of the catheter,6503,7650,7650,General/Other
1678,NU114,Arterio Venous Prosthetic Graft,32895,38700,44505,General/Other
1679,NU115,Single lumen Jugular Catheterization,3825,4500,4500,General/Other
1680,NU116,Single lumen Subclavian Catheterization,3825,4500,4500,General/Other
1681,NU117,Plasma Exchange/ Plasmapheresis,15300,18000,18000,General/Other
1682,NU118,"Continuous Ambulatory Peritoneal Dialysis (CAPD) catheter insertion- Open
method",15300,18000,18000,General/Other
1683,NU119,"Continuous Ambulatory Peritoneal Dialysis (CAPD) catheter insertion-
Schlendinger/ Seldinger method",15300,18000,18000,General/Other
1684,NU120,Sustained low efficiency haemodialysis /haemodialysis,7038,8280,8280,General/Other
1685,NU121,"Continuous Veno venous/Arteriovenous Haemofiltration /Haemofiltration/CRRT
per day",13005,15300,15300,General/Other
1686,NU122,"Haemodialysis / Haemodialysis for Sero negative cases including Dialyser and all
other Consumables",1913,2250,2250,General/Other
1687,NU123,"Haemodialysis / Haemodialysis for Sero Positive cases including Dialyser and all
other Consumables",2295,2700,2700,General/Other
1688,NU124,Acute Peritoneal Dialysis,4055,4770,4770,General/Other
1689,NU125,Peritoneal Dialysis,2754,3240,3240,General/Other
1690,NU126,Fistula stenosis dilation,10251,12060,12060,General/Other
1691,NU127,Slow continuous Ultrafiltration,6503,7650,7650,General/Other
1692,NU128,Percutaneous Nephrolithotomy (PCNL) - Unilateral,40545,47700,54855,General/Other
1693,NU129,Percutaneous Nephrolithotomy (PCNL) - Bilateral,48195,56700,65205,General/Other
1694,NU130,Endoscopic Bulking agent Inject (including cost of bulking agent),26775,31500,36225,General/Other
1695,NU131,Nephrostomy -Open,26775,31500,36225,General/Other
1696,NU132,Nephrostomy -Lap/Endoscopic,26775,31500,36225,General/Other
1697,NU133,Ureteric Reimplant for Megaureter/ Vesicoureteric reflux/ureterocele (Open),32895,38700,44505,General/Other
1698,NU134,"Ureteric Reimplant for Megaureter / Vesicoureteric reflux/ ureterocele
(Laparoscopic)",32895,38700,44505,General/Other
1699,NU135,Partial Cystectomy,40545,47700,54855,General/Other
1700,NU136,Transurethral Resection of Prostate (TURP) with Cystolithotripsy,48195,56700,65205,General/Other
1701,NU137,Closure of Urethral Fistula,26775,31500,36225,General/Other
1702,NU138,Orchidopexy - Unilateral -Open,26775,31500,36225,General/Other
1703,NU139,Orchidopexy - Unilateral- Lap/Endoscopic,32895,38700,44505,General/Other
1704,NU140,Orchidopexy - Bilateral -Open,32895,38700,44505,General/Other
1705,NU141,Orchidopexy - Bilateral -Lap/Endoscopic,40545,47700,54855,General/Other
1706,NU142,Cystolithotomy -Suprapubic,21038,24750,28463,General/Other
1707,NU143,Endoscopic Removal of Stone in Bladder,26775,31500,36225,General/Other
1708,NU144,"Resection Bladder Neck Endoscopic / Bladder neck incision / transurethral
incision on prostrate",32895,38700,44505,General/Other
1709,NU145,Ureteroscopic Surgery,26775,31500,36225,General/Other
1710,NU146,Urethroplasty 1st Stage,32895,38700,44505,General/Other
1711,NU147,Scrotal Exploration,21038,24750,28463,General/Other
1712,NU148,Perineal Urethrostomy,26775,31500,36225,General/Other
1713,NU149,Dilatation of Stricture Urethra under G.A.,3825,4500,4500,General/Other
1714,NU150,Laparoscopic pyelolithotomy,48195,56700,65205,General/Other
1715,NU151,Laparoscopic Pyeloplasty,48195,56700,65205,General/Other
1716,NU152,Laparoscopic surgery for Renal cyst,48195,56700,65205,General/Other
1717,NU153,Laparoscopic ureterolithotomy,48195,56700,65205,General/Other
1718,NU154,Laparoscopic Nephroureterectomy,40545,47700,54855,General/Other
1719,NU155,Extracorporeal Shock Wave Lithotripsy (ESWL),32895,38700,44505,General/Other
1720,NU156,Diagnostic Cystoscopy,6503,7650,7650,General/Other
1721,NU157,Cystoscopy with Retrograde Catheter -Unilateral/RGP,15300,18000,20700,General/Other
1722,NU158,Cystoscopy with Retrograde Catheter - Bilateral/RGP,21038,24750,28463,General/Other
1723,NU159,Retrograde Intrarenal Surgery (RIRS)/ Flexible Ureteroscopy,48195,56700,65205,General/Other
1724,NU160,Holmium YAG Prostate Surgery,58140,68400,78660,General/Other
1725,NU161,Holmium YAG Optical Internal Urethrotomy (OIU),32895,38700,44505,General/Other
1726,NU162,Holmium YAG Core through internal Urethrotomy,40545,47700,54855,General/Other
1727,NU163,Holmium YAG Stone Lithotripsy,58140,68400,78660,General/Other
1728,NU164,Green Light Laser for Prostate,58140,68400,78660,General/Other
1729,NU165,"Cystoscopic Botulinum Toxin Injection ( Over active bladder/ Neurogenic
bladder) -excluding cost of drug",10251,12060,12060,General/Other
1730,NU166,Peyronie’s Disease – Plaque excision with grafting,26775,31500,36225,General/Other
1731,NU167,Prosthetic Surgery for urinary incontinence,32895,38700,44505,General/Other
1732,NU168,Ultrasound Guided Percutaneous Nephrostomy (PCN),15300,18000,18000,General/Other
1733,NI001,Electroencephalogram (EEG)/ Video EEG,765,900,900,General/Other
1734,NI002,Electromyography (EMG),1148,1350,1350,General/Other
1735,NI003,"Nerve conduction velocity (NCV), -two or more limbs",1148,1350,1350,General/Other
1736,NI004,"Repetitive nerve stimulation (RNS)-Decremental response (before and after
neostigmine)",1148,1350,1350,General/Other
1737,NI005,Repetitive nerve stimulation (RNS)-Incremental response,1148,1350,1350,General/Other
1738,NI006,Somatosensory evoked potentials (SSEP),1148,1350,1350,General/Other
1739,NI007,Polysomnography (PSG) / Level I Sleep study including Room Rent and Titration,6885,8100,8100,General/Other
1740,NI008,Brachial plexus study,1148,1350,1350,General/Other
1741,NI009,RNS( Repetitive Nerve stimulation),1224,1440,1440,General/Other
1742,NS001,Lumbar Pressure Monitoring,7038,8280,8280,General/Other
1743,NS002,Brain Mapping,21038,24750,24750,General/Other
1744,NS003,Nerve Biopsy,15300,18000,18000,General/Other
1745,NS004,Brain Biopsy,32895,38700,38700,General/Other
1746,NS005,Craniotomy and Evacuation of Haematoma -Subdural,62730,73800,84870,General/Other
1747,NS006,Craniotomy and Evacuation of Haematoma - Extradural,62730,73800,84870,General/Other
1748,NS007,Evacuation /Excision of Brain Abscess by craniotomy,62730,73800,84870,General/Other
1749,NS008,Excision of Lobe (Frontal Temporal Cerebellum etc.),62730,73800,84870,General/Other
1750,NS009,Twist Drill Craniostomy,32895,38700,44505,General/Other
1751,NS010,Subdural Tapping,10251,12060,13869,General/Other
1752,NS011,Ventricular Tapping,26775,31500,36225,General/Other
1753,NS012,Brain Abscess Tapping,21038,24750,28463,General/Other
1754,NS013,Placement of Intracranial pressure (ICP) Monitor,21038,24750,28463,General/Other
1755,NS014,Skull Traction Application,7038,8280,9522,General/Other
1756,NS015,Vascular Malformations,74205,87300,100395,General/Other
1757,NS016,Meningoencephalocele excision and repair,58140,68400,78660,General/Other
1758,NS017,Meningomyelocele Repair,48195,56700,65205,General/Other
1759,NS018,CSF Rhinorrhoea Repair,48195,56700,65205,General/Other
1760,NS019,Cranioplasty,48195,56700,65205,General/Other
1761,NS020,Anterior Cervical Discectomy,48195,56700,65205,General/Other
1762,NS021,Brachial Plexus Exploration and neurotization,48195,56700,65205,General/Other
1763,NS022,Median Nerve Decompression,32895,38700,44505,General/Other
1764,NS023,Peripheral Nerve Surgery – Major,48195,56700,65205,General/Other
1765,NS024,Peripheral Nerve Surgery Minor,40545,47700,54855,General/Other
1766,NS025,Ventriculoatrial /Ventriculoperitoneal Shunt,40545,47700,54855,General/Other
1767,NS026,Anterior Cervical Spine Surgery with fusion,58140,68400,78660,General/Other
1768,NS027,Anterio Lateral Decompression of spine,62730,73800,84870,General/Other
1769,NS028,Cervical or Dorsal or Lumbar Laminectomy,40545,47700,54855,General/Other
1770,NS029,Combined Trans-Oral Surgery & Craniovertebral (CV) Junction Fusion,48195,56700,65205,General/Other
1771,NS030,Craniovertebral Junction (CVJ) Fusion procedures,58140,68400,78660,General/Other
1772,NS031,Depressed Fracture Elevation,40545,47700,54855,General/Other
1773,NS032,Lumbar Discectomy,48195,56700,65205,General/Other
1774,NS033,Endarterectomy (Carotid),48195,56700,65205,General/Other
1775,NS034,Radiofrequency (RF) Lesion for Trigeminal Neuralgia,40545,47700,54855,General/Other
1776,NS035,Spasticity Surgery,40545,47700,54855,General/Other
1777,NS036,Spinal Fusion Procedure,58140,68400,78660,General/Other
1778,NS037,Spinal Bifida Surgery Major,48195,56700,65205,General/Other
1779,NS038,Spinal Bifida Surgery Minor,40545,47700,54855,General/Other
1780,NS039,Stereotaxic Procedures- biopsy/aspiration of cyst,32895,38700,44505,General/Other
1781,NS040,Trans Sphenoidal Surgery,40545,47700,54855,General/Other
1782,NS041,Trans Oral Surgery,40545,47700,54855,General/Other
1783,NS042,"Implantation of Deep Brain Stimulation (DBS) -One electrode (as per guidelines
mentioned in OM.No.Z15025/44/2023/DIR/CGHS/EHS Dated 09.09.2024)",48195,56700,65205,General/Other
1784,NS043,"Implantation of Deep Brain Stimulation (DBS) -two electrodes (as per guidelines
mentioned in OM.No.Z15025/44/2023/DIR/CGHS/EHS Dated 09.09.2024)",58140,68400,78660,General/Other
1785,NS044,Endoscopic aqueductoplasty,40545,47700,54855,General/Other
1786,NS045,Facial nerve reconstruction,58140,68400,78660,General/Other
1787,NS046,Carotid Stenting excluding the cost of Stent,48195,56700,65205,General/Other
1788,NS047,Cervical disc arthroplasty,48195,56700,65205,General/Other
1789,NS048,Lumbar disc arthroplasty,40545,47700,54855,General/Other
1790,NS049,Corpus callostomy for Epilepsy,62730,73800,84870,General/Other
1791,NS050,Hemispherotomy for Epilepsy,62730,73800,84870,General/Other
1792,NS051,Endoscopic CSF rhinorrhoea repair,40545,47700,54855,General/Other
1793,NS052,Burr hole evacuation of chronic subdural haematoma,48195,56700,65205,General/Other
1794,NS053,Epilepsy surgery other than at Code No. NS049 and NS050,74205,87300,100395,General/Other
1795,NS054,Radiofrequency (RF) lesion for facet joint pain syndrome,48195,56700,65205,General/Other
1796,NS055,Cervical Laminoplasty,58140,68400,78660,General/Other
1797,NS056,Lateral mass C1-C2 screw fixation,58140,68400,78660,General/Other
1798,NS057,Microsurgical decompression for Trigeminal nerve,48195,56700,65205,General/Other
1799,NS058,Microsurgical decompression for hemifacial spasm,48195,56700,65205,General/Other
1800,NS059,Extracranial-Intracranial Bypass Procedures (EC-IC) bypass procedures,48195,56700,65205,General/Other
1801,NS060,Image Guided Craniotomy,62730,73800,84870,General/Other
1802,NS061,"Baclofen pump implantation lesioning for movement disorder including
Parkinsonism/Spinal Cord Stimulator Implantation",58140,68400,78660,General/Other
1803,NS062,Programmable Ventriculo-Peritoneal (VP) shunt excluding the cost of the Device,48195,56700,65205,General/Other
1804,NS063,Endoscopic Sympathectomy,48195,56700,65205,General/Other
1805,NS064,Lumbar Puncture,2295,2700,2700,General/Other
1806,NS065,External Ventricular Drainage (EVD),21038,24750,28463,General/Other
1807,NS066,Endoscopic 3rd ventriculostomy,40545,47700,54855,General/Other
1808,NS067,Endoscopic cranial surgery/Biopsy/aspiration,48195,56700,65205,General/Other
1809,NS068,"Endoscopic discectomy (Lumbar, Cervical)",48195,56700,65205,General/Other
1810,NS069,Aneurysm coiling (Endovascular),48195,56700,65205,General/Other
1811,NS070,Surgery for Skull Fractures,58140,68400,78660,General/Other
1812,NS071,Carpel Tunnel decompression,32895,38700,44505,General/Other
1813,NS072,Clipping of intracranial aneurysm,62730,73800,84870,General/Other
1814,NS073,Surgery for intracranial Arteriovenous malformations (AVM),74205,87300,100395,General/Other
1815,NS074,Foramen magnum decompression for Chiari Malformation,98685,116100,133515,General/Other
1816,NS075,Dorsal column stimulation for backache in failed back syndrome,48195,56700,65205,General/Other
1817,NS076,Surgery for recurrent disc prolapse/epidural fibrosis,48195,56700,65205,General/Other
1818,NS077,"Decompressive craniotomy for hemispherical acute subdural haematoma/ brain
swelling/large infarct",62730,73800,84870,General/Other
1819,NS078,"Intra-arterial thrombolysis with Tissue Plasminogen Activator (TPA) (for
ischemic stroke )",26775,31500,36225,General/Other
1820,NS079,Stereotactic aspiration of intracerebral haematoma,58140,68400,78660,General/Other
1821,NS080,Endoscopic aspiration of intracerebellar haematoma,58140,68400,78660,General/Other
1822,NS081,Stereotactic Radiosurgery for brain pathology (X knife/Gamma) - ONE session,40545,47700,54855,General/Other
1823,NS082,"Stereotactic Radiosurgery for brain pathology (X knife / Gamma knife -Two or
more sessions)",58140,68400,78660,General/Other
1824,NS083,Battery Placement for Deep Brain Stimulation (DBS),26775,31500,36225,General/Other
1825,NS084,Baclofen pump implantation for spasticity/Intra-thecal Pump Implantation,26775,31500,36225,General/Other
1826,NS085,Surgery for Scalp Arteriovenous Malformations (AVMs),48195,56700,65205,General/Other
1827,NS086,Kyphoplasty excluding the cost of implants,40545,47700,54855,General/Other
1828,NS087,Balloon Kyphoplasty,48195,56700,65205,General/Other
1829,NS088,"Lesioning procedures for Parkinson’s disease,Dystonia etc.",40545,47700,54855,General/Other
1830,OR001,Joints Aspiration,1224,1440,1440,General/Other
1831,OR002,Plaster Work,3825,4500,4500,General/Other
1832,OR003,Fingers (post slab),765,900,900,General/Other
1833,OR004,Fingers full plaster,1148,1350,1350,General/Other
1834,OR005,Colles Fracture - Below elbow,4590,5400,5400,General/Other
1835,OR006,Colles Fracture - Full plaster,3443,4050,4050,General/Other
1836,OR007,Colles fracture Ant. Or post. slab,2295,2700,2700,General/Other
1837,OR008,Above elbow full plaster,3060,3600,3600,General/Other
1838,OR009,Above Knee post-slab,2295,2700,2700,General/Other
1839,OR010,Below Knee full plaster,3060,3600,3600,General/Other
1840,OR011,Below Knee post-slab,3825,4500,4500,General/Other
1841,OR012,Tube Plaster (or plaster cylinder),3825,4500,4500,General/Other
1842,OR013,Above knee full plaster,3825,4500,4500,General/Other
1843,OR014,Above knee full slab,2678,3150,3150,General/Other
1844,OR015,Minerva Jacket,7038,8280,8280,General/Other
1845,OR016,Plaster Jacket,4590,5400,5400,General/Other
1846,OR017,Shoulder spica,6503,7650,7650,General/Other
1847,OR018,Single Hip spica,5355,6300,6300,General/Other
1848,OR019,Double Hip spica,6503,7650,7650,General/Other
1849,OR020,Strapping of Finger,383,450,450,General/Other
1850,OR021,Strapping of Toes,459,540,540,General/Other
1851,OR022,Strapping of Wrist,574,675,675,General/Other
1852,OR023,Strapping of Elbow,1148,1350,1350,General/Other
1853,OR024,Strapping of Knee,765,900,900,General/Other
1854,OR025,Strapping of Ankle,612,720,720,General/Other
1855,OR026,Strapping of Chest,1148,1350,1350,General/Other
1856,OR027,Strapping of Shoulder,1148,1350,1350,General/Other
1857,OR028,Figure of 8 bandage,765,900,900,General/Other
1858,OR029,Collar and cuff sling,383,450,450,General/Other
1859,OR030,Ball bandage,612,720,720,General/Other
1860,OR031,Application of POP Casts for Upper & Lower Limbs,4590,5400,5400,General/Other
1861,OR032,Application of Functional Cast Brace,3060,3600,3600,General/Other
1862,OR033,Application of Skin Traction,1913,2250,2250,General/Other
1863,OR034,Application of Skeletal Tractions,4590,5400,5400,General/Other
1864,OR035,Bandage & Strappings for Fractures,1530,1800,1800,General/Other
1865,OR036,Aspiration & Intra Articular Injections,3825,4500,4500,General/Other
1866,OR037,Application of POP Spices & Jackets,4590,5400,5400,General/Other
1867,OR038,Close Reduction of Fractures of Limb & POP,10251,12060,12060,General/Other
1868,OR039,Open Reduction & Internal Fixation (ORIF) of Fingers & Toes,15300,18000,18000,General/Other
1869,OR040,"Open Reduction of fracture of Long Bones of Upper / Lower Limb -Nailing &
External Fixation",32895,38700,38700,General/Other
1870,OR041,"Open Reduction of fracture of Long Bones of Upper /Lower Limb -AO
Procedures",32895,38700,38700,General/Other
1871,OR042,Tension Band Wirings,21038,24750,24750,General/Other
1872,OR043,Bone Grafting,21038,24750,24750,General/Other
1873,OR044,Excision or other Operations for Scaphoid Fractures,26775,31500,31500,General/Other
1874,OR045,Sequestrectomy & Saucerisation,26775,31500,31500,General/Other
1875,OR046,Sequestrectomy & Saucerizations -Arthrotomy,26775,31500,31500,General/Other
1876,OR047,Multiple Pinning Fracture Neck Femur,40545,47700,47700,General/Other
1877,OR048,Plate Fixations for Fracture Neck Femur,40545,47700,47700,General/Other
1878,OR049,AO Compression Procedures for Fracture Neck Femur,40545,47700,47700,General/Other
1879,OR050,"Open Reduction of Fracture Neck Femur Muscle Pedicle Graft and Internal
Fixations",40545,47700,47700,General/Other
1880,OR051,Close Reduction of Dislocations,15300,18000,18000,General/Other
1881,OR052,Open Reduction of Dislocations,26775,31500,31500,General/Other
1882,OR053,Open Reduction & Internal Fixation (ORIF) of Fracture Dislocation,32895,38700,38700,General/Other
1883,OR054,Neurolysis/Nerve repair,32895,38700,38700,General/Other
1884,OR055,Nerve Repair with Grafting,48195,56700,56700,General/Other
1885,OR056,Tendon with Transplant or Graft,32895,38700,38700,General/Other
1886,OR057,Tendon Lengthening/Tendon repair,21038,24750,24750,General/Other
1887,OR058,Tendon Transfer,26775,31500,31500,General/Other
1888,OR059,Split Osteotomy and Internal Fixations,40545,47700,47700,General/Other
1889,OR060,Anterolateral decompression for tuberculosis/ Costo-Transversectomy,32895,38700,38700,General/Other
1890,OR061,Anterolateral Decompression and Spine Fusion,48195,56700,56700,General/Other
1891,OR062,Corrective Osteotomy & Internal Fixation- short bones,26775,31500,31500,General/Other
1892,OR063,Corrective Osteotomy & Internal Fixation- long bones,32895,38700,38700,General/Other
1893,OR064,Arthrodesis of - Minor Joints,26775,31500,31500,General/Other
1894,OR065,Arthrodesis of - Major Joints,32895,38700,38700,General/Other
1895,OR066,Soft Tissue Operations for Congenital Talipes Equinovarus (CTEV),26775,31500,31500,General/Other
1896,OR067,Hemiarthroplasty- Hip,48195,56700,56700,General/Other
1897,OR068,Hemiarthroplasty- Shoulder,40545,47700,47700,General/Other
1898,OR069,Operations for Brachial Plexus & Cervical Rib,58140,68400,68400,General/Other
1899,OR070,Amputations - Below Knee,32895,38700,38700,General/Other
1900,OR071,Amputations - Below Elbow,26775,31500,31500,General/Other
1901,OR072,Amputations - Above Knee,40545,47700,47700,General/Other
1902,OR073,Amputations - Above Elbow,32895,38700,38700,General/Other
1903,OR074,Amputations - Forequarter,48195,56700,56700,General/Other
1904,OR075,Amputations -Hind Quarter and Hemipelvectomy,58140,68400,68400,General/Other
1905,OR076,Disarticulations - Major joint,32895,38700,38700,General/Other
1906,OR077,Disarticulations - Minor joint,26775,31500,31500,General/Other
1907,OR078,Arthrography,15300,18000,18000,General/Other
1908,OR079,Arthroscopy - Diagnostic,26775,31500,31500,General/Other
1909,OR080,Arthroscopy-therapeutic: without implant,32895,38700,38700,General/Other
1910,OR081,Arthroscopy-therapeutic: with implant,40545,47700,47700,General/Other
1911,OR082,Soft Tissue Operation on Joints -Small,21038,24750,24750,General/Other
1912,OR083,Soft Tissue Operation on Joints -Large,32895,38700,38700,General/Other
1913,OR084,Myocutaneous and Fasciocutaneous Flap Procedures for Limbs,40545,47700,47700,General/Other
1914,OR085,Removal of Wires & Screw,10251,12060,12060,General/Other
1915,OR086,Removal of Plates,21038,24750,24750,General/Other
1916,OR087,Total Hip Replacement (THR),98685,116100,133515,General/Other
1917,OR088,Total Ankle Joint Replacement (TAR) - Unilateral,98685,116100,133515,General/Other
1918,OR089,Total Knee Joint Replacement (TKR) - Unilateral,116280,136800,157320,General/Other
1919,OR090,Total Shoulder Joint Replacement - Unilateral,98685,116100,133515,General/Other
1920,OR091,Total Elbow Joint Replacement - Unilateral,84150,99000,113850,General/Other
1921,OR092,Total Wrist Joint Replacement - Unilateral,98685,116100,133515,General/Other
1922,OR093,Total Finger Joint Replacement,48195,56700,65205,General/Other
1923,OR094,Tubular external fixator,26775,31500,31500,General/Other
1924,OR095,Ilizarov's External Fixator,40545,47700,47700,General/Other
1925,OR096,Pelvi-acetabular fracture -Internal fixation,48195,56700,56700,General/Other
1926,OR097,Meniscectomy,40545,47700,47700,General/Other
1927,OR098,Meniscus Repair,48195,56700,56700,General/Other
1928,OR099,Anterior Cruciate Ligament (ACL) Reconstruction,48195,56700,56700,General/Other
1929,OR100,Posterior Cruciate Ligament (PCL) Reconstruction,58140,68400,68400,General/Other
1930,OR101,Knee Collateral Ligament Reconstruction,58140,68400,68400,General/Other
1931,OR102,Bankart Repair Shoulder,48195,56700,56700,General/Other
1932,OR103,Rotator cuff repair / RC repair,48195,56700,56700,General/Other
1933,OR104,Biceps Tenodesis,40545,47700,47700,General/Other
1934,OR105,Distal biceps tendon repair,40545,47700,47700,General/Other
1935,OR106,Arthrolysis of knee,40545,47700,47700,General/Other
1936,OR107,Capsulotomy of Shoulder,40545,47700,47700,General/Other
1937,OR108,Conservative Plaster of Paris (POP),3060,3600,3600,General/Other
1938,OR109,Application for CTEV per sitting,6503,7650,7650,General/Other
1939,OR110,Total Hip Replacement (THR) Revision Stage-I,74205,87300,100395,General/Other
1940,OR111,Total Hip Replacement (THR) Revision Stage-II,98685,116100,133515,General/Other
1941,OR112,Total Knee Replacement (TKR) Revision Stage-I,74205,87300,100395,General/Other
1942,OR113,Total Knee Replacement (TKR) Revision Stage-II,98685,116100,133515,General/Other
1943,OR114,Illizarov/ external fixation for limb lengthening/deformity correction,48195,56700,56700,General/Other
1944,OR115,Discectomy/ Micro Discectomy,62730,73800,73800,General/Other
1945,OR116,Spinal Fixation Cervical/dorsolumbar/ lumbosacral,116280,136800,136800,General/Other
1946,OR117,Fusion Surgery Cervical/ Lumbar Spine up to 2 Level,48195,56700,56700,General/Other
1947,OR118,Spinal Fusion Surgery Cervical/ Lumbar Spine -More than 2 Level,62730,73800,73800,General/Other
1948,OR119,Scoliosis Surgery/ Deformity Correction of Spine,74205,87300,87300,General/Other
1949,OR120,Vertebroplasty,58140,68400,68400,General/Other
1950,OR121,Spinal Injections,3825,4500,4500,General/Other
1951,OR122,Dynamic Hip Screw (DHS) for Fracture Neck Femur,40545,47700,47700,General/Other
1952,OR123,Proximal Femur Nail (PFN) for IT fracture (Intertrochanteric Fractures),40545,47700,47700,General/Other
1953,OR124,Spinal Osteotomy,40545,47700,47700,General/Other
1954,OR125,Illizarov’s / External Fixation for Trauma,40545,47700,47700,General/Other
1955,OR126,Soft Tissue Operations for Polio/ Cerebral Palsy,26775,31500,31500,General/Other
1956,OR127,Mini Fixator for Hand/Foot,26775,31500,31500,General/Other
1957,BP001,Injection of Keloids - Ganglion,3060,3600,3600,Burns and Plastic Surgery
1958,BP002,Injection of Keloids - Haemangioma,3060,3600,3600,Burns and Plastic Surgery
1959,BP003,Free Grafts - Wolfe Grafts,15300,18000,20700,Burns and Plastic Surgery
1960,BP004,Free Grafts - Thiersch- Small Area 5%,15300,18000,20700,Burns and Plastic Surgery
1961,BP005,Free Grafts - Large Area 10%,26775,31500,36225,Burns and Plastic Surgery
1962,BP006,Free Grafts - Very Large Area 20% and above.,32895,38700,44505,Burns and Plastic Surgery
1963,BP007,Skin Flaps - Rotation Flaps,21038,24750,28463,Burns and Plastic Surgery
1964,BP008,Skin Flaps - Advancement Flaps,26775,31500,36225,Burns and Plastic Surgery
1965,BP009,Skin Flaps - Direct- cross Leg Flaps- Cross Arm Flap,32895,38700,44505,Burns and Plastic Surgery
1966,BP010,Skin Flaps - Cross Finger,26775,31500,36225,Burns and Plastic Surgery
1967,BP011,Skin Flaps - Abdominal,26775,31500,36225,Burns and Plastic Surgery
1968,BP012,Skin Flaps - Thoracic,21038,24750,28463,Burns and Plastic Surgery
1969,BP013,Skin Flaps - Arm Etc.,21038,24750,28463,Burns and Plastic Surgery
1970,BP014,Subcutaneous Pedicle Flaps Raising,21038,24750,28463,Burns and Plastic Surgery
1971,BP015,Subcutaneous Pedicle Flaps Delay,21038,24750,28463,Burns and Plastic Surgery
1972,BP016,Subcutaneous Pedicle Flaps Transfer,21038,24750,28463,Burns and Plastic Surgery
1973,BP017,Cartilage Grafting,32895,38700,44505,Burns and Plastic Surgery
1974,BP018,Cleft Lip - Repair.,26775,31500,36225,Burns and Plastic Surgery
1975,BP019,Cleft Palate Repair,32895,38700,44505,Burns and Plastic Surgery
1976,BP020,Primary Bone Grafting for Alveolar Cleft in Cleft Lip,32895,38700,44505,Burns and Plastic Surgery
1977,BP021,Secondary Surgery for Cleft Lip Deformity,32895,38700,44505,Burns and Plastic Surgery
1978,BP022,Secondary Surgery for Cleft Palate,32895,38700,44505,Burns and Plastic Surgery
1979,BP023,Reconstruction of Eyelid Defects - Minor,21038,24750,28463,Burns and Plastic Surgery
1980,BP024,Reconstruction of Eyelid Defects - Major,26775,31500,36225,Burns and Plastic Surgery
1981,BP025,Plastic Surgery of Different Regions of the Ear -Minor,26775,31500,36225,Burns and Plastic Surgery
1982,BP026,Plastic Surgery of Different Regions of the Ear -Major,32895,38700,44505,Burns and Plastic Surgery
1983,BP027,Plastic Surgery of the Nose - Minor,21038,24750,28463,Burns and Plastic Surgery
1984,BP028,Plastic Surgery of the Nose - Major,32895,38700,44505,Burns and Plastic Surgery
1985,BP029,Plastic Surgery for Facial Paralysis (Support with Reanimation),32895,38700,44505,Burns and Plastic Surgery
1986,BP030,After Mastectomy (Reconstruction) Mammoplasty,32895,38700,44505,Burns and Plastic Surgery
1987,BP031,Syndactyly Repair,26775,31500,36225,Burns and Plastic Surgery
1988,BP032,Dermabrasion Face,32895,38700,44505,Burns and Plastic Surgery
1989,BP033,Flap Reconstructive Surgery - Head and Neck,48195,56700,65205,Burns and Plastic Surgery
1990,BP034,up to 30% Burns 1st Dressing,2295,2700,2700,Burns and Plastic Surgery
1991,BP035,up to 30% Burns Subsequent Dressing,1913,2250,2250,Burns and Plastic Surgery
1992,BP036,30% to 50% Burns 1st Dressing,3825,4500,4500,Burns and Plastic Surgery
1993,BP037,30% to 50% Burns Subsequent Dressing,2678,3150,3150,Burns and Plastic Surgery
1994,BP038,Extensive Burn -above 50% Frist Dressing,4590,5400,5400,Burns and Plastic Surgery
1995,BP039,Extensive Burn -above 50% Subsequent dressing,2678,3150,3150,Burns and Plastic Surgery
1996,BP040,VAC Therapy/Dressing including all Consumables,7650,9000,9000,Burns and Plastic Surgery
1997,HC001,"Annual Health Check-up - CCS Group A Officer of above 40 years of age /
Pensioner primary card holder 75 years of age and above–Male,",2000,2000,2000,General/Other
1998,HC002,"Annual Health Check-up - CCS Group A Officer of above 40 years of age /
Pensioner primary card holder 75 years of age and above - Female",2200,2200,2200,General/Other
1,CN001,Consultation OPD,350,350,350,Consultation
2,CN002,Consultation for Inpatients,350,350,350,Consultation
3,CN003,Consultation OPD – Super speciality/Psychiatry,700,700,700,Consultation
4,LB001,"Urine Routine- pH, Specific Gravity, Sugar, Protein and Microscopy",68,80,80,Laboratory Investigation
5,LB002,Urine Microalbumin,165,194,194,Laboratory Investigation
6,LB003,Stool Routine and Microscopy,54,64,64,Laboratory Investigation
7,LB004,Stool for Occult Blood,68,80,80,Laboratory Investigation
8,LB005,Post Coital Smear Examination,272,320,320,Laboratory Investigation
9,LB006,Semen Analysis (Automated/Manual),170,200,200,Laboratory Investigation
10,LB007,Haemoglobin (Hb),34,40,40,Laboratory Investigation
11,LB008,Total Leucocytic Count (TLC),34,40,40,Laboratory Investigation
12,LB009,Differential Leucocytic Count (DLC),68,80,80,Laboratory Investigation
13,LB010,Erythrocyte Sedimentation Rate (ESR),68,80,80,Laboratory Investigation
14,LB011,"Total Red Cell count with MCV,MCH,MCHC,DRW",34,40,40,Laboratory Investigation
15,LB012,"Complete Haemogram/CBC, Hb, RBC Count and Indices, TLC, DLC, Platelet,
ESR, Peripheral Smear Examination)",204,240,240,Laboratory Investigation
16,LB013,Platelet Count,68,80,80,Laboratory Investigation
17,LB014,Reticulocyte Count,68,80,80,Laboratory Investigation
18,LB015,Absolute Eosinophil Count (AEC),68,80,80,Laboratory Investigation
19,LB016,Packed Cell Volume (PCV),34,40,40,Laboratory Investigation
20,LB017,Peripheral Smear Examination,68,80,80,Laboratory Investigation
21,LB018,Smear for Malaria/Filaria Parasite,68,80,80,Laboratory Investigation
22,LB019,Bleeding Time,34,40,40,Laboratory Investigation
23,LB020,Clotting Time,34,40,40,Laboratory Investigation
24,LB021,Osmotic Fragility Test,204,240,240,Laboratory Investigation
25,LB022,Bone Marrow Smear Examination,238,280,280,Laboratory Investigation
26,LB023,Bone Marrow Smear Examination with Iron Stain,544,640,640,Laboratory Investigation
27,LB024,Bone Marrow Smear Examination and Cytochemistry,8160,9600,9600,Laboratory Investigation
28,LB025,Activated partial Thromboplastin Time (APTT),197,232,232,Laboratory Investigation
29,LB026,Rapid Test for Malaria (Card Test)/QBC Malaria Test,68,80,80,Laboratory Investigation
30,LB027,"Bleeding Disorder Panel- PT, APTT, Thrombin Time Fibrinogen, D-Dimer/
Fibrinogen Degradation Products (FDP)",544,640,640,Laboratory Investigation
31,LB028,Factor Assays-Factor VIII,1020,1200,1200,Laboratory Investigation
32,LB029,Factor Assays-Factor IX,1020,1200,1200,Laboratory Investigation
33,LB030,Platelet Function Tests,860,1012,1012,Laboratory Investigation
34,LB031,"Tests for Hypercoagulable States- Protein C, Protein S, Antithrombin",2298,2704,2704,Laboratory Investigation
35,LB032,Tests for Lupus Anticoagulant,884,1040,1040,Laboratory Investigation
36,LB033,"Tests for Antiphospholipid Antibody IgG, IgM (for Cardiolipin and B2
Glycoprotein 1)",680,800,800,Laboratory Investigation
37,LB034,Thalassemia Studies (Red Cell Indices and Hb HPLC),680,800,800,Laboratory Investigation
38,LB035,Tests for Sickling / Hb HPLC),680,800,800,Laboratory Investigation
39,LB036,Blood Group & Rh Type,61,72,72,Laboratory Investigation
40,LB037,Cross Match,136,160,160,Laboratory Investigation
41,LB038,Coomb’s Test - Direct,136,160,160,Laboratory Investigation
42,LB039,Coomb’s Test - Indirect,170,200,200,Laboratory Investigation
43,LB040,3 Cell Panel- Antibody Screening for Pregnant Female,714,840,840,Laboratory Investigation
44,LB041,11 Cells Panel for Antibody Identification,1554,1828,1828,Laboratory Investigation
45,LB042,Hepatitis B Surface Antigen (HBsAg),204,240,240,Laboratory Investigation
46,LB043,Hepatitis C Virus (HCV),340,400,400,Laboratory Investigation
47,LB044,Human Immunodeficiency Virus- HIV I and II,262,308,308,Laboratory Investigation
48,LB045,Venereal Disease Research Laboratory Test (VDRL),68,80,80,Laboratory Investigation
49,LB046,Rh Antibody Titre,204,240,240,Laboratory Investigation
50,LB047,Platelet Concentrate Test,680,800,800,Laboratory Investigation
51,LB048,Routine - H & E,371,436,436,Laboratory Investigation
52,LB049,Special Stain,136,160,160,Laboratory Investigation
53,LB050,Histopathology Examination (HPE) - Frozen Section,1020,1200,1200,Laboratory Investigation
54,LB051,Histopathology Examination (HPE) - Paraffin Section,340,400,400,Laboratory Investigation
55,LB052,Pap Smear,272,320,320,Laboratory Investigation
56,LB053,Body Fluid for Malignant cells,238,280,280,Laboratory Investigation
57,LB054,"Paroxysmal Nocturnal Haemoglobinuria (PNH) Panel- CD55, CD59",1020,1200,1200,Laboratory Investigation
58,LB055,Blood Glucose Random / Blood Glucose Fasting /Blood Glucose PP,27,32,32,Laboratory Investigation
59,LB056,"24 Hrs Urine for Proteins, Sodium, Creatinine",204,240,240,Laboratory Investigation
60,LB057,Blood Urea Nitrogen (BUN) / Urea,68,80,80,Laboratory Investigation
61,LB058,Serum Creatinine,68,80,80,Laboratory Investigation
62,LB059,Urine Bile Pigment and Salt,48,56,56,Laboratory Investigation
63,LB060,Urine Urobilinogen,48,56,56,Laboratory Investigation
64,LB061,Urine Ketones,48,56,56,Laboratory Investigation
65,LB062,Urine Occult Blood,48,56,56,Laboratory Investigation
66,LB063,Urine Total Proteins,48,56,56,Laboratory Investigation
67,LB064,Rheumatoid Factor / Rh Factor Test,510,600,600,Laboratory Investigation
68,LB065,Bence Jones Protein,68,80,80,Laboratory Investigation
69,LB066,Serum Uric Acid,102,120,120,Laboratory Investigation
70,LB067,Serum Bilirubin total & direct,102,120,120,Laboratory Investigation
71,LB068,Serum Iron,170,200,200,Laboratory Investigation
72,LB069,C-Reactive Protein (CRP),170,200,200,Laboratory Investigation
73,LB070,C-Reactive Protein (CRP) Quantitative,204,240,240,Laboratory Investigation
74,LB071,"Body Fluid (CSF/Ascitic Fluid etc.)Sugar, Protein etc.",204,240,240,Laboratory Investigation
75,LB072,Albumin,34,40,40,Laboratory Investigation
76,LB073,Creatinine Clearance,136,160,160,Laboratory Investigation
77,LB074,Serum Cholesterol,102,120,120,Laboratory Investigation
78,LB075,Total Iron Binding Capacity (TIBC),204,240,240,Laboratory Investigation
79,LB076,Glucose (Fasting & PP),54,64,64,Laboratory Investigation
80,LB077,Serum Calcium –Total,102,120,120,Laboratory Investigation
81,LB078,Serum Calcium – Ionic,408,480,480,Laboratory Investigation
82,LB079,Serum Phosphorus,102,120,120,Laboratory Investigation
83,LB080,Total Protein Albumin/Globulin Ratio (A/G Ratio),48,56,56,Laboratory Investigation
84,LB081,Immunoglobulin G (IgG),272,320,320,Laboratory Investigation
85,LB082,Immunoglobulin M(IgM),272,320,320,Laboratory Investigation
86,LB083,Immunoglobulin A(IgA),272,320,320,Laboratory Investigation
87,LB084,Antinuclear Antibody (ANA),445,524,524,Laboratory Investigation
88,LB085,Anti-double stranded DNA (anti-dsDNA),544,640,640,Laboratory Investigation
89,LB086,"Serum Glutamic Pyruvic Transaminase (SGPT) / Alanine Aminotransferase
(ALT)",68,80,80,Laboratory Investigation
90,LB087,"Serum Glutamic Oxaloacetic Transaminase (SGOT) /Aspartate Aminotransferase
(AST)",68,80,80,Laboratory Investigation
91,LB088,Serum Amylase,204,240,240,Laboratory Investigation
92,LB089,Serum Lipase,272,320,320,Laboratory Investigation
93,LB090,Serum Lactate,340,400,400,Laboratory Investigation
94,LB091,Serum Magnesium,204,240,240,Laboratory Investigation
95,LB092,Serum Sodium,82,96,96,Laboratory Investigation
96,LB093,Serum Potassium,82,96,96,Laboratory Investigation
97,LB094,Chloride,102,120,120,Laboratory Investigation
98,LB095,Serum Bicarbonate,136,160,160,Laboratory Investigation
99,LB096,Serum Ammonia,456,536,536,Laboratory Investigation
100,LB097,"Anaemia Profile (Hb, Serum Iron, TIBC, Ferritin, Transferrin Saturation, Stool
Occult Blood, CBC, Reticulocyte Count)",898,1056,1056,Laboratory Investigation
101,LB098,Serum Testosterone,272,320,320,Laboratory Investigation
102,LB099,Imprint Smear from Endoscopy,680,800,800,Laboratory Investigation
103,LB100,Triglycerides,102,120,120,Laboratory Investigation
104,LB101,Glucose Tolerance Test (GTT),204,240,240,Laboratory Investigation
105,LB102,"Triple Marker Test (AFP,HCG,UE3)",1020,1200,1200,Laboratory Investigation
106,LB103,Creatine Phosphokinase (CPK)/Creatine Kinase (CK),156,184,184,Laboratory Investigation
107,LB104,Foetal Haemoglobin (HbF),340,400,400,Laboratory Investigation
108,LB105,Prothrombin Time (PT)/ International normalized ratio (INR),170,200,200,Laboratory Investigation
109,LB106,Lactate dehydrogenase (LDH),150,176,176,Laboratory Investigation
110,LB107,Alkaline Phosphatase,102,120,120,Laboratory Investigation
111,LB108,Acid Phosphatase,102,120,120,Laboratory Investigation
112,LB109,CPK MB/CK MB,245,288,288,Laboratory Investigation
113,LB110,CK MB Mass/CPK MB Mass,245,288,288,Laboratory Investigation
114,LB111,Troponin I,476,560,560,Laboratory Investigation
115,LB112,Troponin T,476,560,560,Laboratory Investigation
116,LB113,Glucose-6-Phosphate Dehydrogenase (G6PD),204,240,240,Laboratory Investigation
117,LB114,Lithium,238,280,280,Laboratory Investigation
118,LB115,Dilantin (Phenytoin),408,480,480,Laboratory Investigation
119,LB116,Carbamazepine.,476,560,560,Laboratory Investigation
120,LB117,Cyclosporine,1700,2000,2000,Laboratory Investigation
121,LB118,Valproic acid.,408,480,480,Laboratory Investigation
122,LB119,Blood gas analysis / Arterial Blood Gas (ABG),381,448,448,Laboratory Investigation
123,LB120,Blood gas analysis / Arterial Blood Gas (ABG) with electrolytes,544,640,640,Laboratory Investigation
124,LB121,Urine Pregnancy Test(UPT),68,80,80,Laboratory Investigation
125,LB122,Glycosylated Haemoglobin (HbA1c),204,240,240,Laboratory Investigation
126,LB123,"Kidney Function Test (KFT)- (Sr.Creatinine,Blood Urea,BUN,Sr.Uric
Acid,Sr.Sodium,Sr.Potassium,Urine R/E)",340,400,400,Laboratory Investigation
127,LB124,Liver Function Test (LFT),340,400,400,Laboratory Investigation
128,LB125,"Lipid Profile (Total cholesterol ,Triglycerides, LDL, HDL,VLDL)",333,392,392,Laboratory Investigation
129,LB126,Serum Ferritin,238,280,280,Laboratory Investigation
130,LB127,Vitamin B12 Assay.,408,480,480,Laboratory Investigation
131,LB128,Folic Acid Assay.,442,520,520,Laboratory Investigation
132,LB129,"Extended Lipid Profile. (Total cholesterol, LDL,HDL, Triglycerides Apo A1,Apo
B,Lp (a) )",680,800,800,Laboratory Investigation
133,LB130,Apolipoprotein A1 (ApoA1),272,320,320,Laboratory Investigation
134,LB131,Apolipoprotein B (Apo B),272,320,320,Laboratory Investigation
135,LB132,Lipoprotein A / Lp A,272,320,320,Laboratory Investigation
136,LB133,"CD 3,4 and 8 Counts",843,992,992,Laboratory Investigation
137,LB134,"CD 3,4 and 8 Percentage",1027,1208,1208,Laboratory Investigation
138,LB135,Low Density Lipoprotein (LDL),102,120,120,Laboratory Investigation
139,LB136,Homocysteine,442,520,520,Laboratory Investigation
140,LB137,Serum Electrophoresis,476,560,560,Laboratory Investigation
141,LB138,Fibrinogen,340,400,400,Laboratory Investigation
142,LB139,Gamma-Glutamyl Transpeptidase (GGTP),102,120,120,Laboratory Investigation
143,LB140,Fructosamine,340,400,400,Laboratory Investigation
144,LB141,Beta 2 microglobulin (B2M) /β2 microglobulin,408,480,480,Laboratory Investigation
145,LB142,Prostate Specific Antigen (PSA)- Total,323,380,380,Laboratory Investigation
146,LB143,Prostate-Specific Antigen (PSA) - Free,544,640,640,Laboratory Investigation
147,LB144,Alpha Fetoprotein (AFP),374,440,440,Laboratory Investigation
148,LB145,Human Chorionic Gonadotropin (HCG)/ Beta HCG,306,360,360,Laboratory Investigation
149,LB146,Cancer Antigen 125 (CA 125),544,640,640,Laboratory Investigation
150,LB147,Cancer Antigen 19.9 (CA 19.9),544,640,640,Laboratory Investigation
151,LB148,Cancer Antigen 15.3 (CA 15.3),544,640,640,Laboratory Investigation
152,LB149,Vanillylmandelic Acid (VMA),1088,1280,1280,Laboratory Investigation
153,LB150,Calcitonin,816,960,960,Laboratory Investigation
154,LB151,Carcinoembryonic Antigen (CEA),408,480,480,Laboratory Investigation
155,LB152,Direct Immunofluorescence (Skin and Kidney Disease etc),816,960,960,Laboratory Investigation
156,LB153,Indirect (anti ds DNA Anti Smith ANCA),816,960,960,Laboratory Investigation
157,LB154,Calcidiol / 25-hydroxycholecalciferol / Vitamin D3 assay (Vit D3),680,800,800,Laboratory Investigation
158,LB155,Serum Protein electrophoresis with immunofixation electrophoresis (IFE),476,560,560,Laboratory Investigation
159,LB156,Anti-Cyclic Citrullinated Peptide (Anti CCP),612,720,720,Laboratory Investigation
160,LB157,"Anti-tissue Transglutaminase antibody (Anti TTG Antibody) / Tissue
Transglutaminase IgA (tTg-IgA)",544,640,640,Laboratory Investigation
161,LB158,Serum Erythropoietin,816,960,960,Laboratory Investigation
162,LB159,Adrenocorticotropic Hormone (ACTH),816,960,960,Laboratory Investigation
163,LB160,"T3, T4, TSH -Thyroid Function Test (TFT)",306,360,360,Laboratory Investigation
164,LB161,Thyroid stimulating hormone (TSH),136,160,160,Laboratory Investigation
165,LB162,Luteinizing hormone (LH),272,320,320,Laboratory Investigation
166,LB163,Follicle stimulating hormone (FSH),272,320,320,Laboratory Investigation
167,LB164,Prolactin,272,320,320,Laboratory Investigation
168,LB165,Cortisol,374,440,440,Laboratory Investigation
169,LB166,PTH(Parathormone),680,800,800,Laboratory Investigation
170,LB167,C-Peptide ( Connecting Peptide),510,600,600,Laboratory Investigation
171,LB168,Insulin,340,400,400,Laboratory Investigation
172,LB169,Progesterone,272,320,320,Laboratory Investigation
173,LB170,17 Hydroxyprogesterone (17 OH Progesterone),510,600,600,Laboratory Investigation
174,LB171,Dehydroepiandrosterone sulfate (DHEAS),680,800,800,Laboratory Investigation
175,LB172,Androstenedione,680,800,800,Laboratory Investigation
176,LB173,Growth Hormone,408,480,480,Laboratory Investigation
177,LB174,Thyroid peroxidase antibody (TPO),476,560,560,Laboratory Investigation
178,LB175,Thyroglobulin.,476,560,560,Laboratory Investigation
179,LB176,Hydatid Serology,558,656,656,Laboratory Investigation
180,LB177,Anti Sperm Antibodies.,612,720,720,Laboratory Investigation
181,LB178,Hepatitis B Virus (HBV) DNA Qualitative,1700,2000,2000,Laboratory Investigation
182,LB179,Hepatitis B Virus (HBV) DNA Quantitative.,2380,2800,2800,Laboratory Investigation
183,LB180,Hepatitis C Virus (HCV) RNA Qualitative.,2040,2400,2400,Laboratory Investigation
184,LB181,Human papillomavirus (HPV) Serology,1088,1280,1280,Laboratory Investigation
185,LB182,Rota Virus serology,272,320,320,Laboratory Investigation
186,LB183,Mantoux Test,136,160,160,Laboratory Investigation
187,LB184,ADA( Adenosine deaminase),442,520,520,Laboratory Investigation
188,LB185,GeneXpert Test (Tuberculosis),704,828,828,Laboratory Investigation
189,LB186,QuantiFERON TB Gold,1700,2000,2000,Laboratory Investigation
190,LB187,PCR for Tuberculosis (TB),816,960,960,Laboratory Investigation
191,LB188,PCR for Human immunodeficiency virus (HIV),1224,1440,1440,Laboratory Investigation
192,LB189,Chlamydia antigen,680,800,800,Laboratory Investigation
193,LB190,Chlamydia antibody,578,680,680,Laboratory Investigation
194,LB191,Brucella serology,306,360,360,Laboratory Investigation
195,LB192,Influenza A serology,680,800,800,Laboratory Investigation
196,LB193,Acetylcholine receptor (AChR) antibody titre,3060,3600,3600,Laboratory Investigation
197,LB194,Anti muscle specific receptor tyrosine kinase (Anti MuSK) antibody titre,4556,5360,5360,Laboratory Investigation
198,LB195,Serum Copper,442,520,520,Laboratory Investigation
199,LB196,Serum Ceruloplasmin,442,520,520,Laboratory Investigation
200,LB197,Urinary copper,571,672,672,Laboratory Investigation
201,LB198,Serum phenobarbitone level,408,480,480,Laboratory Investigation
202,LB199,Coagulation profile,510,600,600,Laboratory Investigation
203,LB200,D-Dimer,340,400,400,Laboratory Investigation
204,LB201,"CSF/Any Body Fluid for Basic studies including cell count, protein, sugar, gram
stain, India Ink preparation and smear for AFB",238,280,280,Laboratory Investigation
205,LB202,PCR for Herpes simplex,952,1120,1120,Laboratory Investigation
206,LB203,Bacterial culture and sensitivity - Aerobic,313,368,368,Laboratory Investigation
207,LB204,Bacterial culture and sensitivity - Anaerobic,476,560,560,Laboratory Investigation
208,LB205,Mycobacterial culture and sensitivity,374,440,440,Laboratory Investigation
209,LB206,Fungal culture,337,396,396,Laboratory Investigation
210,LB207,Anti measles antibody titre (with serum antibody titre),816,960,960,Laboratory Investigation
211,LB208,Viral culture,408,480,480,Laboratory Investigation
212,LB209,"Antibody titre (Herpes simplex, cytomegalovirus, flavivirus, zoster varicella
virus)",1428,1680,1680,Laboratory Investigation
213,LB210,Oligoclonal bands (OCBs),1530,1800,1800,Laboratory Investigation
214,LB211,Myelin basic protein (MBP),2380,2800,2800,Laboratory Investigation
215,LB212,Cryptococcal antigen,1020,1200,1200,Laboratory Investigation
216,LB213,D Xylose test,748,880,880,Laboratory Investigation
217,LB214,Faecal / Faecal fat test/ faecal chymotrypsin/ faecal elastase,680,800,800,Laboratory Investigation
218,LB215,H pylori serology for Coeliac disease /Celiac disease,816,960,960,Laboratory Investigation
219,LB216,HBV genotyping,1955,2300,2300,Laboratory Investigation
220,LB217,HCV genotyping,3812,4485,4485,Laboratory Investigation
221,LB218,Urinary Vanillylmandelic Acid (VMA),1486,1748,1748,Laboratory Investigation
222,LB219,Urinary metanephrine/Normetanephrine,1972,2320,2320,Laboratory Investigation
223,LB220,Urinary free catecholamine,1700,2000,2000,Laboratory Investigation
224,LB221,Serum aldosterone,1224,1440,1440,Laboratory Investigation
225,LB222,24 Hr urinary aldosterone,1020,1200,1200,Laboratory Investigation
226,LB223,Plasma renin activity,1088,1280,1280,Laboratory Investigation
227,LB224,Serum aldosterone/renin ratio,1020,1200,1200,Laboratory Investigation
228,LB225,Osmolality urine,306,360,360,Laboratory Investigation
229,LB226,Osmolality serum,306,360,360,Laboratory Investigation
230,LB227,Urinary sodium,102,120,120,Laboratory Investigation
231,LB228,Urinary Chloride,102,120,120,Laboratory Investigation
232,LB229,Urinary potassium,102,120,120,Laboratory Investigation
233,LB230,Urinary calcium,102,120,120,Laboratory Investigation
234,LB231,Thyroid binding globulin,748,880,880,Laboratory Investigation
235,LB232,24-hour urinary free cortisol,510,600,600,Laboratory Investigation
236,LB233,Islet cell antibody,816,960,960,Laboratory Investigation
237,LB234,Glutamic Acid Decarboxylase Autoantibodies test (GAD antibodies),1360,1600,1600,Laboratory Investigation
238,LB235,Insulin associated antibody,666,784,784,Laboratory Investigation
239,LB236,Insulin-like growth factor-1 (IGF-1),1496,1760,1760,Laboratory Investigation
240,LB237,Insulin-like growth factor binding protein 3 (IGF- BP3),1564,1840,1840,Laboratory Investigation
241,LB238,Sex hormone binding globulin,1047,1232,1232,Laboratory Investigation
242,LB239,Estradiol (E2),272,320,320,Laboratory Investigation
243,LB240,Thyroglobulin antibody,476,560,560,Laboratory Investigation
244,LB241,"Kappa Lambda Light Chains, Free, Serum/ Serum free light chains (SFLC)",2737,3220,3220,Laboratory Investigation
245,LB242,Serum IgE Level,258,304,304,Laboratory Investigation
246,LB243,N-terminal pro BNP (NT-pro BNP / Brain natriuretic peptide (BNP),1408,1656,1656,Laboratory Investigation
247,LB244,HCV RNA Quantitative,1255,1476,1476,Laboratory Investigation
248,LB245,Tacrolimus Level,1799,2116,2116,Laboratory Investigation
249,LB246,"Protein Creatinine Ratio (PCR), Urine / Albumin Creatinine Ratio (ACR), Urine",103,122,122,Laboratory Investigation
250,LB247,HLA B27 (PCR),391,460,460,Laboratory Investigation
251,LB248,Procalcitonin,1408,1656,1656,Laboratory Investigation
252,LB249,TORCH Test,876,1030,1030,Laboratory Investigation
253,LB250,Anti –Smooth Muscle Antibody Test (ASMA),993,1168,1168,Laboratory Investigation
254,LB251,C ANCA-IFA,1020,1200,1200,Laboratory Investigation
255,LB252,P ANCA-IFA,1020,1200,1200,Laboratory Investigation
256,LB253,Angiotensin converting enzyme (ACE),680,800,800,Laboratory Investigation
257,LB254,Extractable Nuclear Antigens (ENA) - Quantitative,3128,3680,3680,Laboratory Investigation
258,LB255,Chromogranin A,3400,4000,4000,Laboratory Investigation
259,LB256,Faecal calprotectin,1856,2184,2184,Laboratory Investigation
260,LB257,C3-COMPLEMENT,442,520,520,Laboratory Investigation
261,LB258,C4-COMPLEMENT,442,520,520,Laboratory Investigation
262,LB259,H1N1 (RT-PCR),737,867,867,Laboratory Investigation
263,LB260,Anti HEV IgM,680,800,800,Laboratory Investigation
264,LB261,Anti HAV IgM,510,600,600,Laboratory Investigation
265,LB262,HBsAg Quantitative,442,520,520,Laboratory Investigation
266,LB263,Typhidot IgM,272,320,320,Laboratory Investigation
267,LB264,Hepatitis B Core Antibody (HBcAb) Level (Hepatitis B Core IgM Antibody),326,384,384,Laboratory Investigation
268,LB265,Hepatitis B surface antibody (anti HBs),442,520,520,Laboratory Investigation
269,LB266,Free Triiodothyronine (FT3),85,100,100,Laboratory Investigation
270,LB267,Free Thyroxine (FT4),85,100,100,Laboratory Investigation
271,LB268,Widal Test,48,56,56,Laboratory Investigation
272,LB269,Dengue NS1 Ag,272,320,320,Laboratory Investigation
273,LB270,Dengue IgM and Ig G,544,640,640,Laboratory Investigation
274,LB271,Interleukin 6 (IL 6),1088,1280,1280,Laboratory Investigation
275,LB272,Covid Antibody Test,476,560,560,Laboratory Investigation
276,LB273,Cryoglobulins,680,800,800,Laboratory Investigation
277,LB274,Cytogenetics,3400,4000,4000,Laboratory Investigation
278,LB275,Plasma Free Normetanephrine,1564,1840,1840,Laboratory Investigation
279,LB276,Plasma Metanephrines,1564,1840,1840,Laboratory Investigation
280,LB277,PLA2 receptor antibody quantitative,2856,3360,3360,Laboratory Investigation
281,LB278,Allergic Bronchopulmonary Aspergillosis (ABPA) Panel,1972,2320,2320,Laboratory Investigation
282,LB279,Allergy Food Screening Panel,4080,4800,4800,Laboratory Investigation
283,LB280,AMA (Anti Mitochondrial Antibody),680,800,800,Laboratory Investigation
284,LB281,AMH (Anti- Mullerian Hormone),680,800,800,Laboratory Investigation
285,LB282,ANA BLOT,2040,2400,2400,Laboratory Investigation
286,LB283,ANA Profile,2040,2400,2400,Laboratory Investigation
287,LB284,Anti GBM (Glomerular Basement Membrane) Antibody,1020,1200,1200,Laboratory Investigation
288,LB285,Anti LKM (Liver Kidney Microsome) Ab,1020,1200,1200,Laboratory Investigation
289,LB286,Anti Parietal Cell Antibodies,1360,1600,1600,Laboratory Investigation
290,LB287,Anti Intrinsic Factor Antibodies,1360,1600,1600,Laboratory Investigation
291,LB288,ASO Titre /ASLO Titre,367,432,432,Laboratory Investigation
292,LB289,Aspergillus Fumigatus Specific IgE,1054,1240,1240,Laboratory Investigation
293,LB290,Autoimmune Encephalitis Panel,11560,13600,13600,Laboratory Investigation
294,LB291,Autoimmune Hepatitis Profile,2013,2368,2368,Laboratory Investigation
295,LB292,Beta-D-Glucan Assay,10200,12000,12000,Laboratory Investigation
296,LB293,C1 Esterase inhibitor (Quantitative ),1632,1920,1920,Laboratory Investigation
297,LB294,CMV Quantitative (Viral load) Test,1564,1840,1840,Laboratory Investigation
298,LB295,"Double Marker (Beta-hCG,PAPP-A)",1360,1600,1600,Laboratory Investigation
299,LB296,"Quadruple test (AFP,HCG,UE3,Inhibin A)",1632,1920,1920,Laboratory Investigation
300,LB297,HBeAb (Hepatitis B envelope Antibody),245,288,288,Laboratory Investigation
301,LB298,HBeAg (Hepatitis B envelope Antigen),245,288,288,Laboratory Investigation
302,LB299,HIAA 24 Hours Urinary,1564,1840,1840,Laboratory Investigation
303,LB300,HIV Viral Load by PCR,3400,4000,4000,Laboratory Investigation
304,LB301,HSV 1 & 2 IgG,558,656,656,Laboratory Investigation
305,LB302,Hypersensitive Pneumonitis Panel,4896,5760,5760,Laboratory Investigation
306,LB303,IgG4,1360,1600,1600,Laboratory Investigation
307,LB304,Inhibin A,612,720,720,Laboratory Investigation
308,LB305,Inhibin B,1292,1520,1520,Laboratory Investigation
309,LB306,Scrub Typhus IgM,1088,1280,1280,Laboratory Investigation
310,LB307,Interferon Gamma Release Assay (IGRA),2040,2400,2400,Laboratory Investigation
311,LB308,KOH Mount,102,120,120,Laboratory Investigation
312,LB309,Serum AMA M2 (IFA Method),1360,1600,1600,Laboratory Investigation
313,LB310,Serum Gastrin,816,960,960,Laboratory Investigation
314,LB311,Serum Haptoglobin Levels,680,800,800,Laboratory Investigation
315,LB312,Skin Prick Test for Allergy,1224,1440,1440,Laboratory Investigation
316,LB313,Myositis Profile (Up to 16 Antigens),5440,6400,6400,Laboratory Investigation
317,LB314,Paraneoplastic Panel,6800,8000,8000,Laboratory Investigation
318,LB315,TSH Receptor Antibody,816,960,960,Laboratory Investigation
319,LB316,Anti-Nuclear Antibodies - IFA,1088,1280,1280,Laboratory Investigation
320,LB317,Autoimmune Liver Diseases Profile,3400,4000,4000,Laboratory Investigation
321,LB318,Citrate Urine 24 Hour,782,920,920,Laboratory Investigation
322,LB319,Comprehensive Allergy Panel,4760,5600,5600,Laboratory Investigation
323,LB320,Comprehensive Myeloma Protein Panel,4760,5600,5600,Laboratory Investigation
324,LB321,DCP (DES Gamma-Carboxy- Prothrombin),2278,2680,2680,Laboratory Investigation
325,LB322,Desmoglein (DSG) 1 And 3 Antibody,3672,4320,4320,Laboratory Investigation
326,LB323,Galactomannan,2115,2488,2488,Laboratory Investigation
327,LB324,SCL 70 Antibody,1142,1344,1344,Laboratory Investigation
328,LB325,Serum Chromogranin A,2584,3040,3040,Laboratory Investigation
329,LB326,SSA- Antibody Ro Serum Test,986,1160,1160,Laboratory Investigation
330,LB327,SSB- Antibody La Serum Test,986,1160,1160,Laboratory Investigation
331,LB328,Stool for Clostridium difficile Toxin,1931,2272,2272,Laboratory Investigation
332,LB329,TPHA,272,320,320,Laboratory Investigation
333,LB330,UGT1A1 Gene Analysis,4080,4800,4800,Laboratory Investigation
334,LB331,Urine For Myoglobin,374,440,440,Laboratory Investigation
335,LB332,Leptospira Ig M,680,800,800,Laboratory Investigation
336,LB333,Chikungunya Ig M,680,800,800,Laboratory Investigation
337,LB334,Weil Felix Agglutination Test,340,400,400,Laboratory Investigation
338,LB335,Continuous Glucose Monitoring for 2 Weeks,2720,3200,3200,Laboratory Investigation
339,RI001,2D echocardiography,1003,1180,1180,General/Other
340,RI002,Fetal Echo,1088,1280,1280,General/Other
341,RI003,2D Transoesophageal Echocardiography (TEE),1122,1320,1320,General/Other
342,RI004,3D Transoesophageal Echocardiography (TEE),1122,1320,1320,General/Other
343,RI005,Stress Echo- exercise,1632,1920,1920,General/Other
344,RI006,Stress Echo- pharmacological / D Stress Echo,2040,2400,2400,General/Other
345,RI007,Stress Myocardial Perfusion Imaging (MPI)- exercise,6256,7360,7360,General/Other
346,RI008,Stress Myocardial Perfusion Imaging (MPI) - pharmacological,6256,7360,7360,General/Other
347,RI009,CT Coronary Angiography including Calcium Score Test,6256,7360,7360,General/Other
348,RI010,Cardiac CT scan,4420,5200,5200,General/Other
349,RI011,MRI Cardiac,5440,6400,6400,General/Other
350,RI012,Stress Cardiac MRI,6256,7360,7360,General/Other
351,RI013,Cardiac PET,6256,7360,7360,General/Other
352,RI014,"USG Transvaginal sonography (TVS for Follicular
monitoring /aspiration) /TVS for follicular monitoring/pelvic pathology/ET
measurement",680,800,800,General/Other
353,RI015,"Growth scan (including BPP, AFI, Doppler)",1360,1600,1600,General/Other
354,RI016,1st trimester scan-dating scan/NT scan/Early pregnancy scan,476,560,560,General/Other
355,RI017,"USG Colour Doppler Pregnancy / Fetal Doppler/Umbilical Doppler/Uterine
Vessel
Doppler",1139,1340,1340,General/Other
356,RI018,Biophysical score / Biophysical profile test (BPP test),1020,1200,1200,General/Other
357,RI019,USG Obstetrics for Anomalies scan,1360,1600,1600,General/Other
358,RI020,USG Whole Abdomen Including Pelvis and post Void urine,544,640,640,General/Other
359,RI021,"Pelvic USG (gynae, infertility, prostate , KUB with post- void residual (PVR) etc
).",340,400,400,General/Other
360,RI022,"USG Small parts (scrotum, thyroid, parathyroid etc)",524,616,616,General/Other
361,RI023,"USG Large Parts (Joints/Chest,...etc)",544,640,640,General/Other
362,RI024,USG Neonatal spine,680,800,800,General/Other
363,RI025,USG Breast including relevant Lymph nodes- Bilateral/Unilateral,544,640,640,General/Other
364,RI026,USG Hysterosalpingography (HSG),1632,1920,1920,General/Other
365,RI027,Fibroscan Liver,782,920,920,General/Other
366,RI028,Carotid Doppler Bilateral,680,800,800,General/Other
367,RI029,Arterial Colour Doppler Bilateral,680,800,800,General/Other
368,RI030,Venous Colour Doppler Bilateral,680,800,800,General/Other
369,RI031,"Colour Doppler, renal arteries/any other organ",680,800,800,General/Other
370,RI032,X Ray Abdomen AP Supine or Erect (One film),170,200,200,General/Other
371,RI033,X Ray Abdomen Lateral view (one film),143,168,168,General/Other
372,RI034,X Ray Chest PA /AP/ Oblique view (one film),156,184,184,General/Other
373,RI035,X Ray Chest Lateral (one film),156,184,184,General/Other
374,RI036,"X Ray Mastoids: Towne view, oblique views (3 films)",340,400,400,General/Other
375,RI037,"X Ray Extremities (Hand/Leg/Feet/Finger/Toe) bones & Joints (Hip/ Knee/Ankle
/ shoulder/ Wrist / fingers/Toes, etc) AP & Lateral views (standing or weight
bearing)(Two films)",258,304,304,General/Other
376,RI038,X Ray Pelvis AP (one film),136,160,160,General/Other
377,RI039,X Ray Temporomandibular (TM) Joints (one film),170,200,200,General/Other
378,RI040,X Ray Abdomen & Pelvis for KUB,160,188,188,General/Other
379,RI041,"X Ray Skull AP & Lateral (2 films)/ Extra oral radiographs - All skull views,
TMJ, Lateral oblique [Dental]",272,320,320,General/Other
380,RI042,X Ray Spine AP & Lateral (2 films),272,320,320,General/Other
381,RI043,X Ray Paranasal sinuses (PNS) view (1 film),136,160,160,General/Other
382,RI044,Barium Swallow,816,960,960,General/Other
383,RI045,Barium Upper GI study,1020,1200,1200,General/Other
384,RI046,Barium Upper GI study (Double contrast),1360,1600,1600,General/Other
385,RI047,Barium Meal follow through,1360,1600,1600,General/Other
386,RI048,Barium Enema (Single contrast/double contrast),1360,1600,1600,General/Other
387,RI049,Small bowel enteroclysis,1360,1600,1600,General/Other
388,RI050,"General:Fistulography / Sinography/Sialography/Dacrocystography/ T-Tube
cholangiogram/Nephrostogram",864,1016,1016,General/Other
389,RI051,Intravenous Pyelography (IVP),1122,1320,1320,General/Other
390,RI052,Micturating Cystourethrography (MCU),762,896,896,General/Other
391,RI053,Retrograde Urethrography (RGU),762,896,896,General/Other
392,RI054,Contrast Hystero-Salpingography (HSG),1360,1600,1600,General/Other
393,RI055,X ray Arthrography,1360,1600,1600,General/Other
394,RI056,Ortho Scanogram,1149,1352,1352,General/Other
395,RI057,Cephalography,238,280,280,General/Other
396,RI058,Myelography,1700,2000,2000,General/Other
397,RI059,Diagnostic Digital Subtraction Angiography (DSA) cerebral vessels,9112,10720,10720,General/Other
398,RI060,X Ray Mammography – Bilateral/Unilateral,935,1100,1100,General/Other
399,RI061,MRI Mammography,3400,4000,4000,General/Other
400,RI062,CT Scan Head/ Brain-Without Contrast / NCCT Head/Brain,704,828,828,General/Other
401,RI063,CT Scan Head / Brain- with Contrast -including CT angiography,1496,1760,1760,General/Other
402,RI064,CT Scan Chest - without contrast (for lungs),1360,1600,1600,General/Other
403,RI065,High Resolution computed Tomography (HRCT Chest),1360,1600,1600,General/Other
404,RI066,Contrast Enhanced Computed Tomograpy (CECT) Chest (Including CD),1955,2300,2300,General/Other
405,RI067,CT Scan Lower Abdomen (incl. Pelvis) With Contrast/ CT KUB with Contrast,3060,3600,3600,General/Other
406,RI068,"CT Scan Lower Abdomen (Incl. Pelvis) Without Contrast / CT KUB without
Contrast",2380,2800,2800,General/Other
407,RI069,CT Scan Whole Abdomen Without Contrast,2346,2760,2760,General/Other
408,RI070,CT Scan Whole Abdomen With Contrast,3519,4140,4140,General/Other
409,RI071,Triple Phase CT abdomen,3519,4140,4140,General/Other
410,RI072,CT Urography,3060,3600,3600,General/Other
411,RI073,CT Scan Angiography Chest,3519,4140,4140,General/Other
412,RI074,CT Scan Angiography Abdomen,3519,4140,4140,General/Other
413,RI075,CT Angiography Entire Aorta ( CT Aortogram),6800,8000,8000,General/Other
414,RI076,CT Scan Enteroclysis,4692,5520,5520,General/Other
415,RI077,CT Scan Neck – Without Contrast,1700,2000,2000,General/Other
416,RI078,CT Scan Neck – With Contrast,2380,2800,2800,General/Other
417,RI079,CT Angio-Neck Vessels,4080,4800,4800,General/Other
418,RI080,CT Scan Orbits - Without Contrast,1496,1760,1760,General/Other
419,RI081,CT Scan Orbits - With Contrast,2176,2560,2560,General/Other
420,RI082,CT Scan of Para Nasal Sinuses (CT PNS)- Without Contrast,1564,1840,1840,General/Other
421,RI083,CT Scan of Para Nasal Sinuses (CT PNS)- With Contrast,2244,2640,2640,General/Other
422,RI084,"CT Scan Spine (Cervical, Dorsal, Lumbar,Sacral)–without Contrast",1904,2240,2240,General/Other
423,RI085,CT Scan Temporal bone – without contrast,1700,2000,2000,General/Other
424,RI086,CT Scan / Cone Beam CT (CBCT) Dental,1020,1200,1200,General/Other
425,RI087,CT Scan Limbs -Without Contrast,1904,2240,2240,General/Other
426,RI088,CT Scan Limbs -With Contrast including CT angiography,3944,4640,4640,General/Other
427,RI089,MRI Head / Brain – Without Contrast,1870,2200,2200,General/Other
428,RI090,MRI Head / Brain– With Contrast,3400,4000,4000,General/Other
429,RI091,MRI Orbits – Without Contrast,1272,1496,1496,General/Other
430,RI092,MRI Orbits – With Contrast,3400,4000,4000,General/Other
431,RI093,MRI Nasopharynx and PNS – Without Contrast,2380,2800,2800,General/Other
432,RI094,MRI Nasopharynx and PNS – With Contrast,3400,4000,4000,General/Other
433,RI095,MR for Salivary Glands with Sialography/Maxillofacial MRI,3400,4000,4000,General/Other
434,RI096,MRI Neck - Without Contrast,2380,2800,2800,General/Other
435,RI097,MRI Neck- with contrast,3910,4600,4600,General/Other
436,RI098,MRI Shoulder – Without contrast,2380,2800,2800,General/Other
437,RI099,MRI Shoulder – With contrast,3400,4000,4000,General/Other
438,RI100,MRI shoulder both Joints - Without contrast,2720,3200,3200,General/Other
439,RI101,MRI Shoulder both joints – With contrast,4080,4800,4800,General/Other
440,RI102,MRI Wrist Single joint - Without contrast,2244,2640,2640,General/Other
441,RI103,MRI Wrist Single joint - With contrast,3400,4000,4000,General/Other
442,RI104,MRI Wrist both joints - Without contrast,2720,3200,3200,General/Other
443,RI105,MRI Wrist Both joints - With contrast,3910,4600,4600,General/Other
444,RI106,MRI knee Single joint - Without contrast,2040,2400,2400,General/Other
445,RI107,MRI knee Single joint - With contrast,3910,4600,4600,General/Other
446,RI108,MRI knee both joints - Without contrast,2720,3200,3200,General/Other
447,RI109,MRI knee both joints - With contrast,3910,4600,4600,General/Other
448,RI110,MRI Ankle Single joint - Without contrast,2380,2800,2800,General/Other
449,RI111,MRI Ankle single joint - With contrast,3400,4000,4000,General/Other
450,RI112,MRI Ankle both joints - With contrast,4420,5200,5200,General/Other
451,RI113,MRI Ankle both joints - Without contrast,2380,2800,2800,General/Other
452,RI114,MRI Hip - With contrast,3400,4000,4000,General/Other
453,RI115,MRI Hip – without contrast,2380,2800,2800,General/Other
454,RI116,MRI Pelvis – Without Contrast,2380,2800,2800,General/Other
455,RI117,MRI Pelvis – with contrast,3910,4600,4600,General/Other
456,RI118,MRI Extremities - With contrast,3910,4600,4600,General/Other
457,RI119,MRI Extremities - Without contrast,2380,2800,2800,General/Other
458,RI120,"MRI Temporomandibular – B/L - With contrast / MRI TMJ (Double Joint) with
contrast",3400,4000,4000,General/Other
459,RI121,"MRI Temporomandibular – B/L - Without contrast / MRI -TMJ(Double Joint)
without contrast",2380,2800,2800,General/Other
460,RI122,MR Temporal Bone/ Inner ear with contrast,3400,4000,4000,General/Other
461,RI123,MRI Temporal Bone/ Inner ear without contrast,2380,2800,2800,General/Other
462,RI124,MRI Abdomen – Without Contrast,2380,2800,2800,General/Other
463,RI125,MRI Abdomen – With Contrast,3910,4600,4600,General/Other
464,RI126,MRI-Prostate (Multi-parametric) (Including CD),4692,5520,5520,General/Other
465,RI127,MRI Breast - With Contrast,3400,4000,4000,General/Other
466,RI128,MRI Breast - Without Contrast,2380,2800,2800,General/Other
467,RI129,MRI whole Spine Screening- Without Contrast,1360,1600,1600,General/Other
468,RI130,MRI Chest – Without Contrast,2380,2800,2800,General/Other
469,RI131,MRI Chest – With Contrast,3400,4000,4000,General/Other
470,RI132,MRI Whole spine – Without Contrast,2992,3520,3520,General/Other
471,RI133,MRI Cervical/ Cervico Dorsal Spine – With Contrast,3400,4000,4000,General/Other
472,RI134,MRI Dorsal/ Dorso Lumbar Spine - Without Contrast,2380,2800,2800,General/Other
473,RI135,MRI Dorsal/ Dorso Lumbar Spine – With Contrast,3400,4000,4000,General/Other
474,RI136,MRI Lumbar/ Lumbo-Sacral Spine – Without Contrast,2380,2800,2800,General/Other
475,RI137,MRI Lumbar/ Lumbo-Sacral Spine – With Contrast,3910,4600,4600,General/Other
476,RI138,Whole body MRI (For oncological workup),6256,7360,7360,General/Other
477,RI139,MR cholecysto-pancreatography (MRCP),5780,6800,6800,General/Other
478,RI140,MRI Angiography - with contrast,3910,4600,4600,General/Other
479,RI141,MR Enteroclysis,3400,4000,4000,General/Other
480,RI142,MRI DEFECOGRAPHY,4760,5600,5600,General/Other
481,RI143,MRI FISTULOGRAM,3060,3600,3600,General/Other
482,RI144,MRI SPECTROSCOPY,2040,2400,2400,General/Other
483,RI145,Dexa Scan Bone Densitometry - Two sites,1360,1600,1600,General/Other
484,RI146,"Dexa Scan Bone Densitometry - Three sites (Spine, Hip &extremity)",1700,2000,2000,General/Other
485,RI147,Dexa Scan Bone Densitometry Whole body,2040,2400,2400,General/Other
486,PI001,"Pulmonary Function Test (PFT) / (Spirometry with Diffusing Capacity of the
Lungs for Carbon monoxide (DLCO)",340,400,400,General/Other
487,PI002,Lung Ventilation & Perfusion Scan (V/Q Scan),4080,4800,4800,General/Other
488,PI003,Lung Perfusion Scan,3400,4000,4000,General/Other
489,PI004,6 Minute Walk Test,340,400,400,General/Other
490,PI005,FeNO Breathing Test,490,576,576,General/Other
491,PP001,"Endo bronchial Ultrasound (EBUS) -Trans bronchial needle aspiration (TBNA) -
Excluding the cost of Needle",13600,16000,16000,General/Other
492,PP002,Video Bronchoscopy with BAL,7480,8800,8800,General/Other
493,NM001,Whole Body Bone Scan with SPECT.,3400,4000,4000,General/Other
494,NM002,Three phase whole body Bone Scan,4080,4800,4800,General/Other
495,NM003,Brain Perfusion SPECT Scan with Technetium 99m radiopharmaceuticals.,9112,10720,10720,General/Other
496,NM004,Radionuclide Cisternography for CSF leak,4624,5440,5440,General/Other
497,NM005,"Renal Cortical Scintigraphy with Technetium 99m Dimercaptosuccinic acid
(DMSA)/DTPA",2720,3200,3200,General/Other
498,NM006,Dynamic Renography.,2720,3200,3200,General/Other
499,NM007,Dynamic Renography with Diuretic.,2720,3200,3200,General/Other
500,NM008,Dynamic Renography with Captopril,4624,5440,5440,General/Other
501,NM009,Testicular Scan with Technetium 99m Pertechnetate,1156,1360,1360,General/Other
502,NM010,Thyroid Uptake measurements with 131-Iodine.,1700,2000,2000,General/Other
503,NM011,Thyroid Scan with Technetium 99m Pertechnetate,1292,1520,1520,General/Other
504,NM012,Iodine-131 Whole Body Scan,9112,10720,10720,General/Other
505,NM013,Whole Body Scan with MIBG,9112,10720,10720,General/Other
506,NM014,Parathyroid Scan,4974,5852,5852,General/Other
507,NM015,Scintimammography.,4080,4800,4800,General/Other
508,NM016,Indium labelled octreotide Scan,48960,57600,57600,General/Other
509,NM017,FDG Whole body PET CT Scan,9775,11500,11500,General/Other
510,NM018,Brain / Heart FDG PET CT Scan,9775,11500,11500,General/Other
511,NM019,Gallium-68 Peptide PET / CT imaging for Neuroendocrine Tumour,9775,11500,11500,General/Other
512,NM020,PSMA PET CT Scan,10200,12000,12000,General/Other
513,NM021,F-DOPA PET-CT scan,10200,12000,12000,General/Other
514,BY001,Skin Biopsy,850,1000,1000,General/Other
515,BY002,Punch/Wedge biopsy,2040,2400,2400,General/Other
516,BY003,Excision Biopsy of Ulcers,3400,4000,4000,General/Other
517,BY004,Excision Biopsy of Superficial Lumps,6256,7360,7360,General/Other
518,BY005,Incision Biopsy of Growths/Ulcers,3400,4000,4000,General/Other
519,BY006,Bone Marrow Aspiration and Biopsy,5780,6800,6800,General/Other
520,BY007,Scalene Node Biopsy,6256,7360,7360,General/Other
521,BY008,Liver Biopsy,5780,6800,6800,General/Other
522,BY009,Muscle Biopsy,1700,2000,2000,General/Other
523,BY010,Trucut Needle Biopsy- (excluding the cost of Needle/Biopsy Gun if used),2618,3080,3080,General/Other
524,RP001,USG Guided Intervention- Diagnostic,680,800,800,General/Other
525,RP002,USG Guided Intervention -Therapeutic,1360,1600,1600,General/Other
526,RP003,"USG Guided Intervention - Specialized Procedures excluding cost of Catheter or
biopsy gun",2040,2400,2400,General/Other
527,RP004,CT Guided biopsy including all the consumables,6256,7360,7360,General/Other
528,RP005,"CT Guided Intervention -Percutaneous catheter drainage/tube placement
excluding the cost of tube /catheter",2380,2800,2800,General/Other
529,RP006,Percutaneous transhepatic cholangiography (PTC),1224,1440,1440,General/Other
530,RP007,Transarterial Chemoembolization (TACE),36040,42400,42400,General/Other
531,CA001,"A, B, DR Molecular Typing PCR - SSP",7014,8252,8252,General/Other
532,CA002,"ABL Kinase Domain Mutation for Chronic Myeloid leukemia (TKI Resistance,
Imatinib Resistance",5508,6480,6480,General/Other
533,CA003,"ABL Kinase Domain Mutation for Ph Positive Acute Lymphoblastic leukemia
(TKI Resistance, I",5508,6480,6480,General/Other
534,CA004,Acute Leukemia karyotyping,3771,4436,4436,General/Other
535,CA005,"Acute Leukemia mutation detection (per gene)ASXL1 /c-KIT/DNMT3A/ IDH1
and IDH2 /K RAS and N RAS mutation detection",3665,4312,4312,General/Other
536,CA006,Acute Leukemia RUNX1 mutation detection,3665,4312,4312,General/Other
537,CA007,Acute Leukemia TET2 mutation detection,15654,18416,18416,General/Other
538,CA008,Acute Leukemia TP53 mutation detection,15654,18416,18416,General/Other
539,CA009,Acute Lymphoblastic leukemia karyotyping,3771,4436,4436,General/Other
540,CA010,Acute Lymphoblastic Leukemia Mutation Detection,7507,8832,8832,General/Other
541,CA011,Acute Lymphoblastic Leukemia Transcript Identification,2054,2416,2416,General/Other
542,CA012,Acute Myeloid Leukemia (AML) Panel,9092,10696,10696,General/Other
543,CA013,ALK -1,3189,3752,3752,General/Other
544,CA014,ALK rearrangement: 2p23,3189,3752,3752,General/Other
545,CA015,B-cell Acute Lymphoblastic Leukemia (B-ALL) Panel,7868,9256,9256,General/Other
546,CA016,BCL3 rearrangement 19q13.3 / BCL6 rearrangement: 3q27,2370,2788,2788,General/Other
547,CA017,BCOR alteration,4114,4840,4840,General/Other
548,CA018,"BCR/ABL (Ph) duplication, trisomy 8, trisomy 21, TP53 deletion",4145,4876,4876,General/Other
549,CA019,BCR/ABL Ph: t(9;22),2370,2788,2788,General/Other
550,CA020,BCR-ABL by PCR-Quantitative,2720,3200,3200,General/Other
551,CA021,BRAF,6120,7200,7200,General/Other
552,CA022,BRCA1 & BRCA2,13600,16000,16000,General/Other
553,CA023,"C3d Single Allele Antibody for HLA Class I (C3dLSA Class I) /C3d Single
Allele Antibody for HLA Class II (C3dLSA Class II)",11900,14000,14000,General/Other
554,CA024,CAN ASSIST,34000,40000,40000,General/Other
555,CA025,CCND1/IgH: t(11;14),3189,3752,3752,General/Other
556,CA026,CD 19 and CD 20,1020,1200,1200,General/Other
557,CA027,Cell line karyotyping,7548,8880,8880,General/Other
558,CA028,Chimerism Analysis,1047,1232,1232,General/Other
559,CA029,Chromosomal breakage (fragility) studies in Fanconi's Anemia/Aplastic Anemia,3771,4436,4436,General/Other
560,CA030,Chronic Lymphocytic Leukemia (CLL) Panel,7868,9256,9256,General/Other
561,CA031,"Chronic Lymphocytic Leukemia Comprehensive Mutation Profile (IGVH Gene
Mutation & Usage, T",22658,26656,26656,General/Other
562,CA032,Chronic Lymphocytic Leukemia IGVH Mutation Detection,4318,5080,5080,General/Other
563,CA033,Chronic Lymphoproliferative disorder IGVH Mutation Detection,4318,5080,5080,General/Other
564,CA034,Chronic Lymphoproliferative disorder NOTCH1 mutation / NOTCH2 mutation,3665,4312,4312,General/Other
565,CA035,Chronic Lymphoproliferative disorder SF3B1 mutation,3665,4312,4312,General/Other
566,CA036,Chronic Lymphoproliferative disorder TP53 mutation,15654,18416,18416,General/Other
567,CA037,CLINICAL EXOME SEQUENCING,10200,12000,12000,General/Other
568,CA038,CLL PANEL FISH,6800,8000,8000,General/Other
569,CA039,CML Blast Crisis karyotyping,3771,4436,4436,General/Other
570,CA040,Combined High Sensitivity JAK2 V617F and Exon12 Mutation Detection,4644,5464,5464,General/Other
571,CA041,Comprehensive Molecular Testing,13138,15456,15456,General/Other
572,CA042,"Comprehensive Next Generation sequencing assay for Hematolymphoid
malignancies",18360,21600,21600,General/Other
573,CA043,Constitutional karyotyping,3771,4436,4436,General/Other
574,CA044,Custom Sequencing Assay,7507,8832,8832,General/Other
575,CA045,DICER1 Mutation,2638,3104,3104,General/Other
576,CA046,Donor Specific Antibodies (DSA),5440,6400,6400,General/Other
577,CA047,EGFR Mutation DETECTION,6460,7600,7600,General/Other
578,CA048,EGFR Resistance Mutation (T790m Mutation Analysis),5440,6400,6400,General/Other
579,CA049,ER PR Her2 Neu,2142,2520,2520,General/Other
580,CA050,"ER/PR/Her2neu, Ki67",3400,4000,4000,General/Other
581,CA051,Extended Immune subset for Post Allogenic Stem Cell Transplant Monitoring,3400,4000,4000,General/Other
582,CA052,Factor V Leiden Mutation Detection,4488,5280,5280,General/Other
583,CA053,FISH for 1p33/TAL1 deletion,3386,3984,3984,General/Other
584,CA054,FISH FOR HER2 Neu,6800,8000,8000,General/Other
585,CA055,FISH for t(10;11)(p12;q14)/MLLT10(AF10)/PICALM,3386,3984,3984,General/Other
586,CA056,FISH for t(11;19)(q23;p13.1)/KMT2A/ELL,3386,3984,3984,General/Other
587,CA057,FISH for t(5;11)(q35;p15.5) NUP98/NSD1,3386,3984,3984,General/Other
588,CA058,FISH for t(6;14)(p21;q32) IGH/CCND3,3386,3984,3984,General/Other
589,CA059,FISH on Bone marrow Smear( 1 marker),2370,2788,2788,General/Other
590,CA060,FISH on bone marrow smear( 2 markers),3723,4380,4380,General/Other
591,CA061,FISH on FFPE - Block /Slide (2 markers),3237,3808,3808,General/Other
592,CA062,FISH PANEL FOR MYELOMA,9520,11200,11200,General/Other
593,CA063,FISH Test for C19MC amplification,8670,10200,10200,General/Other
594,CA064,FISH test for CDKN2A,5066,5960,5960,General/Other
595,CA065,FISH test for CEN 10 loss - on Tissue,2822,3320,3320,General/Other
596,CA066,FISH test for ETV6 break-apart analysis - On Tissue,4740,5576,5576,General/Other
597,CA067,FISH test for MAML2 break-apart analysis - On Tissue,4869,5728,5728,General/Other
598,CA068,Fluorescent PCR + fragment length analysis per Amplicon,238,280,280,General/Other
599,CA069,GeneCORE Somatic 161 Gene Panel (NGS),20400,24000,24000,General/Other
600,CA070,Hairy Cell Leukemia Mutation (BRAF V600E) Detection,2373,2792,2792,General/Other
601,CA071,Hematolymphoid Malignancy At Diagnosis- Cancer Cytogenetics Testing,11638,13692,13692,General/Other
602,CA072,Hematolymphoid Malignancy Follow-up- Cancer Cytogenetics Testing,10200,12000,12000,General/Other
603,CA073,Hereditary Cancer Panel,8160,9600,9600,General/Other
604,CA074,High Sensitivity JAK2 Mutation Detection (V617F),3135,3688,3688,General/Other
605,CA075,Histone Mutation Detection Assay,6307,7420,7420,General/Other
606,CA076,"HLA C, DQB Molecular Typing PCR - SSP",5012,5896,5896,General/Other
607,CA077,HLA Disease Association Next Generation Sequencing HLA-A/B/DRB1/G,3196,3760,3760,General/Other
608,CA078,HLA Disease Association Sequence based Typing HLA A/B/DRB1,3264,3840,3840,General/Other
609,CA079,"HLA Drug Hypersensitivity Next Generation Sequencing HLA-A/B/DRB1 HLA-
A/B/DRB1/G",3196,3760,3760,General/Other
610,CA080,HLA Drug Hypersensitivity Typing HLA-A/B/DRB1,3264,3840,3840,General/Other
611,CA081,HLA Loss Chimerism,8160,9600,9600,General/Other
612,CA082,"HLA-A, B, C, DRB1, DQB1, DPB1 (Sequence Based Typing - SBT)",10200,12000,12000,General/Other
613,CA083,"HLA-A, B, DRB1 (Sequence Based Typing - SBT)",6800,8000,8000,General/Other
614,CA084,"HLA-A, B, DRB1(Sequence Specific Oligonucleotide - SSO)",5304,6240,6240,General/Other
615,CA085,"HLA-C, DQB1(Sequence Specific Oligonucleotide - SSO)",3536,4160,4160,General/Other
616,CA086,HRR Gene Test,21080,24800,24800,General/Other
617,CA087,"IGH Characterization IGH/CCND1:t(11;14), IGH/BCL2:t(14;18),BCL6(3q27),
MYC(8q24) (4markers",3604,4240,4240,General/Other
618,CA088,IgH/BCL2 :t(14;18),3189,3752,3752,General/Other
619,CA089,IGHV Gene Mutation,5100,6000,6000,General/Other
620,CA090,Interphase FISH test for Chr. 1 copy number variations,7276,8560,8560,General/Other
621,CA091,IRFA/DUSP22 gene rearrangement by FISH,10594,12464,12464,General/Other
622,CA092,JAK2 Exon 12 Mutation Detection,3135,3688,3688,General/Other
623,CA093,"JAK2V617 MUTATION, WITH REFLEX TO JAK2 EX-12,CALR EX-9
MUTATION AND MPL W515, S505 MUTATION",7820,9200,9200,General/Other
624,CA094,KI67,884,1040,1040,General/Other
625,CA095,KIR Typing,3944,4640,4640,General/Other
626,CA096,KMT2A Characterization for AML,5369,6316,6316,General/Other
627,CA097,KMT2A Characterization for B-ALL,4145,4876,4876,General/Other
628,CA098,KRAS + NRAS + BRAF + Mutation Profile,9384,11040,11040,General/Other
629,CA099,"Lineage specific Chimerism - B Cell, T Cell and NK Cells",4896,5760,5760,General/Other
630,CA100,Liquid Biopsy (Onco),20400,24000,24000,General/Other
631,CA101,Lung Basic Panel By NGS,20400,24000,24000,General/Other
632,CA102,Lymphoma Panel,4740,5576,5576,General/Other
633,CA103,"Lymphoplasmacytic Leukemia / Waldenstroms Macroglobulinemia Mutation
(MYD88 L265P) Detection",2373,2792,2792,General/Other
634,CA104,MDS Panel,4740,5576,5576,General/Other
635,CA105,MECOM (EVI1) rearrangement: inv(3)(q21.3q26.2)/t(3;3),3189,3752,3752,General/Other
636,CA106,MGMT PCR,5535,6512,6512,General/Other
637,CA107,Miscellaneous Profile I(1 marker),2370,2788,2788,General/Other
638,CA108,Miscellaneous profile II(2 markers),3723,4380,4380,General/Other
639,CA109,MLPA per gene,2720,3200,3200,General/Other
640,CA110,Monosomy 5/deletion 5q,2370,2788,2788,General/Other
641,CA111,Monosomy 7/deletion 7q,2370,2788,2788,General/Other
642,CA112,MPN (Myelo Proliferative Neoplasm)PANEL,8160,9600,9600,General/Other
643,CA113,MSI ( Micro Satellite Instability) and MMR (Mis Match Repair),4420,5200,5200,General/Other
644,CA114,Multigene NGS Germline Panel,12240,14400,14400,General/Other
645,CA115,Multiple Myeloma (MM) Panel,10112,11896,11896,General/Other
646,CA116,Multiple Myeloma High Risk Markers (4 Markers),3604,4240,4240,General/Other
647,CA117,Multiple Myeloma Screening Panel,5440,6400,6400,General/Other
648,CA118,MYD88 L265 Mutation Detection Test,4597,5408,5408,General/Other
649,CA119,Myelodysplastic Syndromes karyotyping,3771,4436,4436,General/Other
650,CA120,"Next generation RNA sequencing assay for Chimeric Trancript in
Hematolymphod malignancies",11560,13600,13600,General/Other
651,CA121,"Next Generation sequencing assay for Minimal residual disease(MRD) for NPM
mutated AML",18360,21600,21600,General/Other
652,CA122,NGS HLA Typing,6800,8000,8000,General/Other
653,CA123,NGS Platform-extended Panel >50 gene,24480,28800,28800,General/Other
654,CA124,NGS Platform-limited Panel(10 Genes),12240,14400,14400,General/Other
655,CA125,NRAS (Neuroblastoma RAS ) Gene,2380,2800,2800,General/Other
656,CA126,Panel Reactive Antibodies (PRA) class I,2040,2400,2400,General/Other
657,CA127,Panel Reactive Antibodies (PRA) class II,2040,2400,2400,General/Other
658,CA128,PCR + Sanger Sequencing per Amplicon,578,680,680,General/Other
659,CA129,"PDGFRA (4q12), PDGFRB (5q33), FGFR1 (8p11.2) rearrangement",4145,4876,4876,General/Other
660,CA130,PDGFRA rearrangement: 4q12,3189,3752,3752,General/Other
661,CA131,PDGFRB rearrangement: 5q33,3189,3752,3752,General/Other
662,CA132,PDL 1,3400,4000,4000,General/Other
663,CA133,PDL-1-28-8 (FDA Approved),5100,6000,6000,General/Other
664,CA134,Ph: t(9;22) karyotyping,2689,3164,3164,General/Other
665,CA135,Ph-like ALL Panel (4 Markers),3604,4240,4240,General/Other
666,CA136,PIK3CA GENE MUTATION,3672,4320,4320,General/Other
667,CA137,PIK3CA Mutation Testing,3876,4560,4560,General/Other
668,CA138,Ploidy analysis,2689,3164,3164,General/Other
669,CA139,"PML-RARA t(15;17), variants",3560,4188,4188,General/Other
670,CA140,PRA Screen,2040,2400,2400,General/Other
671,CA141,PTPRT: Deletion 20q,3189,3752,3752,General/Other
672,CA142,RARA Variant - ZBTB16 / RARA : t(11;17) (1 marker),2060,2424,2424,General/Other
673,CA143,RHOA Mutation Detection Assay,4740,5576,5576,General/Other
674,CA144,ROS 1,6610,7776,7776,General/Other
675,CA145,RQ PCR based assay for MRD monitoring of Acute Leukaemia,6460,7600,7600,General/Other
676,CA146,RQ-PCR BCR-ABL (P210),7453,8768,8768,General/Other
677,CA147,RQ-PCR PML-RARA,7453,8768,8768,General/Other
678,CA148,"RT-PCR Multiplex, Acute Leukaemia Panel",4964,5840,5840,General/Other
679,CA149,"RT-PCR Multiplex, BCR-ABL (P190, P210)",4318,5080,5080,General/Other
680,CA150,"RT-PCR Nested, IGH Chain Gene Rearrangement /TCR Gene Rearrangement",3135,3688,3688,General/Other
681,CA151,Single Antigen Class I,8840,10400,10400,General/Other
682,CA152,Single Antigen Class II,8840,10400,10400,General/Other
683,CA153,Slide / Images for Second Opinion- Cancer Cytogenetics,626,736,736,General/Other
684,CA154,STR Panel studies,3026,3560,3560,General/Other
685,CA155,Surface Marker Complete Panel,8272,9732,9732,General/Other
686,CA156,Surface Marker Individual,1292,1520,1520,General/Other
687,CA157,"t(1;22) and Trisomy 21 in Acute Megakaryoblastic Leukemia (AML -M7) (2
Markers)",3237,3808,3808,General/Other
688,CA158,T-cell Acute Lymphoblastic Leukemia (T-ALL) Panel,10316,12136,12136,General/Other
689,CA159,TCR-A rearrangement: 14q11,3189,3752,3752,General/Other
690,CA160,TERT Promoter Mutation Assay,3947,4644,4644,General/Other
691,CA161,TFE-3 FISH,8214,9664,9664,General/Other
692,CA162,TPMT (Thiopurine Methyl Transferase) Genotyping,3468,4080,4080,General/Other
693,CA163,Trisomy 12,1649,1940,1940,General/Other
694,CA164,Trisomy 21,1649,1940,1940,General/Other
695,CA165,"Trisomy 4, 10 & 17",2370,2788,2788,General/Other
696,CA166,Trisomy 8,1649,1940,1940,General/Other
697,CA167,V Beta Repertoire Analysis by Flow Cytometry for T-Cell Clonality,8272,9732,9732,General/Other
698,CA168,"XX/XY (Chimerism Studies) in Sex mismatch Bone Marrow Transplantation
(BMT)",1649,1940,1940,General/Other
699,CT001,Single drug Chemotherapy,1156,1360,1360,General/Other
700,CT002,Multiple drugs Chemotherapy/Targeted therapy/Immunotherapy,1564,1840,1840,General/Other
701,CT003,Neoadjuvant Chemotherapy,1836,2160,2160,General/Other
702,CT004,Adjuvant Chemotherapy,1496,1760,1760,General/Other
703,CT005,Concurrent-chemoradiation,1292,1520,1520,General/Other
704,CT006,Intravesical Instillation of BCG excluding the cost of BCG,2040,2400,2400,General/Other
705,RT001,"Level 1- Brachytherapy
(Eye Plaque or SIVA or CVS per insertion or application)",4760,5600,6440,General/Other
706,RT002,"Level 2- Brachytherapy
(Simple ICA with Xray based 2D planning, ILRT, Endobilliary BCT)",6800,8000,9200,General/Other
707,RT003,"Level 3- Brachytherapy
(Surface Mould, Radical Interstitial BCT, Intraoperative Template or interstitial
brachytherapy catheter insertion)",17000,20000,23000,General/Other
708,RT004,Level 4- Brachytherapy (ICA with CT based Planning),20400,24000,27600,General/Other
709,RT005,"Level 5- Brachytherapy
(Complex ICA with interstitial with CT or MR based planning)",27200,32000,36800,General/Other
710,RT006,Level 1- Radiation Therapy (1-10 fractions on Cobalt),10200,12000,13800,General/Other
711,RT007,"Level 2- Radiation Therapy
(More than 10 fractions on Cobalt OR Upto 10 fractions on LA clinical (without
CT or TPS planning) without IGRT OR Hemibody palliative RT (1-2 fractions
weekly))",19040,22400,25760,General/Other
712,RT008,"Level 3- Radiation Therapy
(LA 3D with conventional fractionation of 2-5 Gy OR Weekly hypofractionation
of >5 Gy with 3D CRT plan in 1-2 fractions. No IGRT allowed.)",34000,40000,46000,General/Other
713,RT009,"Level 4- Radiation therapy
(LA 3D with IGRT conventional fractionation of 2- 5 Gy OR Weekly
hypofractionation >5 Gy with 3D CRT plan in 1-2 fractions. with IGRT)",42840,50400,57960,General/Other
714,RT010,"Level 5- Radiation Therapy
(LA IMRT/ Rapid Arc/VMAT with < 5Gy per fraction and <10 IGRT (CBCT or
MVCT or EPID) OR Cobalt Radical with LA boost including electron boost OR
TSET OR TBI)",102000,120000,138000,General/Other
715,RT011,"Level 6- Radiation Therapy
(LA 4D/DE or DIBH with 3D CRT/ IMRT/ Rapid Arc/VMAT with >10 IGRT
(CBCT or MVCT or EPID) OR LA IMRT/ Rapid Arc/VMAT with <5Gy per
fraction and
>10 IGRT (CBCT or MVCT or EPID) OR Adaptive RT OR CSI OR Multisite
treatment outside one FOV or one plan OR SBRT OR SRS OR SRT (per fraction
dose >5Gy))",122400,144000,165600,General/Other
716,IT001,Radiosynovectomy with Yttrium,17000,20000,23000,General/Other
717,IT002,131-Iodine Therapy 51-100mCi,9738,11456,13174,General/Other
718,IT003,131-Iodine Therapy >100mCi,13447,15820,18193,General/Other
719,IT004,Samarium-153 therapy for metastatic bone pain palliation,13634,16040,18446,General/Other
720,IT005,131-Iodine Therapy <15mCi,5039,5928,6817,General/Other
721,IT006,131-Iodine Therapy 15-50mCi,7589,8928,10267,General/Other
722,IT007,Phosphorus-32 therapy for metastatic bone pain palliation,9632,11332,13032,General/Other
723,PT001,Cervical Traction (per session),204,240,240,General/Other
724,PT002,Lumbar Traction (per session),204,240,240,General/Other
725,PT003,"Exercises /Post Natal Exercises/Prenatal Exercises/Therapeutic
Exercises/Orthopaedic Rehabilitation (Joint Replacement/Post Surgery)/Hand
Rehab (per session)",204,240,240,General/Other
726,PT004,"Chest Physiotherapy/ Breathing Exercise &Postural Drainage per Session/Post
Covid Rehabilitation /Pulmonary Rehabilitation/Cardiac Rehabilitation (per
session)",204,240,240,General/Other
727,PT005,"Ultra Sonic Therapy /Short Wave Diathermy / Microwave/ Long Wave Diathermy
/Infrared/IFT) (per session)",204,240,240,General/Other
728,PT006,Electrical Muscle Stimulation/Cryotherapy/TENS (per session),272,320,320,General/Other
729,PT007,Hot Pack / Cold Pack/Wax Bath/Moist Heat (per session),204,240,240,General/Other
730,PT008,"Shock Wave Therapy/Matrix Rhythm Therapy/Laser/ PEMF -Pulse Electro
Magnetic Therapy (per session)",272,320,320,General/Other
731,PT009,Gait Assessment (per session),408,480,480,General/Other
732,PT010,Gait Training (per session),204,240,240,General/Other
733,PT011,Tilt Training/Neuro-Rehab Basic (per session),204,240,240,General/Other
734,PT012,Neuro Rehabilitation Advanced (per session),544,640,640,General/Other
735,PT013,Paediatric Rehabilitation (per session),204,240,240,General/Other
736,BT001,Speech Therapy per session of at least 40 minutes,272,320,320,General/Other
737,BT002,Occupational Therapy per session of at least 40 minutes,272,320,320,General/Other
738,BT003,"Applied Behaviour Analysis based behaviour therapy (ABA based Behaviour
therapy) per session of at least 40 minutes",272,320,320,General/Other
739,BT004,Special education per session of at least 40 minutes,272,320,320,General/Other
740,BT005,Biofeedback per session,2040,2400,2400,General/Other
741,DI001,Intraoral Periapical (IOPA) Radiograph X-ray/RVG(Single Film),136,160,160,General/Other
742,DI002,Intraoral Occlusal/Bite Wing X-Ray,204,240,240,General/Other
743,DI003,Digital OPG with X ray film/ CD,340,400,400,General/Other
744,DI004,Biopsy of Oral tissue- Soft,816,960,960,General/Other
745,DI005,"Biopsy of Oral tissue - Hard (bone, tooth)",1360,1600,1600,General/Other
746,DP001,Abscess - Drainage-Dental,1020,1200,1200,General/Other
747,DP002,Scaling,680,800,800,General/Other
748,DP003,Curettage and Root Planning - Per Tooth,238,280,280,General/Other
749,DP004,Curettage and Root Planning - Per Arch,1360,1600,1600,General/Other
750,DP005,Gingivoplasty - Per Quadrant,680,800,800,General/Other
751,DP006,Gingivectomy - Per Quadrant,816,960,960,General/Other
752,DP007,Flap Surgery- Per Tooth,306,360,360,General/Other
753,DP008,Flap Surgery- Per Quadrant,1360,1600,1600,General/Other
754,DP009,Flap Surgery and Bone Graft per quadrant,2040,2400,2400,General/Other
755,DP010,Extraction - Normal Tooth,272,320,320,General/Other
756,DP011,Complicated Extraction per tooth under LA,544,640,640,General/Other
757,DP012,Extraction Impacted - Soft tissue/ 3rd Molar/wisdom tooth extraction,1360,1600,1600,General/Other
758,DP013,"Multiple Extraction and Treatment Procedures for Special Children, Patients with
Systemic Diseases, Patient with Special Needs Which Requires Admission and
Treatment Under GA",4080,4800,4800,General/Other
759,DP014,Extraction - Orthodontic Extraction,510,600,600,General/Other
760,DP015,Operculectomy- Pericoronal flap excision,1360,1600,1600,General/Other
761,DP016,Extraction Impacted – Bony,3400,4000,4000,General/Other
762,DP017,Alveoloplasty - Per Tooth,204,240,240,General/Other
763,DP018,Alveoloplasty - Per Quadrant,816,960,960,General/Other
764,DP019,Frenectomy,1700,2000,2000,General/Other
765,DP020,Excision of hyperplastic tissue - per arch,816,960,960,General/Other
766,DP021,Surgical Augmentation/Alveolectomy per Arch,2380,2800,2800,General/Other
767,DP022,Bone replacement graft for ridge preservation - per site,1360,1600,1600,General/Other
768,DP023,"Minor oral surgery, cyst, granuloma, residual infection, mucocele, epulis under
LA",1360,1600,1600,General/Other
769,DP024,Application of Desensitizing Medicament,340,400,400,General/Other
770,DP025,Fluoride Application for Children,680,800,800,General/Other
771,DP026,Temporary restoration,102,120,120,General/Other
772,DP027,Glass ionomer Cement Restoration,408,480,480,General/Other
773,DP028,Composite - Occlusal Pit/Class I,340,400,400,General/Other
774,DP029,"Composite -Class I with buccal extension/Class II Class III/Class IV/Class
VI/Diastema Closure/MOD",680,800,800,General/Other
775,DP030,RCT-Single Rooted tooth,1360,1600,1600,General/Other
776,DP031,RCT Multiple root and/ canal tooth,2040,2400,2400,General/Other
777,DP032,Re-RCT - Anterior,1700,2000,2000,General/Other
778,DP033,Re-RCT - Posterior,2040,2400,2400,General/Other
779,DP034,Medication -intracanal medicament (only lesion cases),340,400,400,General/Other
780,DP035,Apicectomy-Single tooth,1360,1600,1600,General/Other
781,DP036,Apicectomy-Multiple tooth,2040,2400,2400,General/Other
782,DP037,Apexification with any bio-compatible material,1360,1600,1600,General/Other
783,DP038,Root end resection and Retro grade filling,2040,2400,2400,General/Other
784,DP039,Surgical - Apicectomy/ Periapical surgery without bone grafting,476,560,560,General/Other
785,DP040,"Tissue Conditioning, Maxillary/Mandibular",204,240,240,General/Other
786,DP041,Core build-up/ Post and Core - Custom made /Inlay/onlay,1020,1200,1200,General/Other
787,DP042,Crown lengthening - Per Tooth,340,400,400,General/Other
788,DP043,Crown - PMMA Crown,680,800,800,General/Other
789,DP044,Crown - All Metal-Nickel Free,1360,1600,1600,General/Other
790,DP045,Crown - Metal with Ceramic Facing,2040,2400,2400,General/Other
791,DP046,Crown - Recementation,408,480,480,General/Other
792,DP047,Crown - Removal,340,400,400,General/Other
793,DP048,Odontoplasty/Enameloplasty,340,400,400,General/Other
794,DP049,Pulpectomy (Anterior Tooth),1360,1600,1600,General/Other
795,DP050,Pulpectomy (Posterior Tooth),2040,2400,2400,General/Other
796,DP051,Pulpotomy,680,800,800,General/Other
797,DP052,Veneer - Ceramic paediatric,2040,2400,2400,General/Other
798,DP053,Interceptive Orthodontic Treatment of the Primary Dentition/Transition Dentition,4760,5600,5600,General/Other
799,DP054,Limited Orthodontic Treatment of the Primary Dentition,3400,4000,4000,General/Other
800,DP055,Occlusion Analysis/Adjustment/Occlusal Equilibration,340,400,400,General/Other
801,DP056,Tooth Splinting -General,1020,1200,1200,General/Other
802,DP057,Splinting - Periodontally weak teeth,1224,1440,1440,General/Other
803,DP058,Night Guard,1360,1600,1600,General/Other
804,DP059,Bridge/ Fixed Partial denture (per missing/ extracted tooth) metal crown,1360,1600,1600,General/Other
805,DP060,"Bridge/ Fixed Partial denture (per missing/ extracted tooth) metal crown with
Ceramic facing",2040,2400,2400,General/Other
806,DP061,Removable Partial Denture - Flexible Per Arch,5100,6000,6000,General/Other
807,DP062,Removable Partial Denture - Cast Metal Up to 3 Teeth,2720,3200,3200,General/Other
808,DP063,Removable Partial Denture - Cast Metal (additional Per tooth),204,240,240,General/Other
809,DP064,Removable Partial Denture - Acrylic Up to 3 teeth,1360,1600,1600,General/Other
810,DP065,Removable Partial Denture - Tooth Addition (per tooth),204,240,240,General/Other
811,DP066,Add Clasp to existing Partial Denture,340,400,400,General/Other
812,DP067,Add Tooth to existing Partial Denture,272,320,320,General/Other
813,DP068,Tooth Supported Overdenture Per Arch,5100,6000,6000,General/Other
814,DP069,Complete Denture - Per Arch,6800,8000,8000,General/Other
815,DP070,Removable orthodontic appliance / Post Orthodontic R O A -per arch,1700,2000,2000,General/Other
816,DP071,Fixed orthodontic per arch,10200,12000,12000,General/Other
817,DP072,Space Maintainers - Fixed,2720,3200,3200,General/Other
818,DP073,Minor Treatment to Control Habits-Removable Appliance Therapy,1700,2000,2000,General/Other
819,DP074,Minor Treatment to Control Habits-Fixed Appliance Therapy,2720,3200,3200,General/Other
820,DP075,Functional orthodontic appliance,4080,4800,4800,General/Other
821,DP076,Feeding appliance for Cleft Palate,3400,4000,4000,General/Other
822,DP077,Expansion plate,4420,5200,5200,General/Other
823,DP078,"Maxillofacial Prosthesis -Sal/auricular/orbital/Nasal/Palatal/facial lost/ Speech
Aid",4760,5600,5600,General/Other
824,DP079,Obturator Prosthesis - Surgical/Definitive/Modification,3400,4000,4000,General/Other
825,DP080,"Removal of - Lateral Exostosis/Torus Mandibularis/Torus Palatines/Surgical
reduction of Osseous Tuberosity",2040,2400,2400,General/Other
826,DP081,Sialolithotomy/Sialodocotomy/ Closure of Salivary Fistula,1360,1600,1600,General/Other
827,DP082,Excision of Salivary gland,10200,12000,12000,General/Other
828,DP083,Release of fibrous bands & grafting in (OSMF) treatment under GA,13600,16000,16000,General/Other
829,DP084,Facial Space Abscess,3400,4000,4000,General/Other
830,DP085,Partial Ostectomy / sequestrectomy for removal of non-vital bone,1360,1600,1600,General/Other
831,DP086,Alveolus – Closed Reduction stabilization of Teeth,2720,3200,3200,General/Other
832,DP087,Alveolus – Open Reduction stabilization of Teeth,4080,4800,4800,General/Other
833,DP088,Arch bar fixation,3400,4000,4000,General/Other
834,DP089,Oroantral Fistula closure,3400,4000,4000,General/Other
835,DP090,"Osseous, Osteoperiosteal, or Cartilage graft of the Mandible or Maxilla -
autogenous or non-autogenous bone graft",2040,2400,2400,General/Other
836,DP091,Osteoplasty - for Orthognathic deformities/ Mandibular Rami/ Body of Mandible,20400,24000,24000,General/Other
837,DP092,Maxilla - Closed Reduction,4080,4800,4800,General/Other
838,DP093,Maxilla - Open Reduction,6800,8000,8000,General/Other
839,DP094,Mandible - Closed Reduction,4080,4800,4800,General/Other
840,DP095,Mandible – Open Reduction,6800,8000,8000,General/Other
841,DP096,"Cyst of Maxilla/mandible by enucleation/excision/marsupialization upto 4 cms
under LA",3400,4000,4000,General/Other
842,DP097,"Cyst of Maxilla/mandible by enucleation/excision/marsupialization more than 4
cms under LA",4080,4800,4800,General/Other
843,DP098,"Cyst of Maxilla/mandible by enucleation/excision/marsupialization more than 4
cms under GA and admission",17000,20000,20000,General/Other
844,DP099,Temporomandibular(TM) joint ankylosis- under GA/Open /Closed Reduction,13600,16000,16000,General/Other
845,DP100,Segmental / Hemi Mandibulectomy with graft,17000,20000,20000,General/Other
846,DP101,Segmental /Hemi Mandibulectomy without graft,13600,16000,16000,General/Other
847,DP102,Sub-Total mandibulectomy with graft,23800,28000,28000,General/Other
848,DP103,Sub-Total mandibulectomy without graft,20400,24000,24000,General/Other
849,DP104,Maxillectomy/Mandibulectomy- Total with graft,23800,28000,28000,General/Other
850,DP105,Maxillectomy/Mandibulectomy- Total without graft,20400,24000,24000,General/Other
851,DP106,Maxillectomy- partial with graft,17000,20000,20000,General/Other
852,DP107,Maxillectomy- partial without graft,13600,16000,16000,General/Other
853,DP108,Malar and/or Zygomatic arch - Closed Reduction,4080,4800,4800,General/Other
854,DP109,Malar and/or Zygomatic arch - Open Reduction,6800,8000,8000,General/Other
855,DP110,Distraction osteogenesis of mandible or maxilla under GA,20400,24000,24000,General/Other
856,DP111,Facial bones - Complicated Reduction with fixation,30600,36000,36000,General/Other
857,OI001,Refraction with auto refraction - Both Eyes,136,160,160,General/Other
858,OI002,Indirect Ophthalmoscopy (Fundoscopy) - Both Eyes,204,240,240,General/Other
859,OI003,Orthoptic check-up- with synoptophore- Both Eyes,136,160,160,General/Other
860,OI004,Lees’ charting or Hess’ charting- Both Eyes,204,240,240,General/Other
861,OI005,Perimetry (Visual Field Testing) -Goldman- Both Eyes,340,400,400,General/Other
862,OI006,Perimetry /Humphrey Visual Field (HVF ) test- Automated- Both Eyes,544,640,640,General/Other
863,OI007,Fluorescein angiography for fundus or iris- Both Eyes,1360,1600,1600,General/Other
864,OI008,Indocyanine green angiography - Both Eyes,1360,1600,1600,General/Other
865,OI009,"Ultrasound A- Scan/optical biometry[lenstar, IOL master] - Both Eyes",680,800,800,General/Other
866,OI010,Ultrasound B- Scan - Both Eyes,340,400,400,General/Other
867,OI011,Fundus Photo Test /disc photo for glaucoma- Both Eyes,340,400,400,General/Other
868,OI012,Corneal endothelial cell count with specular microscopy- Both Eyes,408,480,480,General/Other
869,OI013,Corneal topography /pentacam- Both Eyes,1360,1600,1600,General/Other
870,OI014,Corneal pachymetry (corneal thickness)/ CCT - Both Eyes,360,424,424,General/Other
871,OI015,OCT (Optical Coherence Tomography) /Ocular OCT Angiography - Both Eyes,1428,1680,1680,General/Other
872,OI016,UBM- Ultrasound bio microscopy- Both Eyes,680,800,800,General/Other
873,OI017,Non Contact tonometry (NCT) - Both Eyes,102,120,120,General/Other
874,OI018,IOP measurement with Schiotz - Both Eyes,68,80,80,General/Other
875,OI019,IOP measurement with applanation tonometry - Both Eyes,136,160,160,General/Other
876,OI020,Diurnal variation of IOP - Both Eyes,1020,1200,1200,General/Other
877,OI021,90 D lens examination/Three mirror examination for retina - Both Eyes,102,120,120,General/Other
878,OI022,Gonioscopy- Both Eyes,204,240,240,General/Other
879,OI023,EOG- electrooculogram - Both Eyes,1408,1656,1656,General/Other
880,OI024,ERG- Electroretinogram- Both Eyes,1224,1440,1440,General/Other
881,OI025,VEP- visually evoked potential - Both Eyes,1224,1440,1440,General/Other
882,OI026,X Ray orbit -Bilateral,238,280,280,General/Other
883,OI027,Dacryocystography - Bilateral,1360,1600,1600,General/Other
884,OI028,Orbital Angiographical Studies - Bilateral,3400,4000,4000,General/Other
885,OI029,Neostigmine test - Both Eyes,3400,4000,4000,General/Other
886,OI030,Lipi View One Eye,612,720,720,General/Other
887,OI031,Lipi View Both Eyes,1020,1200,1200,General/Other
888,OI032,Schirmer Test,204,240,240,General/Other
889,OI033,Vitreous biopsy per eye,3400,4000,4000,General/Other
890,OP001,Subconjunctival/sub-tenon’s injections in one eye,340,400,400,General/Other
891,OP002,Subconjunctival/sub-tenon’s injections in both eyes,544,640,640,General/Other
892,OP003,Pterygium surgery with auto conjunctival graft per eye,9112,10720,10720,General/Other
893,OP004,Conjunctival Peritomy per eye,1020,1200,1200,General/Other
894,OP005,Conjunctival wound repair or exploration following blunt trauma per eye,5780,6800,6800,General/Other
895,OP006,Removal of corneal foreign body,272,320,320,General/Other
896,OP007,Cauterization of ulcer/subconjunctival injection in one eye,340,400,400,General/Other
897,OP008,Cauterization of ulcer/subconjunctival injection in both eyes,544,640,640,General/Other
898,OP009,Corneal grafting—Penetrating keratoplasty per eye,13600,16000,16000,General/Other
899,OP010,Bandage contact lenses for corneal perforation/PED per eye,1360,1600,1600,General/Other
900,OP011,Scleral grafting or conjunctival flap for corneal perforation per eye,5780,6800,6800,General/Other
901,OP012,Keratoconus correction with therapeutic contact lenses - Both Eyes,5780,6800,6800,General/Other
902,OP013,"Ultraviolet (UV) radiation for cross-linking for keratoconus /C3R/KXL - Both
Eyes",13600,16000,16000,General/Other
903,OP014,EDTA for band shaped keratopathy - Both Eyes,2040,2400,2400,General/Other
904,OP015,Arcuate keratotomy for astigmatism /Limbal Relaxing Incision - Both Eyes,4624,5440,5440,General/Other
905,OP016,Re-suturing (Primary suturing) of corneal wound per eye,3400,4000,4000,General/Other
906,OP017,Penetrating keratoplasty with glaucoma surgery per eye,23800,28000,28000,General/Other
907,OP018,Penetrating keratoplasty with vitrectomy per eye,23800,28000,28000,General/Other
908,OP019,Penetrating keratoplasty with IOL implantation per eye,23800,28000,28000,General/Other
909,OP020,DALK- Deep anterior lamellar keratoplasty per eye,29240,34400,34400,General/Other
910,OP021,Keratoprosthesis stage I and II per eye,29240,34400,34400,General/Other
911,OP022,"DSAEK Descemet’s stripping automated endothelial keratoplasty/DMEK-
Descemet membrane endothelial keratoplasty per eye",29240,34400,34400,General/Other
912,OP023,ALTK- Automated lamellar therapeutic keratoplasty per eye,29240,34400,34400,General/Other
913,OP024,Bleb repair with conjunctival autograft per eye,10200,12000,12000,General/Other
914,OP025,Bleb compression sutures per eye,4760,5600,5600,General/Other
915,OP026,Bleb needling with MMC/5-FU per eye,5440,6400,6400,General/Other
916,OP027,Probing and Syringing of lacrimal sac- in one eye,680,800,800,General/Other
917,OP028,Probing and Syringing of lacrimal sac- in both eye,1020,1200,1200,General/Other
918,OP029,Dacryocystorhinostomy-Plain,9112,10720,10720,General/Other
919,OP030,"Dacryocystorhinostomy-Plain with intubation and/or with lacrimal implants
excluding the cost of implant per eye",13600,16000,16000,General/Other
920,OP031,"Dacryocystorhinostomy-conjunctival with implant excluding the cost of implant
per eye",13600,16000,16000,General/Other
921,OP032,Canaliculoplasty per eye,3597,4232,4232,General/Other
922,OP033,Dacryocystectomy per eye,6256,7360,7360,General/Other
923,OP034,Punctal plugs for dry eyes - Both Eyes,306,360,360,General/Other
924,OP035,Chalazion incision and curettage in one eye,1360,1600,1600,General/Other
925,OP036,Chalazion incision and curettage in both eyes,2040,2400,2400,General/Other
926,OP037,"Ptosis surgery with Fasanella-Servat procedure /Ptosis surgery with LPS resection
one lid Ptosis surgery with Sling surgery one lid",13600,16000,16000,General/Other
927,OP038,Ectropion surgery- one lid,5780,6800,6800,General/Other
928,OP039,Ectropion surgery- both lids,9112,10720,10720,General/Other
929,OP040,Epicanthus correction - Both Eyes,5780,6800,6800,General/Other
930,OP041,Cantholysis and canthotomy- Both Eyes,2380,2800,2800,General/Other
931,OP042,Entropion surgery- one lid,5780,6800,6800,General/Other
932,OP043,Entropion surgery- both lids,9112,10720,10720,General/Other
933,OP044,Tarsorrhaphy- Both Eyes,2040,2400,2400,General/Other
934,OP045,Suturing of lid lacerations- Both Eyes,3400,4000,4000,General/Other
935,OP046,Lid retraction repair per eye,5780,6800,6800,General/Other
936,OP047,Concretions removal- Both Eyes,340,400,400,General/Other
937,OP048,Bucket handle procedure for lid tumours per eye (for non-malignant conditions),9112,10720,10720,General/Other
938,OP049,Eyelid reconstruction with flap one eye,13600,16000,16000,General/Other
939,OP050,Eyelid reconstruction with flap both eyes,17000,20000,20000,General/Other
940,OP051,Cheek rotation flap for lid tumours per eye (for non-malignant conditions),13600,16000,16000,General/Other
941,OP052,Orbitotomy per eye,18700,22000,22000,General/Other
942,OP053,Enucleation per eye (for non-malignant conditions),9112,10720,10720,General/Other
943,OP054,"Enucleation with orbital implants and artificial (Cost of implants included) per
eye",13600,16000,16000,General/Other
944,OP055,Evisceration per eye,9112,10720,10720,General/Other
945,OP056,"Evisceration with orbital implants and artificial (Cost of implants included)
prosthesis per eye",13600,16000,16000,General/Other
946,OP057,Telecanthus correction- Both Eyes,9112,10720,10720,General/Other
947,OP058,Orbital decompression /with incision or excision biopsy per eye,23800,28000,28000,General/Other
948,OP059,Exenteration per eye,13600,16000,16000,General/Other
949,OP060,Exenteration with skin grafting per eye,23800,28000,28000,General/Other
950,OP061,Fracture orbital repair per eye,23800,28000,28000,General/Other
951,OP062,"Retinal laser procedures -green laser for PRP, retinal tears, ROP, endolaser per
eye",2380,2800,2800,General/Other
952,OP063,Retinal detachment surgery (RDS) per eye,18700,22000,22000,General/Other
953,OP064,Retinal detachment surgery (RDS) with scleral buckling per eye,23800,28000,28000,General/Other
954,OP065,Buckle removal per eye,5780,6800,6800,General/Other
955,OP066,Silicone oil removal per eye,6256,7360,7360,General/Other
956,OP067,Anterior retinal cryopexy per eye,3400,4000,4000,General/Other
957,OP068,Squint correction for one eye,9112,10720,10720,General/Other
958,OP069,Squint correction for both eyes,13600,16000,16000,General/Other
959,OP070,Trabeculectomy per eye,13600,16000,16000,General/Other
960,OP071,Trabeculotomy /kahook dual blade goniotomy excluding blade cost per eye,13600,16000,16000,General/Other
961,OP072,Trabeculectomy with Trabeculotomy- Both Eyes,23800,28000,28000,General/Other
962,OP073,Microincisional trabeculectomy(MIT) per eye,17000,20000,20000,General/Other
963,OP074,Surgical posterior capsulotomy one eye,6800,8000,8000,General/Other
964,OP075,Goniotomy per eye,3400,4000,4000,General/Other
965,OP076,Glaucoma surgery with Glaucoma valves (Cost of Valve extra) per eye,13600,16000,16000,General/Other
966,OP077,Cost of the Glaucoma valve/Glaucoma Ahmed valve per eye,15000,15000,15000,General/Other
967,OP078,AC wash per eye,3400,4000,4000,General/Other
968,OP079,Endocyclophotocoagulation per eye,12240,14400,14400,General/Other
969,OP080,Cyclocryotherapy /Trans scleral cyclophotocoagulation TSCPC per eye,3400,4000,4000,General/Other
970,OP081,"YAG Laser iridotomy / Hyaloidotomy/Laser suture lysis post trabeculectomy per
eye",3400,4000,4000,General/Other
971,OP082,YAG Laser capsulotomy per eye,3400,4000,4000,General/Other
972,OP083,ALT-Argon laser trabeculoplasty per eye,3400,4000,4000,General/Other
973,OP084,TTT- Transpupillary thermal therapy per eye,5780,6800,6800,General/Other
974,OP085,PTK- Phototherapeutic keratectomy /PRK for keratoconus per eye,9112,10720,10720,General/Other
975,OP086,Argon/diode laser for retinal detachment per eye,5780,6800,6800,General/Other
976,OP087,"Intralase application for keratoconus /CAIRS Corneal allogenic intrastromal ring
segments per eye excluding the cost of the rings",13600,16000,16000,General/Other
977,OP088,Vitrectomy- pars plana including Fluid air exchange (per eye),23800,28000,28000,General/Other
978,OP089,"Vitrectomy +membrane peeling +fluid air exchange+endolaser+ gas/silicon oil
tamponade per eye",27200,32000,32000,General/Other
979,OP090,"Macular hole surgery- Vitrectomy +membrane peeling + ILM peeling+ fluid air
exchange+endolaser+ gas/silicon oil tamponade per eye",27880,32800,32800,General/Other
980,OP091,Vitrectomy +phaco fragmentation/ IOL drop +/- secondary IOL per eye,17000,20000,20000,General/Other
981,OP092,Anterior vitrectomy per eye,5440,6400,6400,General/Other
982,OP093,Membranectomy one eye,8160,9600,9600,General/Other
983,OP094,Membranectomy both eyes,10200,12000,12000,General/Other
984,OP095,Intravitreal injections of antibiotics excluding the cost of the antibiotic per eye,3400,4000,4000,General/Other
985,OP096,"Intravitreal Injection of drugs (Ranibizumab/ Aflibercept etc) excluding the cost
of the drug per eye",3400,4000,4000,General/Other
986,OP097,"Intravitreal Insertion of Drug Implant excluding cost of the Drug Implant
(Ozurdex,...etc) per eye",4080,4800,4800,General/Other
987,OP098,"Extracapsular cataract extraction (ECCE) with IOL excluding the cost of IOL per
eye",9112,10720,10720,General/Other
988,OP099,"Small Incision Cataract Surgery (SICS) with IOL excluding the cost of IOL per
eye",9112,10720,10720,General/Other
989,OP100,"Phaco with foldable IOL (silicone and acrylic)/PMMA IOL / MICS surgery
excluding the cost of IOL per eye",11560,13600,13600,General/Other
990,OP101,Pars plana lensectomy with/without IOL excluding the cost of IOL per eye,11560,13600,13600,General/Other
991,OP102,"Secondary IOL implantation- AC IOL PC IOL or scleral fixated IOL excluding
the cost of IOL per eye",13600,16000,16000,General/Other
992,OP103,"Cataract extraction with IOL with capsular tension rings (Cionni’s ring)(cost of
the ring included) excluding the cost of IOL per eye",23800,28000,28000,General/Other
993,OP104,"Paediatric cataract surgery +parsplana capsulotomy + anterior vitrectomy
excluding the cost of IOL - one eye",13600,16000,16000,General/Other
994,OP105,"Paediatric cataract surgery +parsplana capsulotomy + anterior vitrectomy
excluding the cost of IOL - Both Eyes",17000,20000,20000,General/Other
995,OP106,IOL exchange [excluding IOL cost] per eye,6800,8000,8000,General/Other
996,OP107,IOL reposition per eye,4080,4800,4800,General/Other
997,OP108,IOL explantation per eye,5440,6400,6400,General/Other
998,OP109,Iridodialysis repair or pupillary reconstruction /Cyclodialysis repair per eye,9112,10720,10720,General/Other
999,OP110,Iris cyst removal /synechiolysis/surgical iridectomy per eye,3400,4000,4000,General/Other
1000,OP111,Lid Abscess incision and Drainage per eye,3400,4000,4000,General/Other
1001,OP112,Orbital Abscess incision and Drainage per eye,5780,6800,6800,General/Other
1002,OP113,"Excision Biopsy of lid, conjunctiva, cornea per eye",6256,7360,7360,General/Other
1003,OP114,Paracentesis (eye) per eye,3400,4000,4000,General/Other
1004,OP115,Scleral graft for scleral melting or perforation per eye,9112,10720,10720,General/Other
1005,OP116,Amniotic membrane grafting /symblepharon release with AMG per eye,9112,10720,10720,General/Other
1006,OP117,Intraocular foreign body removal per eye,5780,6800,6800,General/Other
1007,OP118,Electrolysis (eye) - Both Eyes,680,800,800,General/Other
1008,OP119,Perforating injury repair (eye) per eye,9112,10720,10720,General/Other
1009,OP120,"Botulinum injection for blepharospasm or squint /epiphora/entropion/lid retraction
(excluding cost of drug) per eye",3400,4000,4000,General/Other
1010,OP121,"C3F8 GAS Injection intravitreal for descemetopexy/retinopexy/pneumatopexy
(per eye)",3400,4000,4000,General/Other
1011,OP122,Silicone Oil injection (per eye),3400,4000,4000,General/Other
1012,OP123,Epiretinal Membrane (ERM) Peeling (per eye),4760,5600,5600,General/Other
1013,OP124,Epiretinal Membrane (ERM) Removal (per eye),2040,2400,2400,General/Other
1014,OP125,Internal limiting membrane (ILM) peeling (per eye),2040,2400,2400,General/Other
1015,OP126,Punctoplasty (per eye),4420,5200,5200,General/Other
1016,OP127,Punctal plug(Collagen/silicone) per eye,2720,3200,3200,General/Other
1017,OP128,Laser Trabeculoplasty Gonioplasty - Both Eyes,10880,12800,12800,General/Other
1018,OP129,Eye laser pulse therapy /Lipiflow/IPL [Intense pulse light] per eye,2380,2800,2800,General/Other
1019,OP130,Malyugin Ring /pupil dilator/iris expander per eye,6800,8000,8000,General/Other
1020,OP131,Globe exploration per eye,6800,8000,8000,General/Other
1021,OP132,Scleral Fixation Tissue glue /fibrin glue per eye,5712,6720,6720,General/Other
1022,OP133,PFCL Injection Per Eye Including Cost of The Drug,1856,2184,2184,General/Other
1023,OP134,Methylprednisolone Injection IV Infusion per day Excluding the cost of the drug,1700,2000,2000,General/Other
1024,OP135,Retinoblastoma[RB] EUA both eyes,2040,2400,2400,General/Other
1025,OP136,"RB intravitreal/intravenous/subtenons chemotherapy affected eye excluding the
cost of the chemotherapy drug",2380,2800,2800,General/Other
1026,OP137,RB TTT/ Cryotherapy affected eye,3060,3600,3600,General/Other
1027,OP138,Plaque brachytherapy-surface affected eye,10200,12000,12000,General/Other
1028,OP139,Plaque brachytherapy-intraocular affected eye,13600,16000,16000,General/Other
1029,OP140,Simple limbal stem cell transplant SLET per eye,13600,16000,16000,General/Other
1030,OP141,Mucous membrane grafting MMG one eyelid,13600,16000,16000,General/Other
1031,OP142,Mucous membrane grafting MMG two eyelids,17000,20000,20000,General/Other
1032,OP143,iStent Inject per eye including the cost of consumables and implant,54400,64000,64000,General/Other
1033,OP144,Orthoptic exercises per session,170,200,200,General/Other
1034,OP145,Pleoptic exercises per session,170,200,200,General/Other
1035,EI001,Impedance with stapedial reflex / Impedance Audiometry,408,480,480,General/Other
1036,EI002,Pure Tone Audiogram / Pure Tone Audiometry / PTA,306,360,360,General/Other
1037,EI003,Short Increment Sensitivity Index (SISI) Tone Decay,272,320,320,General/Other
1038,EI004,Speech Assessment,272,320,320,General/Other
1039,EI005,Speech Discrimination Score,272,320,320,General/Other
1040,EI006,Multiple hearing assessment test to Adults,272,320,320,General/Other
1041,EI007,BERA (Brain stem evoked response audiometry),1700,2000,2000,General/Other
1042,EI008,OAE (Otoacoustic Emission Test),857,1008,1008,General/Other
1043,EI009,Hearing Aid Trail,136,160,160,General/Other
1044,EI010,Vestibular Evoked Myogenic Potential (VEMP),1870,2200,2200,General/Other
1045,EI011,Cold Calorie Test for Vestibular function,408,480,480,General/Other
1046,EI012,Electronystagmography (ENG),1020,1200,1200,General/Other
1047,EI013,Videonystagmography(VNG),1700,2000,2000,General/Other
1048,EI014,Video Laryngoscopy,4080,4800,4800,General/Other
1049,EI015,Videostroboscopy,3740,4400,4400,General/Other
1050,EI016,Fibreoptic examination of Larynx (FOL) under LA,3400,4000,4000,General/Other
1051,EI017,Fibro optic Nasal Endoscopy,1564,1840,1840,General/Other
1052,EP001,Removal of foreign body From Nose,476,560,560,General/Other
1053,EP002,Removal of foreign body From Ear/otoscopy diagnostic or therapeutic,476,560,560,General/Other
1054,EP003,Syringing (Ear),340,400,400,General/Other
1055,EP004,Polyp removal under LA (Larynx),3400,4000,4000,General/Other
1056,EP005,Polyp removal under GA (Larynx),6256,7360,7360,General/Other
1057,EP006,Peritonsillar abscess Drainage under LA,5780,6800,6800,General/Other
1058,EP007,Myringoplasty,18700,22000,22000,General/Other
1059,EP008,Stapedectomy,18700,22000,22000,General/Other
1060,EP009,Myringotomy with Grommet Insertion,9112,10720,10720,General/Other
1061,EP010,Tympanotomy,18700,22000,22000,General/Other
1062,EP011,Tympanoplasty,23800,28000,28000,General/Other
1063,EP012,Mastoidectomy,23800,28000,28000,General/Other
1064,EP013,Otoplasty,23800,28000,28000,General/Other
1065,EP014,Labyrinthectomy,23800,28000,28000,General/Other
1066,EP015,Skull Base Surgery,36040,42400,42400,General/Other
1067,EP016,Facial Nerve Decompression,29240,34400,34400,General/Other
1068,EP017,Septoplasty,18700,22000,22000,General/Other
1069,EP018,Submucous Resection,9112,10720,10720,General/Other
1070,EP019,Septo-Rhinoplasty,29240,34400,34400,General/Other
1071,EP020,Rhinoplasty- Non-cosmetic,23800,28000,28000,General/Other
1072,EP021,Fracture Reduction of Nasal Bone,9112,10720,10720,General/Other
1073,EP022,Intra Nasal Diathermy,4080,4800,4800,General/Other
1074,EP023,Turbinectomy,9112,10720,10720,General/Other
1075,EP024,Endoscopic Dacryocystorhinostomy (DCR),23800,28000,28000,General/Other
1076,EP025,Endoscopic Surgery (ENT),23800,28000,28000,General/Other
1077,EP026,Septal Perforation Repair,18700,22000,22000,General/Other
1078,EP027,Antrum Puncture,2040,2400,2400,General/Other
1079,EP028,Lateral Rhinotomy,13600,16000,16000,General/Other
1080,EP029,Cranio-Facial resection,29240,34400,34400,General/Other
1081,EP030,Angiofibroma Excision,29240,34400,34400,General/Other
1082,EP031,Endoscopic Hypophysectomy,36040,42400,42400,General/Other
1083,EP032,Endoscopic Optic Nerve Decompression,36040,42400,42400,General/Other
1084,EP033,Tonsillectomy,18700,22000,22000,General/Other
1085,EP034,Uvulo-palatoplasty,23800,28000,28000,General/Other
1086,EP035,Functional Endoscopic Sinus Surgery (FESS) for Antrochoanal polyp,23800,28000,28000,General/Other
1087,EP036,Functional Endoscopic Sinus Surgery (FESS) for Ethmoidal polyp,23800,28000,28000,General/Other
1088,EP037,Polyp removal ear,3400,4000,4000,General/Other
1089,EP038,Polyp removal Nose (Septal polyp),5780,6800,6800,General/Other
1090,EP039,"Mastoidectomy plus Ossiculoplasty including TORP (Total Ossicular
Replacement Prosthesis) or PORP (Partial Ossicular Replacement Prosthesis)",23800,28000,28000,General/Other
1091,EP040,Endolymphatic sac decompression,29240,34400,34400,General/Other
1092,EP041,Diagnostic endoscopy under GA,3400,4000,4000,General/Other
1093,EP042,Young's operation for Atrophic rhinitis,13600,16000,16000,General/Other
1094,EP043,Vidian neurectomy for vasomotor Rhinitis,18700,22000,22000,General/Other
1095,EP044,Nasal Packing-anterior,1700,2000,2000,General/Other
1096,EP045,Nasal Packing-Posterior,2040,2400,2400,General/Other
1097,EP046,Ranula Excision,13600,16000,16000,General/Other
1098,EP047,Tongue Tie excision,5780,6800,6800,General/Other
1099,EP048,Sub Mandibular Duct Lithotomy,4624,5440,5440,General/Other
1100,EP049,Adenoidectomy,13600,16000,16000,General/Other
1101,EP050,Palatopharyngoplasty,23800,28000,28000,General/Other
1102,EP051,Pharyngoplasty,29240,34400,34400,General/Other
1103,EP052,Styloidectomy,13600,16000,16000,General/Other
1104,EP053,Direct Laryngoscopy including Biopsy under GA,9112,10720,10720,General/Other
1105,EP054,Oesophagoscopy with foreign body removal from Oesophagus,9112,10720,10720,General/Other
1106,EP055,Bronchoscopy with foreign body (FB) removal,9112,10720,10720,General/Other
1107,EP056,Ear Lobe Repair one side,2720,3200,3200,General/Other
1108,EP057,Excision of Pinna for non-cancerous Growth/Injuries - Skin Only,6256,7360,7360,General/Other
1109,EP058,Excision of Pinna for non-cancerous/ Injuries - Skin and Cartilage,9112,10720,10720,General/Other
1110,EP059,Partial Amputation of Pinna,9112,10720,10720,General/Other
1111,EP060,Total Amputation of Pinna,13600,16000,16000,General/Other
1112,EP061,Total Amputation & Excision of External Auditory Meatus,13600,16000,16000,General/Other
1113,EP062,Excision of Cystic Hygroma,13600,16000,16000,General/Other
1114,EP063,Excision of Cystic Hygroma Extensive,18700,22000,22000,General/Other
1115,EP064,Excision of Branchial Cyst,18700,22000,22000,General/Other
1116,EP065,Excision of Branchial Sinus,18700,22000,22000,General/Other
1117,EP066,Excision of Pharyngeal Diverticulum,18700,22000,22000,General/Other
1118,EP067,Excision of Carotid Body / Carotid Body Tumours,29240,34400,34400,General/Other
1119,EP068,Operation for Cervical Rib,23800,28000,28000,General/Other
1120,EP069,Estlander Operation (Estlander flap in plastic surgery of lips),23800,28000,28000,General/Other
1121,EP070,Abbe Operation (Abbe flap in plastic surgery of lips),18700,22000,22000,General/Other
1122,EP071,Cheek Advancement,23800,28000,28000,General/Other
1123,EP072,Excision of the Maxilla,29240,34400,34400,General/Other
1124,EP073,Excision of mandible-segmental,23800,28000,28000,General/Other
1125,EP074,Parotidectomy - Superficial,23800,28000,28000,General/Other
1126,EP075,Parotidectomy - Total,29240,34400,34400,General/Other
1127,EP076,Repair of Parotid Duct,18700,22000,22000,General/Other
1128,EP077,Removal of Submandibular Salivary gland,18700,22000,22000,General/Other
1129,EP078,Hemithyroidectomy,23800,28000,28000,General/Other
1130,EP079,Partial Thyroidectomy (lobectomy),23800,28000,28000,General/Other
1131,EP080,Subtotal Thyroidectomy,29240,34400,34400,General/Other
1132,EP081,Total Thyroidectomy,36040,42400,42400,General/Other
1133,EP082,Resection Enucleation of thyroid Adenoma,18700,22000,22000,General/Other
1134,EP083,Excision of Lingual Thyroid,23800,28000,28000,General/Other
1135,EP084,Excision of Thyroglossal Cyst/Duct/Fistula,23800,28000,28000,General/Other
1136,EP085,Laryngectomy,36040,42400,42400,General/Other
1137,EP086,Hyoid Suspension,18700,22000,22000,General/Other
1138,EP087,Genioplasty,23800,28000,28000,General/Other
1139,EP088,Phonosurgery,18700,22000,22000,General/Other
1140,EP089,Microlaryngeal Surgery,18700,22000,22000,General/Other
1141,EP090,Laryngofissure,29240,34400,34400,General/Other
1142,EP091,Tracheal Stenosis Excision,29240,34400,34400,General/Other
1143,EP092,Tracheostomy,9112,10720,10720,General/Other
1144,CC001,"ICU/CCU/PICU/MICU/HDU (For all categories of ward entitlement, inclusive of
Room Rent)",5400,5400,5400,General/Other
1145,CC002,Compressed Air / Piped Oxygen per hour,68,80,80,General/Other
1146,CC003,Ventilator charges (Per day) inclusive of associated disposables,2040,2400,2400,General/Other
1147,CC004,Non invasive Ventilator charges (Per day)( inclusive of associated disposables),408,480,480,General/Other
1148,CC005,Pneupac Ventilator in Nursery (Per day),1768,2080,2080,General/Other
1149,CC006,Incubator charges (Per day),1020,1200,1200,General/Other
1150,CC007,Neonatal ICU charges (Per day) inclusive of incubator,5400,5400,5400,General/Other
1151,CC008,Exchange Transfusion,2380,2800,2800,General/Other
1152,CC009,Phototherapy per session (up to 6 Hours),272,320,320,General/Other
1153,CC010,Resuscitation/CPR/Intubation,1020,1200,1200,General/Other
1154,CC011,PICC line (peripherally inserted Central Cannulisation),3400,4000,4000,General/Other
1155,CC012,Nebulization Per Session,34,40,40,General/Other
1156,CC013,PICC Line Removal,680,800,800,General/Other
1157,CC014,Ryles Tube Insertion,612,720,720,General/Other
1158,BC001,Blood Component Charges - Whole Blood per Unit,1550,1550,1550,General/Other
1159,BC002,Blood Component Charges - Packed Red Cell per Unit,1550,1550,1550,General/Other
1160,BC003,Blood Component Charges - Fresh Frozen Plasma,400,400,400,General/Other
1161,BC004,Platelet Concentrate- Random Donor Platelet (RDP),400,400,400,General/Other
1162,BC005,Blood Component Charges - Cryoprecipitate,250,250,250,General/Other
1163,BC006,Platelet Concentrate – Single Donor Platelet (SDP)- Apheresis per unit,11000,11000,11000,General/Other
1164,GP001,Dressings of wounds,204,240,240,General/Other
1165,GP002,Aspiration Pleural Effusion - Diagnostic,476,560,560,General/Other
1166,GP003,Aspiration Pleural Effusion - Therapeutic,476,560,560,General/Other
1167,GP004,"Abdominal / Peritoneal Aspiration – Diagnostic/Ascitic tapping / Paracentesis -
Diagnostic",476,560,560,General/Other
1168,GP005,"Abdominal / Peritoneal Aspiration – Therapeutic/Ascitic tapping / Paracentesis -
Therapeutic",510,600,600,General/Other
1169,GP006,Removal of Sutures (All),136,160,160,General/Other
1170,GP007,Venesection,476,560,560,General/Other
1171,GP008,Sternal puncture,1360,1600,1600,General/Other
1172,GP009,Urinary bladder Catheterisation,476,560,560,General/Other
1173,GP010,Incision & Drainage under local Anaesthesia (Large),1564,1840,1840,General/Other
1174,GP011,Intercostal Drainage,2380,2800,2800,General/Other
1175,GP012,Drainage of abscess with anaesthesia,9112,10720,10720,General/Other
1176,GP013,Excision of lumps under anaesthesia,9112,10720,10720,General/Other
1177,HN001,Temporal Bone Subtotal Resection,29240,34400,39560,General/Other
1178,HN002,Benign Tumour Excisions of Head and Neck,18700,22000,25300,General/Other
1179,SK001,Excision of Moles,680,800,800,General/Other
1180,SK002,Excision of Warts,680,800,800,General/Other
1181,SK003,Excision of Molluscum Contagiosum,680,800,800,General/Other
1182,SK004,Excision of Venereal Warts,680,800,800,General/Other
1183,SK005,Excision of Corns,680,800,800,General/Other
1184,SK006,"Intradermal (ID) Injection Keloid (Intralesional Injection) including the cost of the
drug",680,800,800,General/Other
1185,SK007,Chemical Cautery (s)/Cryotherapy,680,800,800,General/Other
1186,CI001,Electrocardiogram (ECG),119,140,140,General/Other
1187,CI002,Treadmill Test (TMT),762,896,896,General/Other
1188,CI003,Holter analysis per day,1700,2000,2000,General/Other
1189,CI004,Ambulatory BP monitoring per day,680,800,800,General/Other
1190,CI005,Head Up Tilt Test (HUTT),6256,7360,7360,General/Other
1191,CI006,External Loop/event recording -first day Rs.1500,1020,1200,1200,General/Other
1192,CI007,"External Loop/event recording - subsequent Days 1000/day (Maximum up to 6
days)",680,800,800,General/Other
1193,CI008,Diagnostic Electrophysiological studies conventional (Including catheter),49368,58080,58080,General/Other
1194,CI009,Stress Thallium / Myocardial Perfusion Scintigraphy,9112,10720,10720,General/Other
1195,CI010,Rest Thallium / Myocardial Perfusion Scintigraphy,6528,7680,7680,General/Other
1196,CI011,Venography,3400,4000,4000,General/Other
1197,CI012,Lymphangiography,3400,4000,4000,General/Other
1198,CI013,Sinogram,1360,1600,1600,General/Other
1199,CI014,Digital Subtraction Angiography-Peripheral artery,9935,11688,11688,General/Other
1200,CI015,Digital Subtraction Angiography- venogram,9935,11688,11688,General/Other
1201,CI016,Coronary Angiography,9112,10720,10720,General/Other
1202,CI017,Cardiac Catheterization (CATH),10132,11920,11920,General/Other
1203,CP001,"Balloon Coronary Angioplasty / Percutaneous transluminal coronary angioplasty
(PTCA) /Percutaneous coronary intervention (PCI) with Vascular closure device
(VCD) excluding the cost of Stent. Cost of Drug Eluting Balloon allowed in lieu
of Stent",65960,77600,89240,General/Other
1204,CP002,"Balloon Coronary Angioplasty / Percutaneous transluminal coronary angioplasty
(PTCA) / Percutaneous coronary intervention (PCI) without Vascular closure
device (VCD) excluding the cost of Stent.Cost of Drug Eluting Balloon allowed
in lieu of Stent",56933,66980,77027,General/Other
1205,CP003,Rotablation excluding the cost of Rotablator Burr/Advancer,42042,49462,56881,General/Other
1206,CP004,"Balloon Mitral Valvotomy / Percutaneous Transvenous Mitral Commissurotomy
(PTMC)",65960,77600,89240,General/Other
1207,CP005,"Temporary Pacemaker Implantation (TPI) (Temporary Cardiac Pacing) Single
Chamber",14362,16896,19430,General/Other
1208,CP006,"Permanent pacemaker implantation (PPI)- Single Chamber excluding the cost of
Pacemaker",23936,28160,32384,General/Other
1209,CP007,"Permanent pacemaker implantation- Dual Chamber excluding the cost of
Pacemaker",32164,37840,43516,General/Other
1210,CP008,"Permanent pacemaker implantation (PPI)- Biventricular excluding the cost of
pacemaker",37120,43670,50221,General/Other
1211,CP009,"Automatic implantable cardioverter defibrillator (AICD) Single Chamber -
excluding the cost of Device",37400,44000,50600,General/Other
1212,CP010,"Automatic implantable cardioverter defibrillator (AICD) Dual Chamber excluding
the cost of Device",39158,46068,52978,General/Other
1213,CP011,Combo Device Implantation excluding the cost of Device,44132,51920,59708,General/Other
1214,CP012,Radiofrequency (RF) Ablation Conventional,65960,77600,89240,General/Other
1215,CP013,Radiofrequency (RF) Ablation Atrial Tachycardia/CARTO,122400,144000,165600,General/Other
1216,CP014,Intra-aortic balloon pump (IABP) excluding the cost of the balloon,23800,28000,32200,General/Other
1217,CP015,Intra vascular coiling excluding cost of the coils,51680,60800,69920,General/Other
1218,CP016,Balloon Septostomy,22440,26400,30360,General/Other
1219,CP017,"Aortic Valve Balloon Dilatation (AVBD) / Pulmonary Valve Balloon Dilatation
(PVBD)",42187,49632,57077,General/Other
1220,CP018,"Peripheral Angioplasty with Vascular Closure Device (VCD) excluding the cost
of Stent",41514,48840,56166,General/Other
1221,CP019,"Peripheral Angioplasty without Vascular Closure Device (VCD) excluding the
cost of Stent",36040,42400,48760,General/Other
1222,CP020,Renal Angioplasty excluding the cost of Stent,41140,48400,55660,General/Other
1223,CP021,"Transcatheter Aortic Valve Implantation (TAVI) / Transcatheter Aortic Valve
Replacement (TAVR) – Procedure Cost. (Approval of Director, CGHS in
consultation with Special Technical Committee (STC) is required for this
procedure)",68000,80000,92000,General/Other
1224,CP022,TAVI / TAVR Implant (cost of implant only),1284000,1284000,1284000,General/Other
1225,CP023,"Cost of Intravascular ultrasound (IVUS) Catheter excluding GST(Procedure
Charge included in PTCA)",55000,55000,55000,General/Other
1226,CP024,"Cost of Fractional flow reserve (FFR) Catheter excluding GST (Procedure Charge
included in PTCA)",33000,33000,33000,General/Other
1227,CP025,"Catheter cost of Intracoronary optical coherence tomography (OCT) /
Intravascular optical coherence tomography (IVOCT) / Intravascular Ventricular
Assist System excluding GST(Procedure cost is included in PTCA)",65000,65000,65000,General/Other
1228,CP026,"IVL (Coronary Intra vascular Lithotripsy / Shock wave Lithotripsy – Including
GST (Approval of Director, CGHS in consultation with Special Technical
Committee (STC) is required for this procedure)",268000,268000,268000,General/Other
1229,CV001,Varicose vein Surgery-Trendelenburg Operation with Suturing or Ligation,17204,20240,23276,General/Other
1230,CV002,"Radio Ablation of Varicose Veins (RFA Ablation) excluding the cost of RFA
Catheter",6358,7480,8602,General/Other
1231,CV003,Laser Ablation of Varicose Veins,29920,35200,40480,General/Other
1232,CV004,Atrial Septal Defect (ASD) closure excluding the cost of the Device,74800,88000,101200,General/Other
1233,CV005,"Ventricular Septal Defect (VSD) with Graft / VSD Device Closure excluding the
cost of the Device",81600,96000,110400,General/Other
1234,CV006,Tetralogy of Fallot (TOF)/TAPVC/TCPC/REV/RSOV repair,122400,144000,165600,General/Other
1235,CV007,BD Glenn/Left Atrium Myxoma,122400,144000,165600,General/Other
1236,CV008,Senning/Arterial Switch Operation (ASO) with graft,122400,144000,165600,General/Other
1237,CV009,Double Switch Operation (DSO),160480,188800,217120,General/Other
1238,CV010,Atrioventricular(AV) Canal Repair,160480,188800,217120,General/Other
1239,CV011,Fontan Procedure,186320,219200,252080,General/Other
1240,CV012,Conduit Repair,160480,188800,217120,General/Other
1241,CV013,Coronary Artery Bypass Graft surgery (CABG),122400,144000,165600,General/Other
1242,CV014,"Coronary Artery Bypass Graft surgery (CABG) + Intra-Aortic Balloon Pump
(IABP)",160480,188800,217120,General/Other
1243,CV015,"Coronary Artery Bypass Graft surgery (CABG) + Valve Replacement excluding
the cost of the valve",186320,219200,252080,General/Other
1244,CV016,CABG without bypass.,160480,188800,217120,General/Other
1245,CV017,Ascending Aorta Replacement,186320,219200,252080,General/Other
1246,CV018,Double Valve Replacement (DVR),160480,188800,217120,General/Other
1247,CV019,"Mitral valve Replacement(MVR)/ Aortic valve Replacement (AVR)/ Tricuspid
Valve Replacement (TVR) / Pulmonary valve replacement (PVR)",122400,144000,165600,General/Other
1248,CV020,"Mitral valve (MV) Repair + Aortic valve (AV) Repair / Tricuspid Valve (TV)
Repair + Pulmonary valve (PV) repair",122400,144000,165600,General/Other
1249,CV021,Aorta Femoral Bypass,87720,103200,118680,General/Other
1250,CV022,Blalock-Taussig Shunt (BT Shunt) / Coarctation,103360,121600,139840,General/Other
1251,CV023,Pulmonary Artery Banding (PA Banding) Septostomy,103360,121600,139840,General/Other
1252,CV024,Pericardiocentesis,6800,8000,8000,General/Other
1253,CV025,Pericardiectomy,103360,121600,139840,General/Other
1254,CV026,Patent Ductus Arteriosus (PDA)-Device Closure,74800,88000,101200,General/Other
1255,CV027,"Heart Transplant Surgery (As per Guidelines mentioned in OM.No. Z-
42011/11/2021-MG/EHS Dated 1st December 2023)",1200000,1200000,1200000,General/Other
1256,CV028,Aortic Arch Replacement,186320,219200,252080,General/Other
1257,CV029,Aortic Dissection,186320,219200,252080,General/Other
1258,CV030,Thoraco Abdominal Aneurysm Repair,160480,188800,217120,General/Other
1259,CV031,Embolectomy,51680,60800,69920,General/Other
1260,CV032,Vascular Repair,51680,60800,69920,General/Other
1261,CV033,Bentall Repair with Prosthetic Valve,186320,219200,252080,General/Other
1262,CV034,Bentall Repair with Biologic Valve,160480,188800,217120,General/Other
1263,CV035,"Coarctation dilatation / Balloon dilatation of Aortic coarctation -Excluding the the
cost of Balloon",53557,63008,72459,General/Other
1264,CV036,Coarctation dilatation with Stenting,42840,50400,57960,General/Other
1265,CV037,Septostomy- Blade,42840,50400,57960,General/Other
1266,CV038,Aortic stent grafting for aortic aneurysm,122400,144000,165600,General/Other
1267,CV039,Inferior Vena Cava (IVC) filter implantation- excluding the cost of filter,22440,26400,30360,General/Other
1268,CV040,"Video Assisted Thoracoscopic Surgery (VATS) for Decortication of
Lungs/Thymectomy/Other Major Surgeries",122400,144000,165600,General/Other
1269,GS001,"Sclerotherapy Injection / Banding of Haemorrhoids (cost of drug/sclerotherapy
agent/band extra)",476,560,560,General/Other
1270,GS002,Injection for Varicose Veins (cost of drug/sclerotherapy agent extra),476,560,560,General/Other
1271,GS003,Suturing of small wounds,935,1100,1100,General/Other
1272,GS004,Secondary suture of wounds,2992,3520,3520,General/Other
1273,GS005,Debridement of wounds - Small,1122,1320,1320,General/Other
1274,GS006,Phimosis Under LA,4080,4800,4800,General/Other
1275,GS007,Removal Of Foreign Bodies -without C-ARM,1020,1200,1200,General/Other
1276,GS008,Toe Nail Removal,680,800,800,General/Other
1277,GS009,Excision of Cervical Lymph Node under Local Anaesthesia,2108,2480,2480,General/Other
1278,GS010,Excision of Axillary Lymph Node under General Anaesthesia,5780,6800,6800,General/Other
1279,GS011,Excision of Inguinal Lymph Node under Local Anaesthesia,2040,2400,2400,General/Other
1280,GS012,Excision of Sebaceous Cysts,3400,4000,4000,General/Other
1281,GS013,Excision of Superficial Lipoma,3400,4000,4000,General/Other
1282,GS014,Excision of Superficial Neurofibroma,3400,4000,4000,General/Other
1283,GS015,Excision of Dermoid Cysts,3400,4000,4000,General/Other
1284,GS016,Excision of Keloid,6256,7360,7360,General/Other
1285,GS017,Excision of mammary fistula,18700,22000,22000,General/Other
1286,GS018,Haemorrhoidectomy,22440,26400,26400,General/Other
1287,GS019,Stapler haemorrhoidectomy excluding the cost of Stapler,23800,28000,28000,General/Other
1288,GS020,Debridement of Large wounds including Diabetic Wound under Anaesthesia,18700,22000,22000,General/Other
1289,GI001,Gastro Oesophageal Reflux Study (GER Study),2040,2400,2400,General/Other
1290,GI002,Meckel's Scan,2040,2400,2400,General/Other
1291,GI003,Hepatobiliary Scintigraphy.,2720,3200,3200,General/Other
1292,GI004,Gastrointestinal Bleed (GloB.) Study with Technetium 99m labeled RBCs.,4080,4800,4800,General/Other
1293,GI005,Gastric Emptying,1700,2000,2000,General/Other
1294,GI006,Hepatosplenic scintigraphy with Technetium-99m radiopharmaceuticals,3400,4000,4000,General/Other
1295,GI007,Diagnostic Angiography,6256,7360,7360,General/Other
1296,GI008,Oesophageal pH metry,6256,7360,7360,General/Other
1297,GI009,Oesophageal Manometry,6256,7360,7360,General/Other
1298,GI010,Small Bowel Manometry,6800,8000,8000,General/Other
1299,GI011,Anorectal manometry,29240,34400,34400,General/Other
1300,GI012,Colonic manometry,23800,28000,28000,General/Other
1301,GI013,Biliary Manometry,29240,34400,34400,General/Other
1302,GI014,Breath Tests (Urea breath test/ H. pylori breath test)/RUT,1965,2312,2312,General/Other
1303,MG001,Gastroscopy/Upper GI Endoscopy with or without Biopsy,2720,3200,3200,General/Other
1304,MG002,Lower GI Endoscopy (Colonoscopy/Sigmoidoscopy) with or without Biopsy,4080,4800,4800,General/Other
1305,MG003,Endoscopic mucosal resection,9112,10720,10720,General/Other
1306,MG004,Endoscopic Polypectomy - GIT,13600,16000,16000,General/Other
1307,MG005,Oesophageal Stricture dilatation,6256,7360,7360,General/Other
1308,MG006,Balloon dilatation of achalasia cardia,9112,10720,10720,General/Other
1309,MG007,Gastrointestinal (GIT) Foreign body removal,13600,16000,16000,General/Other
1310,MG008,Oesophageal stenting excluding the cost of stent,9112,10720,10720,General/Other
1311,MG009,Band ligation of oesophageal varices,5780,6800,6800,General/Other
1312,MG010,Sclerotherapy of oesophageal varices,5780,6800,6800,General/Other
1313,MG011,Glue injection of varices,9112,10720,10720,General/Other
1314,MG012,Argon plasma coagulation,6256,7360,7360,General/Other
1315,MG013,Pyloric balloon dilatation,5780,6800,6800,General/Other
1316,MG014,Enteral stenting excluding cost of the stent,13600,16000,16000,General/Other
1317,MG015,Duodenal stricture dilation,5780,6800,6800,General/Other
1318,MG016,Single balloon enteroscopy,9112,10720,10720,General/Other
1319,MG017,Double balloon enteroscopy,13600,16000,16000,General/Other
1320,MG018,Capsule endoscopy excluding the cost of capsule,9112,10720,10720,General/Other
1321,MG019,Piles banding,3400,4000,4000,General/Other
1322,MG020,Colonic stricture dilatation,5780,6800,6800,General/Other
1323,MG021,Hot biopsy forceps procedures,5780,6800,6800,General/Other
1324,MG022,Colonic stenting excluding cost of the stent,9112,10720,10720,General/Other
1325,MG023,Junction biopsy,3400,4000,4000,General/Other
1326,MG024,Conjugal microscopy,5780,6800,6800,General/Other
1327,MG025,"ERCP (Endoscopic Retrograde Cholangio –
Pancreatography) Diagnostic",9112,10720,10720,General/Other
1328,MG026,Endoscopic sphincterotomy by ERCP,13600,16000,18400,General/Other
1329,MG027,Common Bile Duct (CBD) stone extraction by ERCP,13600,16000,18400,General/Other
1330,MG028,Common Bile Duct (CBD) stricture dilatation by ERCP,13600,16000,18400,General/Other
1331,MG029,Biliary stenting (plastic and metallic) by ERCP,13600,16000,18400,General/Other
1332,MG030,Mechanical lithotripsy of CBD stones by ERCP,23800,28000,32200,General/Other
1333,MG031,Pancreatic sphincterotomy by ERCP,13600,16000,18400,General/Other
1334,MG032,Pancreatic stricture dilatation by ERCP,13600,16000,18400,General/Other
1335,MG033,Pancreatic stone extraction by ERCP,13600,16000,18400,General/Other
1336,MG034,Mechanical lithotripsy of pancreatic stones,23800,28000,32200,General/Other
1337,MG035,Endoscopic cysto gastrostomy,13600,16000,18400,General/Other
1338,MG036,Balloon dilatation of papilla,13600,16000,18400,General/Other
1339,MG037,Percutaneous Transhepatic Biliary Drainage (PTBD),13600,16000,18400,General/Other
1340,MG038,Vascular Embolization,29240,34400,39560,General/Other
1341,MG039,Transjugular Intrahepatic Portosystemic Shunt (TIPS),36040,42400,48760,General/Other
1342,MG040,Inferior Vena Cava (IVC) Venography and Hepatic Vein (HV Venography),29240,34400,39560,General/Other
1343,MG041,Muscular Stenting,36040,42400,48760,General/Other
1344,MG042,Balloon-Occluded Retrograde Intravenous Obliteration (BRTO),36040,42400,48760,General/Other
1345,MG043,Portal Haemodynamic Studies,5780,6800,6800,General/Other
1346,MG044,Sengstaken Blakemore (SB) Tube Tamponade,6256,7360,7360,General/Other
1347,MG045,Lintas Machles Tube Tempode,4080,4800,4800,General/Other
1348,MG046,EUS (Endoscopic Ultrasound) guided FNAC Excluding the cost of the Needle,11220,13200,13200,General/Other
1349,AG001,Atresia of Oesophagus and Tracheo Oesophageal Fistula,36040,42400,48760,General/Other
1350,AG002,"Operations for Replacement of Oesophagus by Colon / Colon-Inter position or
Replacement of Oesophagus",36040,42400,48760,General/Other
1351,AG003,Heller’s Operation,29240,34400,39560,General/Other
1352,AG004,Oesophageal Intubation (Mousseau Barbin Tube),18700,22000,25300,General/Other
1353,AG005,Achalasia Cardia Transthoracic,29240,34400,39560,General/Other
1354,AG006,Achalasia Cardia Abdominal,29240,34400,39560,General/Other
1355,AG007,Pyloromyotomy,18700,22000,25300,General/Other
1356,AG008,Gastrostomy,18700,22000,25300,General/Other
1357,AG009,Simple Closure of Perforated peptic Ulcer,23800,28000,32200,General/Other
1358,AG010,Vagotomy Pyloroplasty / Gastro Jejunostomy,29240,34400,39560,General/Other
1359,AG011,Duodenojejunostomy,36040,42400,48760,General/Other
1360,AG012,Partial/Subtotal Gastrectomy for Ulcer,36040,42400,48760,General/Other
1361,AG013,Operation for Bleeding Peptic Ulcer,29240,34400,39560,General/Other
1362,AG014,Operation for Gastrojejunal Ulcer,29240,34400,39560,General/Other
1363,AG015,Highly Selective Vagotomy,36040,42400,48760,General/Other
1364,AG016,Selective Vagotomy & Drainage,36040,42400,48760,General/Other
1365,AG017,Exploratory Laparotomy (Open),18700,22000,25300,General/Other
1366,AG018,Congenital Diaphragmatic Hernia,29240,34400,39560,General/Other
1367,AG019,Hiatus Hernia Repair- Abdominal (excluding cost of mesh and tacker if used),24684,29040,33396,General/Other
1368,AG020,Hiatus Hernia Repair- Transthoracic (excluding cost of mesh and tacker if used),24684,29040,33396,General/Other
1369,AG021,Epigastric Hernia Repair - excluding the cost of mesh and tacker,18700,22000,25300,General/Other
1370,AG022,Umbilical Hernia Repair - excluding the cost of mesh and tacker,23800,28000,32200,General/Other
1371,AG023,Ventral /incisional Hernia Repair - excluding the cost of mesh and tacker,23800,28000,32200,General/Other
1372,AG024,Inguinal Hernia Herniorrhaphy,19448,22880,26312,General/Other
1373,AG025,Inguinal Hernia - Hernioplasty excluding the cost of mesh and tacker,23800,28000,32200,General/Other
1374,AG026,Femoral Hernia Repair - excluding the cost of mesh and tacker,23800,28000,32200,General/Other
1375,AG027,"Rare Hernias Repair (Spigelian, Obturator, Lumbar, Sciatic) - excluding the cost
of mesh and tacker",29240,34400,39560,General/Other
1376,AG028,Splenectomy - For Trauma,36040,42400,48760,General/Other
1377,AG029,Splenectomy - For Hypersplenism,42840,50400,57960,General/Other
1378,AG030,Splenorenal Anastomosis,36040,42400,48760,General/Other
1379,AG031,Portocaval Anastomosis,42840,50400,57960,General/Other
1380,AG032,"Direct Operation on Oesophagus for Portal
Hypertension",36040,42400,48760,General/Other
1381,AG033,Mesentericocaval Anastomosis,29240,34400,39560,General/Other
1382,AG034,Warren Shunt (Distal Splenorenal Shunt),36040,42400,48760,General/Other
1383,AG035,Pancreaticoduodenectomy (Whipple's procedure),36040,42400,48760,General/Other
1384,AG036,Cystojejunostomy or Cystogastrostomy,29240,34400,39560,General/Other
1385,AG037,Cholecystectomy,23800,28000,32200,General/Other
1386,AG038,Cholecystectomy & Exploration of CBD,24684,29040,33396,General/Other
1387,AG039,Repair of Common Bile Duct (CBD),29240,34400,39560,General/Other
1388,AG040,Cholecystostomy,17952,21120,24288,General/Other
1389,AG041,Operation for Hydatid Cyst of Liver,20196,23760,27324,General/Other
1390,AG042,Hepatic Resections (Lobectomy /Hepatectomy),24684,29040,33396,General/Other
1391,AG043,Operation on Adrenal Glands - Bilateral,42840,50400,57960,General/Other
1392,AG044,Operation on Adrenal Glands - Unilateral,29240,34400,39560,General/Other
1393,AG045,Appendicectomy,14212,16720,19228,General/Other
1394,AG046,Appendicular Abscess – Drainage,23800,28000,32200,General/Other
1395,AG047,Mesenteric Cyst- Excision,23800,28000,32200,General/Other
1396,AG048,Diagnostic Peritonioscopy/Laparoscopy,13600,16000,18400,General/Other
1397,AG049,Jejunostomy,23800,28000,32200,General/Other
1398,AG050,Ileostomy,23800,28000,32200,General/Other
1399,AG051,Resection & Anastomosis of Small Intestine,35530,41800,48070,General/Other
1400,AG052,Duodenal Diverticulum,36040,42400,48760,General/Other
1401,AG053,"Operation for Intestinal Obstruction including resection , anastomosis
,Adhesiolysis",36040,42400,48760,General/Other
1402,AG054,"Operation for Intestinal perforation including resection ,anastomosis ,
Adhesiolysis",36040,42400,48760,General/Other
1403,AG055,Operations for Benign Tumours of Small Intestine,36040,42400,48760,General/Other
1404,AG056,Excision of Small Intestine Fistula,33660,39600,45540,General/Other
1405,AG057,Operations for GI Bleed,36040,42400,48760,General/Other
1406,AG058,Operations for Haemorrhage of Small Intestines,36040,42400,48760,General/Other
1407,AG059,"Operations of the Duplication of the Intestines – including Exploratory
Laparotomy",30668,36080,41492,General/Other
1408,AG060,"Operations for Recurrent Intestinal Obstruction (Noble Plication & Other
Operations for Adhesions)",36040,42400,48760,General/Other
1409,AG061,Ileosigmoidostomy and related resection,36040,42400,48760,General/Other
1410,AG062,Ileotransverse Colostomy and related resection,36040,42400,48760,General/Other
1411,AG063,Caecostomy,23800,28000,32200,General/Other
1412,AG064,Loop Colostomy Transverse Sigmoid,29240,34400,39560,General/Other
1413,AG065,Terminal Colostomy,22440,26400,30360,General/Other
1414,AG066,Closure of Colostomy,22440,26400,30360,General/Other
1415,AG067,Right Hemicolectomy,23936,28160,32384,General/Other
1416,AG068,Left Hemicolectomy,23936,28160,32384,General/Other
1417,AG069,Total Colectomy,29920,35200,40480,General/Other
1418,AG070,Operations for Volvulus of Large Bowel,36040,42400,48760,General/Other
1419,AG071,Operations for Sigmoid Diverticulitis,29240,34400,39560,General/Other
1420,AG072,Fissure in Ano with Internal sphincterotomy with fissurectomy.,23800,28000,32200,General/Other
1421,AG073,Fissure in Ano - Fissurectomy,18700,22000,25300,General/Other
1422,AG074,Rectal Polyp-Excision,10248,12056,13864,General/Other
1423,AG075,Fistula in Ano - High Fistulectomy,23800,28000,32200,General/Other
1424,AG076,Fistula in Ano - Low Fistulectomy,17204,20240,23276,General/Other
1425,AG077,Prolapse Rectum - Thiersch Wiring,18700,22000,25300,General/Other
1426,AG078,Prolapse Rectum - Rectopexy,10472,12320,14168,General/Other
1427,AG079,Excision of Pilonidal Sinus (open),16456,19360,22264,General/Other
1428,AG080,Excision of Pilonidal Sinus with closure,18700,22000,25300,General/Other
1429,AG081,Abdomino-Perineal Excision of Rectum,36040,42400,48760,General/Other
1430,AG082,Anterior Resection of Rectum,42840,50400,57960,General/Other
1431,AG083,Pull Through Abdominal Resection,36040,42400,48760,General/Other
1432,AG084,Retro Peritoneal Tumour Removal,36040,42400,48760,General/Other
1433,AG085,Laparoscopic Fundoplication,42840,50400,57960,General/Other
1434,AG086,Laparoscopic Splenectomy,42840,50400,57960,General/Other
1435,AG087,Laparoscopic Removal of hydatid cyst,42840,50400,57960,General/Other
1436,AG088,Laparoscopic Treatment of Pseudo Pancreatic cyst,42840,50400,57960,General/Other
1437,AG089,"Laparoscopic Whipple's operation (Laparoscopic
Pancreaticoduodenectomy",36040,42400,48760,General/Other
1438,AG090,Laparoscopic GI bypass operation,42840,50400,57960,General/Other
1439,AG091,Laparoscopic Total Colectomy,42840,50400,57960,General/Other
1440,AG092,Laparoscopic Hemicolectomy,36040,42400,48760,General/Other
1441,AG093,"Laparoscopic Anterior Resection (of Intestine/
Rectum)",42840,50400,57960,General/Other
1442,AG094,Laparoscopic Cholecystectomy,24684,29040,33396,General/Other
1443,AG095,Laparoscopic Appendectomy,22440,26400,30360,General/Other
1444,AG096,Laparoscopic Hernia – Inguinoplasty (excluding the cost of Tacker and Mesh),26180,30800,35420,General/Other
1445,AG097,Laparoscopic Ventral Hernia Repair (excluding the cost of Tacker and Mesh),26180,30800,35420,General/Other
1446,AG098,"Laparoscopic Paraumbilical Hernia Repair (excluding the cost of Tacker and
Mesh)",26180,30800,35420,General/Other
1447,AG099,Laparoscopic Adrenalectomy,42840,50400,57960,General/Other
1448,PS001,Diaphragmatic Hernia Repair (Thoracic or Abdominal Approach),36040,42400,48760,General/Other
1449,PS002,Tracheoesophageal Fistula (Correction Surgery),36040,42400,48760,General/Other
1450,PS003,Colon Replacement of Oesophagus,29240,34400,39560,General/Other
1451,PS004,Omphalomesenteric Cyst Excision,29240,34400,39560,General/Other
1452,PS005,Omphalomesenteric Duct- Excision,29240,34400,39560,General/Other
1453,PS006,Omphalocele 1st Stage (Hernia Repair),23800,28000,32200,General/Other
1454,PS007,Omphalocele 2nd Stage (Hernia Repair),23800,28000,32200,General/Other
1455,PS008,Gastroschisis Repair,29240,34400,39560,General/Other
1456,PS009,Inguinal Herniotomy,23800,28000,32200,General/Other
1457,PS010,Congenital Hydrocele,23800,28000,32200,General/Other
1458,PS011,Hydrocele of Cord,18700,22000,25300,General/Other
1459,PS012,Torsion Testis Operation,23800,28000,32200,General/Other
1460,PS013,Congenital Pyloric Stenosis- operation,23800,28000,32200,General/Other
1461,PS014,Duodenal Atresia Operation,29240,34400,39560,General/Other
1462,PS015,Pancreatic Ring Operation,36040,42400,48760,General/Other
1463,PS016,Meconium Ileus Operation,29240,34400,39560,General/Other
1464,PS017,Malrotation of Intestines Operation,29240,34400,39560,General/Other
1465,PS018,Rectal Biopsy (Megacolon),13600,16000,18400,General/Other
1466,PS019,Colostomy Transverse,29240,34400,39560,General/Other
1467,PS020,Colostomy Left Iliac,29240,34400,39560,General/Other
1468,PS021,Abdominal Perineal Pull Through (Hirschsprung's Disease),36040,42400,48760,General/Other
1469,PS022,Imperforate Anus Low Anomaly -Cut Back Operation,18700,22000,25300,General/Other
1470,PS023,Imperforate Anus Low Anomaly - Perineal Anoplasty,23800,28000,32200,General/Other
1471,PS024,Imperforate Anus High Anomaly -Sacroabdomino Perineal Pull Through,36040,42400,48760,General/Other
1472,PS025,Imperforate Anus High Anomaly - Closure of Colostomy,23800,28000,32200,General/Other
1473,PS026,Intussusception Operation,29240,34400,39560,General/Other
1474,PS027,Choledochoduodenostomy for Atresia of Extra Hepatic Biliary Duct,36040,42400,48760,General/Other
1475,PS028,Operation of Choledochal Cyst,36040,42400,48760,General/Other
1476,PS029,Nephrectomy for -Pyonephrosis,29240,34400,39560,General/Other
1477,PS030,Nephrectomy for - Hydronephrosis,29240,34400,39560,General/Other
1478,PS031,Sacro-Coccygeal Teratoma Excision,29240,34400,39560,General/Other
1479,PS032,Congenital Atresia & Stenosis of Small Intestine,36040,42400,48760,General/Other
1480,PS033,Malrotation & Volvulus of the Midgut,29240,34400,39560,General/Other
1481,PS034,Excision of Meckel’s Deverticulum,29240,34400,39560,General/Other
1482,OG001,Non Stress Test,1020,1200,1200,General/Other
1483,OG002,"Normal delivery with or without Episiotomy & P.
repair/ forceps delivery /Vacuum delivery/assisted breech delivery including
Routine New Born Care",23800,28000,28000,General/Other
1484,OG003,"Normal Delivery of High Risk
Pregnancy(Preeclampsia/Eclapsia/GDM/Cardiac/Vascular/Renal/Pulmonary/Twin
Pregnancy/RA/SLE/IVF Conception/Severe Anaemia,)",29240,34400,34400,General/Other
1485,OG004,"Caesarean Section(CS) with or without Sterilization including Routine New Born
Care",36040,42400,42400,General/Other
1486,OG005,"Caesarian Delivery of High Risk
Pregnancy(Preeclampsia/Eclapsia/GDM/Cardiac/Vascular/Renal/Pulmonary/Twin
Pregnancy/RA/SLE/IVF Conception/Severe Anaemia)",42840,50400,50400,General/Other
1487,OG006,Rupture Uterus Closure & Repair with Tubal Ligation,29240,34400,34400,General/Other
1488,OG007,Perforation of Uterus after D/E Laparotomy & Closure,13600,16000,16000,General/Other
1489,OG008,Laparotomy for Ectopic Pregnancy,23800,28000,28000,General/Other
1490,OG009,Laparotomy peritonitis Lavage and Drainage,23800,28000,28000,General/Other
1491,OG010,Ovarian Cystectomy - Laparoscopic.,29240,34400,34400,General/Other
1492,OG011,Ovarian Cystectomy - Laparotomy.,23800,28000,28000,General/Other
1493,OG012,"Laparoscopic Broad Ligament Hematoma Drainage
with repair",9112,10720,10720,General/Other
1494,OG013,Exploration of perineal Haematoma & Repair,9112,10720,10720,General/Other
1495,OG014,Exploration of abdominal Haematoma (after laparotomy/ LSCS),18700,22000,22000,General/Other
1496,OG015,Manual Removal of Placenta,6256,7360,7360,General/Other
1497,OG016,Examination under anaesthesia (EUA),3400,4000,4000,General/Other
1498,OG017,Burst-Abdomen Repair,23800,28000,28000,General/Other
1499,OG018,Gaping Perineal Wound Secondary Suturing,3400,4000,4000,General/Other
1500,OG019,Gaping Abdominal Wound Secondary Suturing,5780,6800,6800,General/Other
1501,OG020,Complete Perineal Tear-Repair,6256,7360,7360,General/Other
1502,OG021,Pelvic Floor Repair(Rectocele +/- Cystocele +/- Enterocele),23800,28000,28000,General/Other
1503,OG022,Suction Evacuation Vesicular Mole,18700,22000,22000,General/Other
1504,OG023,Colpotomy/Post-Coital Tear Repair,6256,7360,7360,General/Other
1505,OG024,Excision of urethral carbuncle,9112,10720,10720,General/Other
1506,OG025,Shirodkar/ McDonald stitch//Cervical Stitch(Cerclage),9112,10720,10720,General/Other
1507,OG026,"Abdominal Hysterectomy with or without salpingo-
oophorectomy",29240,34400,34400,General/Other
1508,OG027,Non-descent Vaginal Hysterectomy (NDVH) with or without BSO,29240,34400,34400,General/Other
1509,OG028,Vaginal Hysterectomy (including of BSO) with or without repairs,29240,34400,34400,General/Other
1510,OG029,Myomectomy -laparotomy,23800,28000,28000,General/Other
1511,OG030,Myomectomy -laparoscopic,29240,34400,34400,General/Other
1512,OG031,Vaginoplasty,29240,34400,34400,General/Other
1513,OG032,Vulvectomy -Simple,23800,28000,28000,General/Other
1514,OG033,Rectovaginal Fistula (RVF) Repair,29240,34400,34400,General/Other
1515,OG034,Manchester/Fothergill’s operation,23800,28000,28000,General/Other
1516,OG035,"Shirodkar’s sling Operation or other sling operations
for prolapse uterus",13600,16000,16000,General/Other
1517,OG036,Laparoscopic sling operations for prolapse uterus,29240,34400,34400,General/Other
1518,OG037,Dilatation and Curettage(diagnostic/therapeutic) with or without Polypectomy,9112,10720,10720,General/Other
1519,OG038,Cervical Biopsy,6256,7360,7360,General/Other
1520,OG039,Transcervical/Hysteroscopic Polypectomy,9112,10720,10720,General/Other
1521,OG040,Excision of Vaginal Cyst/Bartholin Cyst/Gartner Cyst,6256,7360,7360,General/Other
1522,OG041,Excision of Vaginal/Uterus Septum,13600,16000,16000,General/Other
1523,OG042,"Diagnostic hysterolaparoscopy(DHL) with or without
chromopertubation/Adhesiolysis/ovarian drilling",13600,16000,16000,General/Other
1524,OG043,Laparoscopy Sterilization/Laparoscopic tubal occlusion(LTO),18700,22000,22000,General/Other
1525,OG044,"Laparoscopically Assisted Vaginal Hysterectomy
(LAVH) with or without BSO",42840,50400,50400,General/Other
1526,OG045,"Balloon Tamponade for Post Partum Haemorrhage/Conservative management of
PPH(Atonic/traumatic PPH)",5780,6800,6800,General/Other
1527,OG046,Total Laparoscopic Hysterectomy with or without BSO,42840,50400,50400,General/Other
1528,OG047,"Laparoscopic Treatment of Ectopic Pregnancy-
Milking/Salpingotomy/Salpingectomy",29240,34400,34400,General/Other
1529,OG048,Conisation of cervix/Chemical Cautery of Cervical Ectopy/Erosion,6256,7360,7360,General/Other
1530,OG049,Diagnostic hysteroscopy with or without polypectomy/endometrial curettage,13600,16000,16000,General/Other
1531,OG050,"Laparotomy recanalization of Fallopian tubes-
(Tuboplasty)",36040,42400,42400,General/Other
1532,OG051,"Laparoscopic recanalization of Fallopian tubes-
(Tuboplasty)",36040,42400,42400,General/Other
1533,OG052,Colposcopy,3400,4000,4000,General/Other
1534,OG053,Inversion of Uterus – Vaginal Reposition,4080,4800,4800,General/Other
1535,OG054,Inversion of Uterus – Abdominal Reposition,4080,4800,4800,General/Other
1536,OG055,Vaginal Vesicovaginal Fistula (VVF) Repair,42840,50400,50400,General/Other
1537,OG056,"Interventional Ultrasonography- Chorionic villus
sampling (CVS)",3400,4000,4000,General/Other
1538,OG057,Amniocentesis,9112,10720,10720,General/Other
1539,OG058,Thermal balloon ablation.,23800,28000,28000,General/Other
1540,OG059,Ultrasonographic myolysis,18700,22000,22000,General/Other
1541,OG060,Vaginal/Cervical Myomectomy,29240,34400,34400,General/Other
1542,OG061,Intra Uterine Insemination,3400,4000,4000,General/Other
1543,OG062,Intracytoplasmic sperm injection (ICSI),13600,16000,16000,General/Other
1544,OG063,Laparotomy abdominal sacro-colpopexy,36040,42400,42400,General/Other
1545,OG064,Vaginal Colpopexy/colpopexy-abdominal,29240,34400,34400,General/Other
1546,OG065,Laparoscopic abdominal colpopexy/sacro-colpopexy,36040,42400,42400,General/Other
1547,OG066,Endometrial aspiration cytology/biopsy (including Pipelle Charges),2040,2400,2400,General/Other
1548,OG067,Laparoscopic treatment for stress incontinence,29240,34400,34400,General/Other
1549,OG068,Transvaginal tapes for Stress incontinence,23800,28000,28000,General/Other
1550,OG069,Trans-obturator tapes for Stress incontinence,29240,34400,34400,General/Other
1551,OG070,"Interventional radiographic arterial embolization/Uterine artery
embolization(UAE)",23800,28000,28000,General/Other
1552,OG071,Internal Iliac Artery ligation,5780,6800,6800,General/Other
1553,OG072,"Surgical management of PPH (Uterine compression stitches/stepwise
devascularisation)/peripartum hysterectomy",13600,16000,16000,General/Other
1554,OG073,Intra-uterine fetal blood transfusion,36040,42400,42400,General/Other
1555,OG074,Hysteroscopy Transcervical Resection of Endometrium (TCRE),23800,28000,28000,General/Other
1556,OG075,Hysteroscopy Removal of Intra-Uterine Contraceptive Device (IUCD),13600,16000,16000,General/Other
1557,OG076,hysteroscopic resection of uterine septum,23800,28000,28000,General/Other
1558,OG077,Diagnostic Hysteroscopy with or without endometrial Biopsy,13600,16000,16000,General/Other
1559,OG078,Sterilization (minilap)-post partum/post abortion,6256,7360,7360,General/Other
1560,OG079,Interval Sterilization(minilap)-BAT / Male Sterilization(Vasectomy),13600,16000,16000,General/Other
1561,OG080,"Medical Termination of Pregnancy (MTP)- 1st Trimester with Medicine /Manual
Vacuum Aspiration /Check Curettage",9112,10720,10720,General/Other
1562,OG081,"Medical Termination of Pregnancy (MTP) - 2nd Trimester /Suction and
Evacuation/Dilatation and Curettage/Dilatation and expulsion",13600,16000,16000,General/Other
1563,OG082,Insertion of IUD/IUCD/Pessary,2720,3200,3200,General/Other
1564,OG083,Removal of IUD/IUCD/Pessary,680,800,800,General/Other
1565,NU001,Ultrasound guided kidney Biopsy,6256,7360,7360,General/Other
1566,NU002,Testicular Biopsy,9112,10720,10720,General/Other
1567,NU003,Transrectal Ultrasound (TRUS) guided prostate biopsy,6256,7360,7360,General/Other
1568,NU004,Uroflow Study (Uroflowmetry),680,800,800,General/Other
1569,NU005,Urodynamic Study (Cystometry),2040,2400,2400,General/Other
1570,NU006,"Voiding-cysto-urethrogram and retrograde
urethrogram (Nephrostogram)",5780,6800,6800,General/Other
1571,NU007,Fistulogram for Arteriovenous Fistula,6256,7360,7360,General/Other
1572,NU008,Partial Nephrectomy -open,29240,34400,39560,General/Other
1573,NU009,Partial Nephrectomy-Laparoscopic/Endoscopic,36040,42400,48760,General/Other
1574,NU010,Nephrectomy Simple -Open,42840,50400,57960,General/Other
1575,NU011,Laparoscopic Nephrectomy,42840,50400,57960,General/Other
1576,NU012,Nephrolithotomy -open,29240,34400,39560,General/Other
1577,NU013,Nephrolithotomy -Laparoscopic/endoscopic,36040,42400,48760,General/Other
1578,NU014,Pyelolithotomy-open,42840,50400,57960,General/Other
1579,NU015,Pyelolithotomy -Laparoscopic/endoscopic,36040,42400,48760,General/Other
1580,NU016,Operations for Hydronephrosis -pyeloplasty open,36040,42400,48760,General/Other
1581,NU017,Operations for Hydronephrosis -pyeloplasty Lap/endoscopic,42840,50400,57960,General/Other
1582,NU018,Operations for Hydronephrosis Endopyelotomy antegrade,29240,34400,39560,General/Other
1583,NU019,Operations for Hydronephrosis Endopyelotomy retrograde,29240,34400,39560,General/Other
1584,NU020,Operations for Hydronephrosis ureterocalicostomy,29240,34400,39560,General/Other
1585,NU021,Operations for Hydronephrosis-Ileal ureter,36040,42400,48760,General/Other
1586,NU022,Open Drainage of Perinephric Abscess,23800,28000,32200,General/Other
1587,NU023,Percutaneous Drainage of Perinephric Abscess -Ultrasound guided,9112,10720,10720,General/Other
1588,NU024,Cavernostomy,18700,22000,25300,General/Other
1589,NU025,Operations for Cyst of the Kidney -open,29240,34400,39560,General/Other
1590,NU026,Operations for Cyst of the Kidney Lap/endoscopic,36040,42400,48760,General/Other
1591,NU027,Ureterolithotomy -open,29240,34400,39560,General/Other
1592,NU028,Ureterolithotomy-Lap/Endoscopic,36040,42400,48760,General/Other
1593,NU029,Nephroureterectomy open,36040,42400,48760,General/Other
1594,NU030,Operations for Ureter for -Double Ureters,36040,42400,48760,General/Other
1595,NU031,Operations for Ureter -for Ectopia of Single Ureter,29240,34400,39560,General/Other
1596,NU032,Operations for Vesicoureteral Reflux (VUR) -Open,29240,34400,39560,General/Other
1597,NU033,Operations for Vesicoureteral Reflux (VUR)-Lap/Endoscopic,36040,42400,48760,General/Other
1598,NU034,"Operations for Vesicoureteral Reflux (VUR)/ Urinary incontinence with bulking
agents",29240,34400,39560,General/Other
1599,NU035,Ureterostomy - Cutaneous,23800,28000,32200,General/Other
1600,NU036,Uretero-Colic anastomosis,29240,34400,39560,General/Other
1601,NU037,Formation of an Ileal Conduit,36040,42400,48760,General/Other
1602,NU038,Ureteric Catheterisation/DJ Stenting,13600,16000,18400,General/Other
1603,NU039,DJ stent removal,6508,7656,7656,General/Other
1604,NU040,Biopsy of Bladder (Cystoscopic) including (Cold Cup Biopsy),9112,10720,10720,General/Other
1605,NU041,Cysto-Litholapaxy,23800,28000,32200,General/Other
1606,NU042,Operations for Injuries of the Bladder,29240,34400,39560,General/Other
1607,NU043,Suprapubic Drainage (Cystostomy/vesicostomy),13600,16000,18400,General/Other
1608,NU044,Simple Cystectomy,29240,34400,39560,General/Other
1609,NU045,Diverticulectomy -open,29240,34400,39560,General/Other
1610,NU046,Diverticulectomy- Lap/Endoscopic,36040,42400,48760,General/Other
1611,NU047,Diverticulectomy -Endoscopic incision of neck,23800,28000,32200,General/Other
1612,NU048,Augmentation Cystoplasty,36040,42400,48760,General/Other
1613,NU049,Operations for Exstrophy of the Bladder- Single stage repair,29240,34400,39560,General/Other
1614,NU050,Operations for Exstrophy of the Bladder- Multistage repair,29240,34400,39560,General/Other
1615,NU051,"Operations for Exstrophy of the Bladder- simple cystectomy with urinary
diversion",42840,50400,57960,General/Other
1616,NU052,Repair of Ureterocele -Open,29240,34400,39560,General/Other
1617,NU053,Repair of Ureterocele -Lap/Endoscopic,29240,34400,39560,General/Other
1618,NU054,Repair of Ureterocele -Endoscopic incision,23800,28000,32200,General/Other
1619,NU055,Vesicovaginal Fistula (VVF) Repair (Open),29240,34400,39560,General/Other
1620,NU056,Vesicovaginal Fistula (VVF) Repair (Laparoscopic),36040,42400,48760,General/Other
1621,NU057,Open Suprapubic Prostatectomy,29240,34400,39560,General/Other
1622,NU058,Open Retropubic Prostatectomy,29240,34400,39560,General/Other
1623,NU059,Transurethral Resection of Prostate (TURP),42840,50400,57960,General/Other
1624,NU060,Urethroscopy/ Cystopanendoscopy,9112,10720,10720,General/Other
1625,NU061,Internal urethrotomy -optical,18700,22000,25300,General/Other
1626,NU062,Internal urethrotomy -Core through urethroplasty,29240,34400,39560,General/Other
1627,NU063,Urethral Reconstruction -End to end anastomosis,29240,34400,39560,General/Other
1628,NU064,Urethral Reconstruction - substitution urethroplasty (Transpubic urethroplasty),36040,42400,48760,General/Other
1629,NU065,Abdomino Perineal urethroplasty,36040,42400,48760,General/Other
1630,NU066,Posterior Urethral Valve fulguration.,23800,28000,32200,General/Other
1631,NU067,Operations for Incontinence of Urine - Male -Open,29240,34400,39560,General/Other
1632,NU068,Operations for Incontinence of Urine - Male -Sling,36040,42400,48760,General/Other
1633,NU069,Operations for Incontinence of Urine - Male-Bulking agent,29240,34400,39560,General/Other
1634,NU070,Operations for Incontinence of Urine - Female -Open,29240,34400,39560,General/Other
1635,NU071,Operations for Incontinence of Urine - Female-Sling,36040,42400,48760,General/Other
1636,NU072,Operations for Incontinence of Urine - Female-Bulking agent,29240,34400,39560,General/Other
1637,NU073,Reduction of Paraphimosis,4080,4800,4800,General/Other
1638,NU074,Circumcision,9112,10720,10720,General/Other
1639,NU075,Meatotomy,5780,6800,6800,General/Other
1640,NU076,Meatoplasty,9112,10720,10720,General/Other
1641,NU077,Operations for Hypospadias + Chordee Correction,23800,28000,32200,General/Other
1642,NU078,Operations for Hypospadias - Second Stage,29240,34400,39560,General/Other
1643,NU079,Operations for Hypospadias - One Stage Repair,29240,34400,39560,General/Other
1644,NU080,Operations for Crippled Hypospadias,29240,34400,39560,General/Other
1645,NU081,Operations for Epispadias -primary repair,29240,34400,39560,General/Other
1646,NU082,Operations for Epispadias-crippled epispadias,36040,42400,48760,General/Other
1647,NU083,Partial Amputation of the Penis,23800,28000,32200,General/Other
1648,NU084,Total amputation of the Penis,29240,34400,39560,General/Other
1649,NU085,Orchidectomy-Simple,18700,22000,25300,General/Other
1650,NU086,Epididymectomy,13600,16000,18400,General/Other
1651,NU087,Operations for Hydrocele - Unilateral,18700,22000,25300,General/Other
1652,NU088,Operations for Hydrocele - Bilateral,23800,28000,32200,General/Other
1653,NU089,Operation for Torsion of Testis,18700,22000,25300,General/Other
1654,NU090,Micro-surgical Vasovasostomy /Vaso epididymal anastomosis .,18700,22000,25300,General/Other
1655,NU091,Operations for Varicocele Unilateral Microsurgical,23800,28000,32200,General/Other
1656,NU092,Operations for Varicocele Palomo’s Unilateral -Laparoscopic,23800,28000,32200,General/Other
1657,NU093,Operations for Varicocele Bilateral --Microsurgical,29240,34400,39560,General/Other
1658,NU094,Operations for Varicocele Palomo’s Bilateral - Laparoscopic,29240,34400,39560,General/Other
1659,NU095,Excision of Filarial Scrotum,18700,22000,25300,General/Other
1660,NU096,Kidney Transplantation (related),254320,299200,344080,General/Other
1661,NU097,"Kidney Transplantation (Spousal/ unrelated) Including immunosuppressant
therapy",289000,340000,391000,General/Other
1662,NU098,Kidney Transplantation (Cadaver),238000,280000,322000,General/Other
1663,NU099,ABO incompatible Transplantation,408000,480000,552000,General/Other
1664,NU100,Kidney Transplant Graft Nephrectomy,55760,65600,75440,General/Other
1665,NU101,Donor Nephrectomy (Open),42840,50400,57960,General/Other
1666,NU102,Donor Nephrectomy (Laparoscopic),74800,88000,101200,General/Other
1667,NU103,"Post-Transplant Collection drainage for Lymphocele
(open)",6256,7360,8464,General/Other
1668,NU104,Post-Transplant Collection drainage for Lymphocele (percutaneous),9112,10720,12328,General/Other
1669,NU105,Post-Transplant Collection drainage for Lymphocele (Laparoscopic),13600,16000,18400,General/Other
1670,NU106,Arteriovenous Fistula for Haemodialysis,13600,16000,16000,General/Other
1671,NU107,Arteriovenous Shunt for Haemodialysis,13600,16000,16000,General/Other
1672,NU108,Jugular Catheterization for Haemodialysis,4080,4800,4800,General/Other
1673,NU109,Subclavian Catheterization for Haemodialysis,4080,4800,4800,General/Other
1674,NU110,One Sided (single Lumen) Femoral Catheterization for Haemodialysis,2720,3200,3200,General/Other
1675,NU111,Bilateral (single Lumen) Femoral Catheterization for Haemodialysis,4080,4800,4800,General/Other
1676,NU112,Double Lumen Femoral Catheterization for Haemodialysis,9112,10720,10720,General/Other
1677,NU113,Permcath Insertion excluding the cost of the catheter,5780,6800,6800,General/Other
1678,NU114,Arterio Venous Prosthetic Graft,29240,34400,39560,General/Other
1679,NU115,Single lumen Jugular Catheterization,3400,4000,4000,General/Other
1680,NU116,Single lumen Subclavian Catheterization,3400,4000,4000,General/Other
1681,NU117,Plasma Exchange/ Plasmapheresis,13600,16000,16000,General/Other
1682,NU118,"Continuous Ambulatory Peritoneal Dialysis (CAPD) catheter insertion- Open
method",13600,16000,16000,General/Other
1683,NU119,"Continuous Ambulatory Peritoneal Dialysis (CAPD) catheter insertion-
Schlendinger/ Seldinger method",13600,16000,16000,General/Other
1684,NU120,Sustained low efficiency haemodialysis /haemodialysis,6256,7360,7360,General/Other
1685,NU121,"Continuous Veno venous/Arteriovenous Haemofiltration /Haemofiltration/CRRT
per day",11560,13600,13600,General/Other
1686,NU122,"Haemodialysis / Haemodialysis for Sero negative cases including Dialyser and all
other Consumables",1700,2000,2000,General/Other
1687,NU123,"Haemodialysis / Haemodialysis for Sero Positive cases including Dialyser and all
other Consumables",2040,2400,2400,General/Other
1688,NU124,Acute Peritoneal Dialysis,3604,4240,4240,General/Other
1689,NU125,Peritoneal Dialysis,2448,2880,2880,General/Other
1690,NU126,Fistula stenosis dilation,9112,10720,10720,General/Other
1691,NU127,Slow continuous Ultrafiltration,5780,6800,6800,General/Other
1692,NU128,Percutaneous Nephrolithotomy (PCNL) - Unilateral,36040,42400,48760,General/Other
1693,NU129,Percutaneous Nephrolithotomy (PCNL) - Bilateral,42840,50400,57960,General/Other
1694,NU130,Endoscopic Bulking agent Inject (including cost of bulking agent),23800,28000,32200,General/Other
1695,NU131,Nephrostomy -Open,23800,28000,32200,General/Other
1696,NU132,Nephrostomy -Lap/Endoscopic,23800,28000,32200,General/Other
1697,NU133,Ureteric Reimplant for Megaureter/ Vesicoureteric reflux/ureterocele (Open),29240,34400,39560,General/Other
1698,NU134,"Ureteric Reimplant for Megaureter / Vesicoureteric reflux/ ureterocele
(Laparoscopic)",29240,34400,39560,General/Other
1699,NU135,Partial Cystectomy,36040,42400,48760,General/Other
1700,NU136,Transurethral Resection of Prostate (TURP) with Cystolithotripsy,42840,50400,57960,General/Other
1701,NU137,Closure of Urethral Fistula,23800,28000,32200,General/Other
1702,NU138,Orchidopexy - Unilateral -Open,23800,28000,32200,General/Other
1703,NU139,Orchidopexy - Unilateral- Lap/Endoscopic,29240,34400,39560,General/Other
1704,NU140,Orchidopexy - Bilateral -Open,29240,34400,39560,General/Other
1705,NU141,Orchidopexy - Bilateral -Lap/Endoscopic,36040,42400,48760,General/Other
1706,NU142,Cystolithotomy -Suprapubic,18700,22000,25300,General/Other
1707,NU143,Endoscopic Removal of Stone in Bladder,23800,28000,32200,General/Other
1708,NU144,"Resection Bladder Neck Endoscopic / Bladder neck incision / transurethral
incision on prostrate",29240,34400,39560,General/Other
1709,NU145,Ureteroscopic Surgery,23800,28000,32200,General/Other
1710,NU146,Urethroplasty 1st Stage,29240,34400,39560,General/Other
1711,NU147,Scrotal Exploration,18700,22000,25300,General/Other
1712,NU148,Perineal Urethrostomy,23800,28000,32200,General/Other
1713,NU149,Dilatation of Stricture Urethra under G.A.,3400,4000,4000,General/Other
1714,NU150,Laparoscopic pyelolithotomy,42840,50400,57960,General/Other
1715,NU151,Laparoscopic Pyeloplasty,42840,50400,57960,General/Other
1716,NU152,Laparoscopic surgery for Renal cyst,42840,50400,57960,General/Other
1717,NU153,Laparoscopic ureterolithotomy,42840,50400,57960,General/Other
1718,NU154,Laparoscopic Nephroureterectomy,36040,42400,48760,General/Other
1719,NU155,Extracorporeal Shock Wave Lithotripsy (ESWL),29240,34400,39560,General/Other
1720,NU156,Diagnostic Cystoscopy,5780,6800,6800,General/Other
1721,NU157,Cystoscopy with Retrograde Catheter -Unilateral/RGP,13600,16000,18400,General/Other
1722,NU158,Cystoscopy with Retrograde Catheter - Bilateral/RGP,18700,22000,25300,General/Other
1723,NU159,Retrograde Intrarenal Surgery (RIRS)/ Flexible Ureteroscopy,42840,50400,57960,General/Other
1724,NU160,Holmium YAG Prostate Surgery,51680,60800,69920,General/Other
1725,NU161,Holmium YAG Optical Internal Urethrotomy (OIU),29240,34400,39560,General/Other
1726,NU162,Holmium YAG Core through internal Urethrotomy,36040,42400,48760,General/Other
1727,NU163,Holmium YAG Stone Lithotripsy,51680,60800,69920,General/Other
1728,NU164,Green Light Laser for Prostate,51680,60800,69920,General/Other
1729,NU165,"Cystoscopic Botulinum Toxin Injection ( Over active bladder/ Neurogenic
bladder) -excluding cost of drug",9112,10720,10720,General/Other
1730,NU166,Peyronie’s Disease – Plaque excision with grafting,23800,28000,32200,General/Other
1731,NU167,Prosthetic Surgery for urinary incontinence,29240,34400,39560,General/Other
1732,NU168,Ultrasound Guided Percutaneous Nephrostomy (PCN),13600,16000,16000,General/Other
1733,NI001,Electroencephalogram (EEG)/ Video EEG,680,800,800,General/Other
1734,NI002,Electromyography (EMG),1020,1200,1200,General/Other
1735,NI003,"Nerve conduction velocity (NCV), -two or more limbs",1020,1200,1200,General/Other
1736,NI004,"Repetitive nerve stimulation (RNS)-Decremental response (before and after
neostigmine)",1020,1200,1200,General/Other
1737,NI005,Repetitive nerve stimulation (RNS)-Incremental response,1020,1200,1200,General/Other
1738,NI006,Somatosensory evoked potentials (SSEP),1020,1200,1200,General/Other
1739,NI007,Polysomnography (PSG) / Level I Sleep study including Room Rent and Titration,6120,7200,7200,General/Other
1740,NI008,Brachial plexus study,1020,1200,1200,General/Other
1741,NI009,RNS( Repetitive Nerve stimulation),1088,1280,1280,General/Other
1742,NS001,Lumbar Pressure Monitoring,6256,7360,7360,General/Other
1743,NS002,Brain Mapping,18700,22000,22000,General/Other
1744,NS003,Nerve Biopsy,13600,16000,16000,General/Other
1745,NS004,Brain Biopsy,29240,34400,34400,General/Other
1746,NS005,Craniotomy and Evacuation of Haematoma -Subdural,55760,65600,75440,General/Other
1747,NS006,Craniotomy and Evacuation of Haematoma - Extradural,55760,65600,75440,General/Other
1748,NS007,Evacuation /Excision of Brain Abscess by craniotomy,55760,65600,75440,General/Other
1749,NS008,Excision of Lobe (Frontal Temporal Cerebellum etc.),55760,65600,75440,General/Other
1750,NS009,Twist Drill Craniostomy,29240,34400,39560,General/Other
1751,NS010,Subdural Tapping,9112,10720,12328,General/Other
1752,NS011,Ventricular Tapping,23800,28000,32200,General/Other
1753,NS012,Brain Abscess Tapping,18700,22000,25300,General/Other
1754,NS013,Placement of Intracranial pressure (ICP) Monitor,18700,22000,25300,General/Other
1755,NS014,Skull Traction Application,6256,7360,8464,General/Other
1756,NS015,Vascular Malformations,65960,77600,89240,General/Other
1757,NS016,Meningoencephalocele excision and repair,51680,60800,69920,General/Other
1758,NS017,Meningomyelocele Repair,42840,50400,57960,General/Other
1759,NS018,CSF Rhinorrhoea Repair,42840,50400,57960,General/Other
1760,NS019,Cranioplasty,42840,50400,57960,General/Other
1761,NS020,Anterior Cervical Discectomy,42840,50400,57960,General/Other
1762,NS021,Brachial Plexus Exploration and neurotization,42840,50400,57960,General/Other
1763,NS022,Median Nerve Decompression,29240,34400,39560,General/Other
1764,NS023,Peripheral Nerve Surgery – Major,42840,50400,57960,General/Other
1765,NS024,Peripheral Nerve Surgery Minor,36040,42400,48760,General/Other
1766,NS025,Ventriculoatrial /Ventriculoperitoneal Shunt,36040,42400,48760,General/Other
1767,NS026,Anterior Cervical Spine Surgery with fusion,51680,60800,69920,General/Other
1768,NS027,Anterio Lateral Decompression of spine,55760,65600,75440,General/Other
1769,NS028,Cervical or Dorsal or Lumbar Laminectomy,36040,42400,48760,General/Other
1770,NS029,Combined Trans-Oral Surgery & Craniovertebral (CV) Junction Fusion,42840,50400,57960,General/Other
1771,NS030,Craniovertebral Junction (CVJ) Fusion procedures,51680,60800,69920,General/Other
1772,NS031,Depressed Fracture Elevation,36040,42400,48760,General/Other
1773,NS032,Lumbar Discectomy,42840,50400,57960,General/Other
1774,NS033,Endarterectomy (Carotid),42840,50400,57960,General/Other
1775,NS034,Radiofrequency (RF) Lesion for Trigeminal Neuralgia,36040,42400,48760,General/Other
1776,NS035,Spasticity Surgery,36040,42400,48760,General/Other
1777,NS036,Spinal Fusion Procedure,51680,60800,69920,General/Other
1778,NS037,Spinal Bifida Surgery Major,42840,50400,57960,General/Other
1779,NS038,Spinal Bifida Surgery Minor,36040,42400,48760,General/Other
1780,NS039,Stereotaxic Procedures- biopsy/aspiration of cyst,29240,34400,39560,General/Other
1781,NS040,Trans Sphenoidal Surgery,36040,42400,48760,General/Other
1782,NS041,Trans Oral Surgery,36040,42400,48760,General/Other
1783,NS042,"Implantation of Deep Brain Stimulation (DBS) -One electrode (as per guidelines
mentioned in OM.No.Z15025/44/2023/DIR/CGHS/EHS Dated 09.09.2024)",42840,50400,57960,General/Other
1784,NS043,"Implantation of Deep Brain Stimulation (DBS) -two electrodes (as per guidelines
mentioned in OM.No.Z15025/44/2023/DIR/CGHS/EHS Dated 09.09.2024)",51680,60800,69920,General/Other
1785,NS044,Endoscopic aqueductoplasty,36040,42400,48760,General/Other
1786,NS045,Facial nerve reconstruction,51680,60800,69920,General/Other
1787,NS046,Carotid Stenting excluding the cost of Stent,42840,50400,57960,General/Other
1788,NS047,Cervical disc arthroplasty,42840,50400,57960,General/Other
1789,NS048,Lumbar disc arthroplasty,36040,42400,48760,General/Other
1790,NS049,Corpus callostomy for Epilepsy,55760,65600,75440,General/Other
1791,NS050,Hemispherotomy for Epilepsy,55760,65600,75440,General/Other
1792,NS051,Endoscopic CSF rhinorrhoea repair,36040,42400,48760,General/Other
1793,NS052,Burr hole evacuation of chronic subdural haematoma,42840,50400,57960,General/Other
1794,NS053,Epilepsy surgery other than at Code No. NS049 and NS050,65960,77600,89240,General/Other
1795,NS054,Radiofrequency (RF) lesion for facet joint pain syndrome,42840,50400,57960,General/Other
1796,NS055,Cervical Laminoplasty,51680,60800,69920,General/Other
1797,NS056,Lateral mass C1-C2 screw fixation,51680,60800,69920,General/Other
1798,NS057,Microsurgical decompression for Trigeminal nerve,42840,50400,57960,General/Other
1799,NS058,Microsurgical decompression for hemifacial spasm,42840,50400,57960,General/Other
1800,NS059,Extracranial-Intracranial Bypass Procedures (EC-IC) bypass procedures,42840,50400,57960,General/Other
1801,NS060,Image Guided Craniotomy,55760,65600,75440,General/Other
1802,NS061,"Baclofen pump implantation lesioning for movement disorder including
Parkinsonism/Spinal Cord Stimulator Implantation",51680,60800,69920,General/Other
1803,NS062,Programmable Ventriculo-Peritoneal (VP) shunt excluding the cost of the Device,42840,50400,57960,General/Other
1804,NS063,Endoscopic Sympathectomy,42840,50400,57960,General/Other
1805,NS064,Lumbar Puncture,2040,2400,2400,General/Other
1806,NS065,External Ventricular Drainage (EVD),18700,22000,25300,General/Other
1807,NS066,Endoscopic 3rd ventriculostomy,36040,42400,48760,General/Other
1808,NS067,Endoscopic cranial surgery/Biopsy/aspiration,42840,50400,57960,General/Other
1809,NS068,"Endoscopic discectomy (Lumbar, Cervical)",42840,50400,57960,General/Other
1810,NS069,Aneurysm coiling (Endovascular),42840,50400,57960,General/Other
1811,NS070,Surgery for Skull Fractures,51680,60800,69920,General/Other
1812,NS071,Carpel Tunnel decompression,29240,34400,39560,General/Other
1813,NS072,Clipping of intracranial aneurysm,55760,65600,75440,General/Other
1814,NS073,Surgery for intracranial Arteriovenous malformations (AVM),65960,77600,89240,General/Other
1815,NS074,Foramen magnum decompression for Chiari Malformation,87720,103200,118680,General/Other
1816,NS075,Dorsal column stimulation for backache in failed back syndrome,42840,50400,57960,General/Other
1817,NS076,Surgery for recurrent disc prolapse/epidural fibrosis,42840,50400,57960,General/Other
1818,NS077,"Decompressive craniotomy for hemispherical acute subdural haematoma/ brain
swelling/large infarct",55760,65600,75440,General/Other
1819,NS078,"Intra-arterial thrombolysis with Tissue Plasminogen Activator (TPA) (for
ischemic stroke )",23800,28000,32200,General/Other
1820,NS079,Stereotactic aspiration of intracerebral haematoma,51680,60800,69920,General/Other
1821,NS080,Endoscopic aspiration of intracerebellar haematoma,51680,60800,69920,General/Other
1822,NS081,Stereotactic Radiosurgery for brain pathology (X knife/Gamma) - ONE session,36040,42400,48760,General/Other
1823,NS082,"Stereotactic Radiosurgery for brain pathology (X knife / Gamma knife -Two or
more sessions)",51680,60800,69920,General/Other
1824,NS083,Battery Placement for Deep Brain Stimulation (DBS),23800,28000,32200,General/Other
1825,NS084,Baclofen pump implantation for spasticity/Intra-thecal Pump Implantation,23800,28000,32200,General/Other
1826,NS085,Surgery for Scalp Arteriovenous Malformations (AVMs),42840,50400,57960,General/Other
1827,NS086,Kyphoplasty excluding the cost of implants,36040,42400,48760,General/Other
1828,NS087,Balloon Kyphoplasty,42840,50400,57960,General/Other
1829,NS088,"Lesioning procedures for Parkinson’s disease,Dystonia etc.",36040,42400,48760,General/Other
1830,OR001,Joints Aspiration,1088,1280,1280,General/Other
1831,OR002,Plaster Work,3400,4000,4000,General/Other
1832,OR003,Fingers (post slab),680,800,800,General/Other
1833,OR004,Fingers full plaster,1020,1200,1200,General/Other
1834,OR005,Colles Fracture - Below elbow,4080,4800,4800,General/Other
1835,OR006,Colles Fracture - Full plaster,3060,3600,3600,General/Other
1836,OR007,Colles fracture Ant. Or post. slab,2040,2400,2400,General/Other
1837,OR008,Above elbow full plaster,2720,3200,3200,General/Other
1838,OR009,Above Knee post-slab,2040,2400,2400,General/Other
1839,OR010,Below Knee full plaster,2720,3200,3200,General/Other
1840,OR011,Below Knee post-slab,3400,4000,4000,General/Other
1841,OR012,Tube Plaster (or plaster cylinder),3400,4000,4000,General/Other
1842,OR013,Above knee full plaster,3400,4000,4000,General/Other
1843,OR014,Above knee full slab,2380,2800,2800,General/Other
1844,OR015,Minerva Jacket,6256,7360,7360,General/Other
1845,OR016,Plaster Jacket,4080,4800,4800,General/Other
1846,OR017,Shoulder spica,5780,6800,6800,General/Other
1847,OR018,Single Hip spica,4760,5600,5600,General/Other
1848,OR019,Double Hip spica,5780,6800,6800,General/Other
1849,OR020,Strapping of Finger,340,400,400,General/Other
1850,OR021,Strapping of Toes,408,480,480,General/Other
1851,OR022,Strapping of Wrist,510,600,600,General/Other
1852,OR023,Strapping of Elbow,1020,1200,1200,General/Other
1853,OR024,Strapping of Knee,680,800,800,General/Other
1854,OR025,Strapping of Ankle,544,640,640,General/Other
1855,OR026,Strapping of Chest,1020,1200,1200,General/Other
1856,OR027,Strapping of Shoulder,1020,1200,1200,General/Other
1857,OR028,Figure of 8 bandage,680,800,800,General/Other
1858,OR029,Collar and cuff sling,340,400,400,General/Other
1859,OR030,Ball bandage,544,640,640,General/Other
1860,OR031,Application of POP Casts for Upper & Lower Limbs,4080,4800,4800,General/Other
1861,OR032,Application of Functional Cast Brace,2720,3200,3200,General/Other
1862,OR033,Application of Skin Traction,1700,2000,2000,General/Other
1863,OR034,Application of Skeletal Tractions,4080,4800,4800,General/Other
1864,OR035,Bandage & Strappings for Fractures,1360,1600,1600,General/Other
1865,OR036,Aspiration & Intra Articular Injections,3400,4000,4000,General/Other
1866,OR037,Application of POP Spices & Jackets,4080,4800,4800,General/Other
1867,OR038,Close Reduction of Fractures of Limb & POP,9112,10720,10720,General/Other
1868,OR039,Open Reduction & Internal Fixation (ORIF) of Fingers & Toes,13600,16000,16000,General/Other
1869,OR040,"Open Reduction of fracture of Long Bones of Upper / Lower Limb -Nailing &
External Fixation",29240,34400,34400,General/Other
1870,OR041,"Open Reduction of fracture of Long Bones of Upper /Lower Limb -AO
Procedures",29240,34400,34400,General/Other
1871,OR042,Tension Band Wirings,18700,22000,22000,General/Other
1872,OR043,Bone Grafting,18700,22000,22000,General/Other
1873,OR044,Excision or other Operations for Scaphoid Fractures,23800,28000,28000,General/Other
1874,OR045,Sequestrectomy & Saucerisation,23800,28000,28000,General/Other
1875,OR046,Sequestrectomy & Saucerizations -Arthrotomy,23800,28000,28000,General/Other
1876,OR047,Multiple Pinning Fracture Neck Femur,36040,42400,42400,General/Other
1877,OR048,Plate Fixations for Fracture Neck Femur,36040,42400,42400,General/Other
1878,OR049,AO Compression Procedures for Fracture Neck Femur,36040,42400,42400,General/Other
1879,OR050,"Open Reduction of Fracture Neck Femur Muscle Pedicle Graft and Internal
Fixations",36040,42400,42400,General/Other
1880,OR051,Close Reduction of Dislocations,13600,16000,16000,General/Other
1881,OR052,Open Reduction of Dislocations,23800,28000,28000,General/Other
1882,OR053,Open Reduction & Internal Fixation (ORIF) of Fracture Dislocation,29240,34400,34400,General/Other
1883,OR054,Neurolysis/Nerve repair,29240,34400,34400,General/Other
1884,OR055,Nerve Repair with Grafting,42840,50400,50400,General/Other
1885,OR056,Tendon with Transplant or Graft,29240,34400,34400,General/Other
1886,OR057,Tendon Lengthening/Tendon repair,18700,22000,22000,General/Other
1887,OR058,Tendon Transfer,23800,28000,28000,General/Other
1888,OR059,Split Osteotomy and Internal Fixations,36040,42400,42400,General/Other
1889,OR060,Anterolateral decompression for tuberculosis/ Costo-Transversectomy,29240,34400,34400,General/Other
1890,OR061,Anterolateral Decompression and Spine Fusion,42840,50400,50400,General/Other
1891,OR062,Corrective Osteotomy & Internal Fixation- short bones,23800,28000,28000,General/Other
1892,OR063,Corrective Osteotomy & Internal Fixation- long bones,29240,34400,34400,General/Other
1893,OR064,Arthrodesis of - Minor Joints,23800,28000,28000,General/Other
1894,OR065,Arthrodesis of - Major Joints,29240,34400,34400,General/Other
1895,OR066,Soft Tissue Operations for Congenital Talipes Equinovarus (CTEV),23800,28000,28000,General/Other
1896,OR067,Hemiarthroplasty- Hip,42840,50400,50400,General/Other
1897,OR068,Hemiarthroplasty- Shoulder,36040,42400,42400,General/Other
1898,OR069,Operations for Brachial Plexus & Cervical Rib,51680,60800,60800,General/Other
1899,OR070,Amputations - Below Knee,29240,34400,34400,General/Other
1900,OR071,Amputations - Below Elbow,23800,28000,28000,General/Other
1901,OR072,Amputations - Above Knee,36040,42400,42400,General/Other
1902,OR073,Amputations - Above Elbow,29240,34400,34400,General/Other
1903,OR074,Amputations - Forequarter,42840,50400,50400,General/Other
1904,OR075,Amputations -Hind Quarter and Hemipelvectomy,51680,60800,60800,General/Other
1905,OR076,Disarticulations - Major joint,29240,34400,34400,General/Other
1906,OR077,Disarticulations - Minor joint,23800,28000,28000,General/Other
1907,OR078,Arthrography,13600,16000,16000,General/Other
1908,OR079,Arthroscopy - Diagnostic,23800,28000,28000,General/Other
1909,OR080,Arthroscopy-therapeutic: without implant,29240,34400,34400,General/Other
1910,OR081,Arthroscopy-therapeutic: with implant,36040,42400,42400,General/Other
1911,OR082,Soft Tissue Operation on Joints -Small,18700,22000,22000,General/Other
1912,OR083,Soft Tissue Operation on Joints -Large,29240,34400,34400,General/Other
1913,OR084,Myocutaneous and Fasciocutaneous Flap Procedures for Limbs,36040,42400,42400,General/Other
1914,OR085,Removal of Wires & Screw,9112,10720,10720,General/Other
1915,OR086,Removal of Plates,18700,22000,22000,General/Other
1916,OR087,Total Hip Replacement (THR),87720,103200,118680,General/Other
1917,OR088,Total Ankle Joint Replacement (TAR) - Unilateral,87720,103200,118680,General/Other
1918,OR089,Total Knee Joint Replacement (TKR) - Unilateral,103360,121600,139840,General/Other
1919,OR090,Total Shoulder Joint Replacement - Unilateral,87720,103200,118680,General/Other
1920,OR091,Total Elbow Joint Replacement - Unilateral,74800,88000,101200,General/Other
1921,OR092,Total Wrist Joint Replacement - Unilateral,87720,103200,118680,General/Other
1922,OR093,Total Finger Joint Replacement,42840,50400,57960,General/Other
1923,OR094,Tubular external fixator,23800,28000,28000,General/Other
1924,OR095,Ilizarov's External Fixator,36040,42400,42400,General/Other
1925,OR096,Pelvi-acetabular fracture -Internal fixation,42840,50400,50400,General/Other
1926,OR097,Meniscectomy,36040,42400,42400,General/Other
1927,OR098,Meniscus Repair,42840,50400,50400,General/Other
1928,OR099,Anterior Cruciate Ligament (ACL) Reconstruction,42840,50400,50400,General/Other
1929,OR100,Posterior Cruciate Ligament (PCL) Reconstruction,51680,60800,60800,General/Other
1930,OR101,Knee Collateral Ligament Reconstruction,51680,60800,60800,General/Other
1931,OR102,Bankart Repair Shoulder,42840,50400,50400,General/Other
1932,OR103,Rotator cuff repair / RC repair,42840,50400,50400,General/Other
1933,OR104,Biceps Tenodesis,36040,42400,42400,General/Other
1934,OR105,Distal biceps tendon repair,36040,42400,42400,General/Other
1935,OR106,Arthrolysis of knee,36040,42400,42400,General/Other
1936,OR107,Capsulotomy of Shoulder,36040,42400,42400,General/Other
1937,OR108,Conservative Plaster of Paris (POP),2720,3200,3200,General/Other
1938,OR109,Application for CTEV per sitting,5780,6800,6800,General/Other
1939,OR110,Total Hip Replacement (THR) Revision Stage-I,65960,77600,89240,General/Other
1940,OR111,Total Hip Replacement (THR) Revision Stage-II,87720,103200,118680,General/Other
1941,OR112,Total Knee Replacement (TKR) Revision Stage-I,65960,77600,89240,General/Other
1942,OR113,Total Knee Replacement (TKR) Revision Stage-II,87720,103200,118680,General/Other
1943,OR114,Illizarov/ external fixation for limb lengthening/deformity correction,42840,50400,50400,General/Other
1944,OR115,Discectomy/ Micro Discectomy,55760,65600,65600,General/Other
1945,OR116,Spinal Fixation Cervical/dorsolumbar/ lumbosacral,103360,121600,121600,General/Other
1946,OR117,Fusion Surgery Cervical/ Lumbar Spine up to 2 Level,42840,50400,50400,General/Other
1947,OR118,Spinal Fusion Surgery Cervical/ Lumbar Spine -More than 2 Level,55760,65600,65600,General/Other
1948,OR119,Scoliosis Surgery/ Deformity Correction of Spine,65960,77600,77600,General/Other
1949,OR120,Vertebroplasty,51680,60800,60800,General/Other
1950,OR121,Spinal Injections,3400,4000,4000,General/Other
1951,OR122,Dynamic Hip Screw (DHS) for Fracture Neck Femur,36040,42400,42400,General/Other
1952,OR123,Proximal Femur Nail (PFN) for IT fracture (Intertrochanteric Fractures),36040,42400,42400,General/Other
1953,OR124,Spinal Osteotomy,36040,42400,42400,General/Other
1954,OR125,Illizarov’s / External Fixation for Trauma,36040,42400,42400,General/Other
1955,OR126,Soft Tissue Operations for Polio/ Cerebral Palsy,23800,28000,28000,General/Other
1956,OR127,Mini Fixator for Hand/Foot,23800,28000,28000,General/Other
1957,BP001,Injection of Keloids - Ganglion,2720,3200,3200,Burns and Plastic Surgery
1958,BP002,Injection of Keloids - Haemangioma,2720,3200,3200,Burns and Plastic Surgery
1959,BP003,Free Grafts - Wolfe Grafts,13600,16000,18400,Burns and Plastic Surgery
1960,BP004,Free Grafts - Thiersch- Small Area 5%,13600,16000,18400,Burns and Plastic Surgery
1961,BP005,Free Grafts - Large Area 10%,23800,28000,32200,Burns and Plastic Surgery
1962,BP006,Free Grafts - Very Large Area 20% and above.,29240,34400,39560,Burns and Plastic Surgery
1963,BP007,Skin Flaps - Rotation Flaps,18700,22000,25300,Burns and Plastic Surgery
1964,BP008,Skin Flaps - Advancement Flaps,23800,28000,32200,Burns and Plastic Surgery
1965,BP009,Skin Flaps - Direct- cross Leg Flaps- Cross Arm Flap,29240,34400,39560,Burns and Plastic Surgery
1966,BP010,Skin Flaps - Cross Finger,23800,28000,32200,Burns and Plastic Surgery
1967,BP011,Skin Flaps - Abdominal,23800,28000,32200,Burns and Plastic Surgery
1968,BP012,Skin Flaps - Thoracic,18700,22000,25300,Burns and Plastic Surgery
1969,BP013,Skin Flaps - Arm Etc.,18700,22000,25300,Burns and Plastic Surgery
1970,BP014,Subcutaneous Pedicle Flaps Raising,18700,22000,25300,Burns and Plastic Surgery
1971,BP015,Subcutaneous Pedicle Flaps Delay,18700,22000,25300,Burns and Plastic Surgery
1972,BP016,Subcutaneous Pedicle Flaps Transfer,18700,22000,25300,Burns and Plastic Surgery
1973,BP017,Cartilage Grafting,29240,34400,39560,Burns and Plastic Surgery
1974,BP018,Cleft Lip - Repair.,23800,28000,32200,Burns and Plastic Surgery
1975,BP019,Cleft Palate Repair,29240,34400,39560,Burns and Plastic Surgery
1976,BP020,Primary Bone Grafting for Alveolar Cleft in Cleft Lip,29240,34400,39560,Burns and Plastic Surgery
1977,BP021,Secondary Surgery for Cleft Lip Deformity,29240,34400,39560,Burns and Plastic Surgery
1978,BP022,Secondary Surgery for Cleft Palate,29240,34400,39560,Burns and Plastic Surgery
1979,BP023,Reconstruction of Eyelid Defects - Minor,18700,22000,25300,Burns and Plastic Surgery
1980,BP024,Reconstruction of Eyelid Defects - Major,23800,28000,32200,Burns and Plastic Surgery
1981,BP025,Plastic Surgery of Different Regions of the Ear -Minor,23800,28000,32200,Burns and Plastic Surgery
1982,BP026,Plastic Surgery of Different Regions of the Ear -Major,29240,34400,39560,Burns and Plastic Surgery
1983,BP027,Plastic Surgery of the Nose - Minor,18700,22000,25300,Burns and Plastic Surgery
1984,BP028,Plastic Surgery of the Nose - Major,29240,34400,39560,Burns and Plastic Surgery
1985,BP029,Plastic Surgery for Facial Paralysis (Support with Reanimation),29240,34400,39560,Burns and Plastic Surgery
1986,BP030,After Mastectomy (Reconstruction) Mammoplasty,29240,34400,39560,Burns and Plastic Surgery
1987,BP031,Syndactyly Repair,23800,28000,32200,Burns and Plastic Surgery
1988,BP032,Dermabrasion Face,29240,34400,39560,Burns and Plastic Surgery
1989,BP033,Flap Reconstructive Surgery - Head and Neck,42840,50400,57960,Burns and Plastic Surgery
1990,BP034,up to 30% Burns 1st Dressing,2040,2400,2400,Burns and Plastic Surgery
1991,BP035,up to 30% Burns Subsequent Dressing,1700,2000,2000,Burns and Plastic Surgery
1992,BP036,30% to 50% Burns 1st Dressing,3400,4000,4000,Burns and Plastic Surgery
1993,BP037,30% to 50% Burns Subsequent Dressing,2380,2800,2800,Burns and Plastic Surgery
1994,BP038,Extensive Burn -above 50% Frist Dressing,4080,4800,4800,Burns and Plastic Surgery
1995,BP039,Extensive Burn -above 50% Subsequent dressing,2380,2800,2800,Burns and Plastic Surgery
1996,BP040,VAC Therapy/Dressing including all Consumables,6800,8000,8000,Burns and Plastic Surgery
1997,HC001,"Annual Health Check-up - CCS Group A Officer of above 40 years of age /
Pensioner primary card holder 75 years of age and above–Male,",2000,2000,2000,General/Other
1998,HC002,"Annual Health Check-up - CCS Group A Officer of above 40 years of age /
Pensioner primary card holder 75 years of age and above - Female",2200,2200,2200,General/Other
